
 /----------------------------------------------------------------------------\
 |  yosys -- Yosys Open SYnthesis Suite                                       |
 |  Copyright (C) 2012 - 2026  Claire Xenia Wolf <claire@yosyshq.com>         |
 |  Distributed under an ISC-like license, type "license" to see terms        |
 \----------------------------------------------------------------------------/
 Yosys 0.67+94 (git sha1 7defa5186-dirty, Release, Clang /usr/bin/clang++ 18.1.8)

-- Running command `read_verilog /home/toshn/slacksmith_work/depth_tv80/run1/gates/O1/gate.v; hierarchy -check -top tv80_mcode_gate; synth -top tv80_mcode_gate; stat' --

1. Executing Verilog-2005 frontend: /home/toshn/slacksmith_work/depth_tv80/run1/gates/O1/gate.v
Parsing Verilog input from `/home/toshn/slacksmith_work/depth_tv80/run1/gates/O1/gate.v' to AST representation.
Warning: Encountered `translate_off' comment! Such legacy hot comments are supported by Yosys, but are not part of any formal language specification. Using a portable and standards-compliant construct such as `ifdef is recommended!
Generating RTLIL representation for module `\tv80s_gate'.
Generating RTLIL representation for module `\tv80_core_gate'.
Note: Assuming pure combinatorial block at /home/toshn/slacksmith_work/depth_tv80/run1/gates/O1/gate.v:490.3-513.8 in
compliance with IEC 62142(E):2005 / IEEE Std. 1364.1(E):2002. Recommending
use of @* instead of @(...) for better match of synthesis and simulation.
Note: Assuming pure combinatorial block at /home/toshn/slacksmith_work/depth_tv80/run1/gates/O1/gate.v:516.3-540.8 in
compliance with IEC 62142(E):2005 / IEEE Std. 1364.1(E):2002. Recommending
use of @* instead of @(...) for better match of synthesis and simulation.
Note: Assuming pure combinatorial block at /home/toshn/slacksmith_work/depth_tv80/run1/gates/O1/gate.v:1105.3-1123.8 in
compliance with IEC 62142(E):2005 / IEEE Std. 1364.1(E):2002. Recommending
use of @* instead of @(...) for better match of synthesis and simulation.
Note: Assuming pure combinatorial block at /home/toshn/slacksmith_work/depth_tv80/run1/gates/O1/gate.v:1126.3-1164.8 in
compliance with IEC 62142(E):2005 / IEEE Std. 1364.1(E):2002. Recommending
use of @* instead of @(...) for better match of synthesis and simulation.
Note: Assuming pure combinatorial block at /home/toshn/slacksmith_work/depth_tv80/run1/gates/O1/gate.v:1167.3-1188.8 in
compliance with IEC 62142(E):2005 / IEEE Std. 1364.1(E):2002. Recommending
use of @* instead of @(...) for better match of synthesis and simulation.
Note: Assuming pure combinatorial block at /home/toshn/slacksmith_work/depth_tv80/run1/gates/O1/gate.v:1312.3-1324.8 in
compliance with IEC 62142(E):2005 / IEEE Std. 1364.1(E):2002. Recommending
use of @* instead of @(...) for better match of synthesis and simulation.
Note: Assuming pure combinatorial block at /home/toshn/slacksmith_work/depth_tv80/run1/gates/O1/gate.v:1507.3-1547.8 in
compliance with IEC 62142(E):2005 / IEEE Std. 1364.1(E):2002. Recommending
use of @* instead of @(...) for better match of synthesis and simulation.
Note: Assuming pure combinatorial block at /home/toshn/slacksmith_work/depth_tv80/run1/gates/O1/gate.v:1550.3-1560.8 in
compliance with IEC 62142(E):2005 / IEEE Std. 1364.1(E):2002. Recommending
use of @* instead of @(...) for better match of synthesis and simulation.
Generating RTLIL representation for module `\tv80_alu_gate'.
Note: Assuming pure combinatorial block at /home/toshn/slacksmith_work/depth_tv80/run1/gates/O1/gate.v:1662.3-1686.8 in
compliance with IEC 62142(E):2005 / IEEE Std. 1364.1(E):2002. Recommending
use of @* instead of @(...) for better match of synthesis and simulation.
Note: Assuming pure combinatorial block at /home/toshn/slacksmith_work/depth_tv80/run1/gates/O1/gate.v:1691.3-2012.8 in
compliance with IEC 62142(E):2005 / IEEE Std. 1364.1(E):2002. Recommending
use of @* instead of @(...) for better match of synthesis and simulation.
Generating RTLIL representation for module `\tv80_reg_gate'.
Generating RTLIL representation for module `\tv80_mcode_gate'.
Note: Assuming pure combinatorial block at /home/toshn/slacksmith_work/depth_tv80/run1/gates/O1/gate.v:2299.3-4756.8 in
compliance with IEC 62142(E):2005 / IEEE Std. 1364.1(E):2002. Recommending
use of @* instead of @(...) for better match of synthesis and simulation.
Successfully finished Verilog frontend.

2. Executing HIERARCHY pass (managing design hierarchy).

2.1. Analyzing design hierarchy..
Top module:  \tv80_mcode_gate

2.2. Analyzing design hierarchy..
Top module:  \tv80_mcode_gate
Removing unused module `\tv80_reg_gate'.
Removing unused module `\tv80_alu_gate'.
Removing unused module `\tv80_core_gate'.
Removing unused module `\tv80s_gate'.
Removed 4 unused modules.

3. Executing SYNTH pass.

3.1. Executing HIERARCHY pass (managing design hierarchy).

3.1.1. Analyzing design hierarchy..
Top module:  \tv80_mcode_gate

3.1.2. Analyzing design hierarchy..
Top module:  \tv80_mcode_gate
Removed 0 unused modules.

3.2. Executing PROC pass (convert processes to netlists).

3.2.1. Executing PROC_CLEAN pass (remove empty switches from decision trees).
Found and cleaned up 26 empty switches in `\tv80_mcode_gate.$proc$/home/toshn/slacksmith_work/depth_tv80/run1/gates/O1/gate.v:2299$506'.
Cleaned up 26 empty switches.

3.2.2. Executing PROC_RMDEAD pass (remove dead branches from decision trees).
Removed 8 dead cases from process $proc$/home/toshn/slacksmith_work/depth_tv80/run1/gates/O1/gate.v:2299$506 in module tv80_mcode_gate.
Marked 128 switch rules as full_case in process $proc$/home/toshn/slacksmith_work/depth_tv80/run1/gates/O1/gate.v:2299$506 in module tv80_mcode_gate.
Removed a total of 8 dead cases.

3.2.3. Executing PROC_PRUNE pass (remove redundant assignments in processes).
Removed 0 redundant assignments.
Promoted 58 assignments to connections.

3.2.4. Executing PROC_INIT pass (extract init attributes).

3.2.5. Executing PROC_ARST pass (detect async resets in processes).

3.2.6. Executing PROC_ROM pass (convert switches to ROMs).
Converted 0 switches.
<suppressed ~128 debug messages>

3.2.7. Executing PROC_MUX pass (convert decision trees to multiplexers).
Creating decoders for process `\tv80_mcode_gate.$proc$/home/toshn/slacksmith_work/depth_tv80/run1/gates/O1/gate.v:2299$506'.
     1/831: $73\Set_BusB_To[3:0] [3]
     2/831: $24\NoRead[0:0]
     3/831: $79\Set_Addr_To[2:0]
     4/831: $46\TStates[2:0]
     5/831: $73\Set_BusB_To[3:0] [2:0]
     6/831: $52\Inc_PC[0:0]
     7/831: $77\Set_Addr_To[2:0]
     8/831: $51\Inc_PC[0:0]
     9/831: $23\NoRead[0:0]
    10/831: $45\TStates[2:0]
    11/831: $78\Set_Addr_To[2:0]
    12/831: $22\NoRead[0:0]
    13/831: $44\TStates[2:0]
    14/831: $76\Set_Addr_To[2:0]
    15/831: $72\Set_BusB_To[3:0]
    16/831: $50\Inc_PC[0:0]
    17/831: $34\Set_BusA_To[3:0] [3]
    18/831: $29\IncDec_16[3:0]
    19/831: $31\ALU_Op[3:0]
    20/831: $31\Save_ALU[0:0]
    21/831: $46\Read_To_Reg[0:0]
    22/831: $47\Set_BusA_To[3:0]
    23/831: $71\Set_BusB_To[3:0]
    24/831: $75\Set_Addr_To[2:0]
    25/831: $43\TStates[2:0]
    26/831: $50\Write[0:0]
    27/831: $21\NoRead[0:0]
    28/831: $15\IORQ[0:0]
    29/831: $4\I_BTR[0:0]
    30/831: $28\IncDec_16[3:0]
    31/831: $34\Set_BusA_To[3:0] [2:0]
    32/831: $30\ALU_Op[3:0]
    33/831: $30\Save_ALU[0:0]
    34/831: $45\Read_To_Reg[0:0]
    35/831: $46\Set_BusA_To[3:0]
    36/831: $70\Set_BusB_To[3:0]
    37/831: $74\Set_Addr_To[2:0]
    38/831: $49\Write[0:0]
    39/831: $20\NoRead[0:0]
    40/831: $14\IORQ[0:0]
    41/831: $42\TStates[2:0]
    42/831: $3\I_BTR[0:0]
    43/831: $26\IncDec_16[3:0]
    44/831: $54\Set_BusB_To[3:0] [3]
    45/831: $68\Set_BusB_To[3:0] [2:0]
    46/831: $69\Set_BusB_To[3:3]
    47/831: $73\Set_Addr_To[2:0]
    48/831: $48\Write[0:0]
    49/831: $13\IORQ[0:0]
    50/831: $27\IncDec_16[3:0]
    51/831: $44\Read_To_Reg[0:0]
    52/831: $72\Set_Addr_To[2:0]
    53/831: $12\IORQ[0:0]
    54/831: $3\I_INRC[0:0]
    55/831: $44\Set_BusA_To[2:0]
    56/831: $43\Read_To_Reg[0:0]
    57/831: $68\Set_BusB_To[3:0] [3]
    58/831: $3\I_RETN[0:0]
    59/831: $31\LDZ[0:0]
    60/831: $14\Jump[0:0]
    61/831: $25\IncDec_16[3:0]
    62/831: $30\IncDec_16[3:0]
    63/831: $47\Write[0:0]
    64/831: $41\TStates[2:0]
    65/831: $3\I_RRD[0:0]
    66/831: $29\Save_ALU[0:0]
    67/831: $29\ALU_Op[3:0]
    68/831: $43\Set_BusA_To[2:0]
    69/831: $67\Set_BusB_To[2:0]
    70/831: $42\Read_To_Reg[0:0]
    71/831: $69\Set_Addr_To[2:0]
    72/831: $19\NoRead[0:0]
    73/831: $46\Write[0:0]
    74/831: $40\TStates[2:0]
    75/831: $3\I_RLD[0:0]
    76/831: $28\Save_ALU[0:0]
    77/831: $28\ALU_Op[3:0]
    78/831: $42\Set_BusA_To[2:0]
    79/831: $66\Set_BusB_To[2:0]
    80/831: $41\Read_To_Reg[0:0]
    81/831: $71\Set_Addr_To[2:0]
    82/831: $70\Set_Addr_To[2:0]
    83/831: $65\Set_BusB_To[3:0] [0]
    84/831: $65\Set_BusB_To[3:0] [2:1]
    85/831: $64\Set_BusB_To[3:0] [3]
    86/831: $64\Set_BusB_To[3:0] [0]
    87/831: $64\Set_BusB_To[3:0] [2:1]
    88/831: $39\TStates[2:0]
    89/831: $63\Set_BusB_To[3:0]
    90/831: $41\Set_BusA_To[2:0]
    91/831: $27\Save_ALU[0:0]
    92/831: $40\Read_To_Reg[0:0]
    93/831: $27\ALU_Op[3:0]
    94/831: $18\NoRead[0:0]
    95/831: $62\Set_BusB_To[3:0] [3]
    96/831: $62\Set_BusB_To[3:0] [0]
    97/831: $62\Set_BusB_To[3:0] [2:1]
    98/831: $61\Set_BusB_To[3:0] [3]
    99/831: $61\Set_BusB_To[3:0] [0]
   100/831: $61\Set_BusB_To[3:0] [2:1]
   101/831: $38\TStates[2:0]
   102/831: $60\Set_BusB_To[3:0]
   103/831: $40\Set_BusA_To[2:0]
   104/831: $26\Save_ALU[0:0]
   105/831: $39\Read_To_Reg[0:0]
   106/831: $26\ALU_Op[3:0]
   107/831: $17\NoRead[0:0]
   108/831: $45\Set_BusA_To[2:0]
   109/831: $23\IncDec_16[3:0]
   110/831: $68\Set_Addr_To[2:0]
   111/831: $16\NoRead[0:0]
   112/831: $37\TStates[2:0]
   113/831: $3\I_BC[0:0]
   114/831: $8\PreserveC[0:0]
   115/831: $25\Save_ALU[0:0]
   116/831: $25\ALU_Op[3:0]
   117/831: $39\Set_BusA_To[2:0]
   118/831: $59\Set_BusB_To[3:0]
   119/831: $22\IncDec_16[3:0]
   120/831: $21\IncDec_16[3:0]
   121/831: $20\IncDec_16[3:0]
   122/831: $67\Set_Addr_To[2:0]
   123/831: $45\Write[0:0]
   124/831: $15\NoRead[0:0]
   125/831: $36\TStates[2:0]
   126/831: $3\I_BT[0:0]
   127/831: $24\ALU_Op[3:0]
   128/831: $38\Set_BusA_To[2:0]
   129/831: $58\Set_BusB_To[3:0]
   130/831: $54\Set_BusB_To[3:0] [2:0]
   131/831: $24\IncDec_16[3:0]
   132/831: $57\Set_BusB_To[3:0] [2:1]
   133/831: $57\Set_BusB_To[3:0] [0]
   134/831: $56\Set_BusB_To[3:0] [3]
   135/831: $56\Set_BusB_To[3:0] [2:1]
   136/831: $56\Set_BusB_To[3:0] [0]
   137/831: $30\LDZ[0:0]
   138/831: $49\Inc_PC[0:0]
   139/831: $44\Write[0:0]
   140/831: $15\LDW[0:0]
   141/831: $66\Set_Addr_To[2:0]
   142/831: $55\Set_BusB_To[3:0]
   143/831: $12\Inc_WZ[0:0]
   144/831: $37\Set_BusA_To[3:0] [2:1]
   145/831: $37\Set_BusA_To[3:0] [0]
   146/831: $37\Set_BusA_To[3:0] [3]
   147/831: $36\Set_BusA_To[3:0] [2:1]
   148/831: $36\Set_BusA_To[3:0] [0]
   149/831: $36\Set_BusA_To[3:0] [3]
   150/831: $29\LDZ[0:0]
   151/831: $48\Inc_PC[0:0]
   152/831: $14\LDW[0:0]
   153/831: $65\Set_Addr_To[2:0]
   154/831: $35\Set_BusA_To[3:0]
   155/831: $38\Read_To_Reg[0:0]
   156/831: $11\Inc_WZ[0:0]
   157/831: $35\TStates[2:0]
   158/831: $2\Special_LD[2:0]
   159/831: $43\Write[0:0]
   160/831: $14\NoRead[0:0]
   161/831: $11\IORQ[0:0]
   162/831: $35\MCycles[2:0]
   163/831: $2\IMode[1:0]
   164/831: $2\I_INRC[0:0]
   165/831: $2\I_RRD[0:0]
   166/831: $2\I_RLD[0:0]
   167/831: $2\I_BTR[0:0]
   168/831: $2\I_BC[0:0]
   169/831: $2\I_BT[0:0]
   170/831: $2\I_RETN[0:0]
   171/831: $13\LDW[0:0]
   172/831: $28\LDZ[0:0]
   173/831: $13\Jump[0:0]
   174/831: $64\Set_Addr_To[2:0]
   175/831: $7\PreserveC[0:0]
   176/831: $24\Save_ALU[0:0]
   177/831: $23\ALU_Op[3:0]
   178/831: $57\Set_BusB_To[3:0] [3]
   179/831: $65\Set_BusB_To[3:0] [3]
   180/831: $37\Read_To_Reg[0:0]
   181/831: $16\Read_To_Acc[0:0]
   182/831: $19\IncDec_16[3:0]
   183/831: $10\Inc_WZ[0:0]
   184/831: $47\Inc_PC[0:0]
   185/831: $1\Set_BusA_To[3:0] [3]
   186/831: $42\Write[0:0]
   187/831: $34\TStates[2:0]
   188/831: $23\Save_ALU[0:0]
   189/831: $22\ALU_Op[3:0]
   190/831: $36\Read_To_Reg[0:0]
   191/831: $22\Save_ALU[0:0]
   192/831: $35\Read_To_Reg[0:0]
   193/831: $21\ALU_Op[3:0]
   194/831: $62\Set_Addr_To[2:0]
   195/831: $41\Write[0:0]
   196/831: $33\TStates[2:0]
   197/831: $21\Save_ALU[0:0]
   198/831: $20\ALU_Op[3:0]
   199/831: $34\Read_To_Reg[0:0]
   200/831: $20\Save_ALU[0:0]
   201/831: $33\Read_To_Reg[0:0]
   202/831: $19\ALU_Op[3:0]
   203/831: $61\Set_Addr_To[2:0]
   204/831: $32\TStates[2:0]
   205/831: $18\ALU_Op[3:0]
   206/831: $17\ALU_Op[3:0]
   207/831: $53\Set_BusB_To[2:0]
   208/831: $60\Set_Addr_To[2:0]
   209/831: $40\Write[0:0]
   210/831: $31\TStates[2:0]
   211/831: $19\Save_ALU[0:0]
   212/831: $16\ALU_Op[3:0]
   213/831: $32\Read_To_Reg[0:0]
   214/831: $18\Save_ALU[0:0]
   215/831: $31\Read_To_Reg[0:0]
   216/831: $15\ALU_Op[3:0]
   217/831: $17\Save_ALU[0:0]
   218/831: $14\ALU_Op[3:0]
   219/831: $30\Read_To_Reg[0:0]
   220/831: $39\Write[0:0]
   221/831: $30\TStates[2:0]
   222/831: $34\MCycles[2:0]
   223/831: $59\Set_Addr_To[2:0]
   224/831: $52\Set_BusB_To[2:0]
   225/831: $1\Set_BusA_To[3:0] [2:0]
   226/831: $1\Set_BusB_To[3:0] [3]
   227/831: $63\Set_Addr_To[2:0]
   228/831: $2\Set_BusA_To[3:0] [3]
   229/831: $2\Set_BusA_To[3:0] [2:0]
   230/831: $2\Set_BusB_To[3:0] [3]
   231/831: $58\Set_Addr_To[2:0]
   232/831: $46\Inc_PC[0:0]
   233/831: $38\Write[0:0]
   234/831: $10\IORQ[0:0]
   235/831: $37\Write[0:0]
   236/831: $9\IORQ[0:0]
   237/831: $57\Set_Addr_To[2:0]
   238/831: $50\Set_BusB_To[3:0]
   239/831: $45\Inc_PC[0:0]
   240/831: $33\MCycles[2:0]
   241/831: $2\IncDec_16[3:0] [1:0]
   242/831: $44\Inc_PC[0:0]
   243/831: $8\IORQ[0:0]
   244/831: $15\Read_To_Acc[0:0]
   245/831: $7\IORQ[0:0]
   246/831: $55\Set_Addr_To[2:0]
   247/831: $14\Read_To_Acc[0:0]
   248/831: $43\Inc_PC[0:0]
   249/831: $32\MCycles[2:0]
   250/831: $2\IncDec_16[3:0] [3:2]
   251/831: $54\Set_Addr_To[2:0]
   252/831: $18\IncDec_16[3:0]
   253/831: $29\TStates[2:0]
   254/831: $36\Write[0:0]
   255/831: $3\RstP[0:0]
   256/831: $2\Set_BusB_To[3:0] [2:0]
   257/831: $31\MCycles[2:0]
   258/831: $6\is_cc_true$func$/home/toshn/slacksmith_work/depth_tv80/run1/gates/O1/gate.v:3715$505.$result[0:0]$600
   259/831: $5\is_cc_true$func$/home/toshn/slacksmith_work/depth_tv80/run1/gates/O1/gate.v:3715$505.$result[0:0]$599
   260/831: $28\TStates[2:0]
   261/831: $30\MCycles[2:0]
   262/831: $52\Set_Addr_To[2:0]
   263/831: $4\is_cc_true$func$/home/toshn/slacksmith_work/depth_tv80/run1/gates/O1/gate.v:3715$505.$result[0:0]$596
   264/831: $4\is_cc_true$func$/home/toshn/slacksmith_work/depth_tv80/run1/gates/O1/gate.v:3715$505.cc[2:0]$598
   265/831: $4\is_cc_true$func$/home/toshn/slacksmith_work/depth_tv80/run1/gates/O1/gate.v:3715$505.FF[7:0]$597
   266/831: $27\LDZ[0:0]
   267/831: $12\Jump[0:0]
   268/831: $17\IncDec_16[3:0]
   269/831: $26\LDZ[0:0]
   270/831: $42\Inc_PC[0:0]
   271/831: $12\LDW[0:0]
   272/831: $51\Set_Addr_To[2:0]
   273/831: $33\Set_BusA_To[2:0]
   274/831: $29\Read_To_Reg[0:0]
   275/831: $9\Inc_WZ[0:0]
   276/831: $31\Set_BusA_To[3:0] [3]
   277/831: $31\Set_BusA_To[3:0] [2:0]
   278/831: $41\Inc_PC[0:0]
   279/831: $13\Read_To_Acc[0:0]
   280/831: $48\Set_BusB_To[3:0]
   281/831: $32\Set_BusA_To[3:0]
   282/831: $16\Save_ALU[0:0]
   283/831: $28\Read_To_Reg[0:0]
   284/831: $40\Inc_PC[0:0]
   285/831: $13\ALU_Op[3:0]
   286/831: $13\NoRead[0:0]
   287/831: $47\Set_BusB_To[3:0]
   288/831: $49\Set_Addr_To[2:0]
   289/831: $39\Inc_PC[0:0]
   290/831: $35\Write[0:0]
   291/831: $34\Write[0:0]
   292/831: $48\Set_Addr_To[2:0]
   293/831: $46\Set_BusB_To[3:0]
   294/831: $38\Inc_PC[0:0]
   295/831: $29\MCycles[2:0]
   296/831: $12\NoRead[0:0]
   297/831: $11\LDW[0:0]
   298/831: $25\LDZ[0:0]
   299/831: $15\Save_ALU[0:0]
   300/831: $12\ALU_Op[3:0]
   301/831: $50\Set_Addr_To[2:0]
   302/831: $27\Read_To_Reg[0:0]
   303/831: $12\Read_To_Acc[0:0]
   304/831: $8\Inc_WZ[0:0]
   305/831: $33\Write[0:0]
   306/831: $11\NoRead[0:0]
   307/831: $28\MCycles[2:0]
   308/831: $10\LDW[0:0]
   309/831: $24\LDZ[0:0]
   310/831: $47\Set_Addr_To[2:0]
   311/831: $14\Save_ALU[0:0]
   312/831: $11\ALU_Op[3:0]
   313/831: $30\Set_BusA_To[3:0]
   314/831: $45\Set_BusB_To[3:0]
   315/831: $26\Read_To_Reg[0:0]
   316/831: $11\Read_To_Acc[0:0]
   317/831: $7\Inc_WZ[0:0]
   318/831: $37\Inc_PC[0:0]
   319/831: $3\is_cc_true$func$/home/toshn/slacksmith_work/depth_tv80/run1/gates/O1/gate.v:3715$505.cc[2:0]$595
   320/831: $3\is_cc_true$func$/home/toshn/slacksmith_work/depth_tv80/run1/gates/O1/gate.v:3715$505.FF[7:0]$594
   321/831: $3\is_cc_true$func$/home/toshn/slacksmith_work/depth_tv80/run1/gates/O1/gate.v:3715$505.$result[0:0]$593
   322/831: $27\TStates[2:0]
   323/831: $11\Jump[0:0]
   324/831: $16\IncDec_16[3:0]
   325/831: $4\Prefix[1:0]
   326/831: $23\LDZ[0:0]
   327/831: $10\Jump[0:0]
   328/831: $15\IncDec_16[3:0]
   329/831: $3\Prefix[1:0]
   330/831: $26\TStates[2:0]
   331/831: $45\Set_Addr_To[2:0]
   332/831: $14\IncDec_16[3:0]
   333/831: $27\MCycles[2:0]
   334/831: $6\is_cc_true$func$/home/toshn/slacksmith_work/depth_tv80/run1/gates/O1/gate.v:3541$504.$result[0:0]$582
   335/831: $5\is_cc_true$func$/home/toshn/slacksmith_work/depth_tv80/run1/gates/O1/gate.v:3541$504.$result[0:0]$581
   336/831: $22\LDZ[0:0]
   337/831: $36\Inc_PC[0:0]
   338/831: $4\is_cc_true$func$/home/toshn/slacksmith_work/depth_tv80/run1/gates/O1/gate.v:3541$504.cc[2:0]$580
   339/831: $4\is_cc_true$func$/home/toshn/slacksmith_work/depth_tv80/run1/gates/O1/gate.v:3541$504.FF[7:0]$579
   340/831: $4\is_cc_true$func$/home/toshn/slacksmith_work/depth_tv80/run1/gates/O1/gate.v:3541$504.$result[0:0]$578
   341/831: $32\Write[0:0]
   342/831: $25\TStates[2:0]
   343/831: $26\MCycles[2:0]
   344/831: $9\LDW[0:0]
   345/831: $5\Call[0:0]
   346/831: $44\Set_Addr_To[2:0]
   347/831: $43\Set_BusB_To[3:0]
   348/831: $13\IncDec_16[3:0]
   349/831: $3\is_cc_true$func$/home/toshn/slacksmith_work/depth_tv80/run1/gates/O1/gate.v:3541$504.cc[2:0]$577
   350/831: $3\is_cc_true$func$/home/toshn/slacksmith_work/depth_tv80/run1/gates/O1/gate.v:3541$504.FF[7:0]$576
   351/831: $3\is_cc_true$func$/home/toshn/slacksmith_work/depth_tv80/run1/gates/O1/gate.v:3541$504.$result[0:0]$575
   352/831: $31\Write[0:0]
   353/831: $24\TStates[2:0]
   354/831: $25\MCycles[2:0]
   355/831: $8\LDW[0:0]
   356/831: $21\LDZ[0:0]
   357/831: $4\Call[0:0]
   358/831: $43\Set_Addr_To[2:0]
   359/831: $42\Set_BusB_To[3:0]
   360/831: $12\IncDec_16[3:0]
   361/831: $35\Inc_PC[0:0]
   362/831: $49\Set_BusB_To[3:0]
   363/831: $34\Inc_PC[0:0]
   364/831: $30\Write[0:0]
   365/831: $23\TStates[2:0]
   366/831: $7\LDW[0:0]
   367/831: $3\Call[0:0]
   368/831: $42\Set_Addr_To[2:0]
   369/831: $41\Set_BusB_To[3:0]
   370/831: $11\IncDec_16[3:0]
   371/831: $44\Set_BusB_To[3:0]
   372/831: $13\Save_ALU[0:0]
   373/831: $25\Read_To_Reg[0:0]
   374/831: $29\Set_BusA_To[2:0]
   375/831: $40\Set_BusB_To[3:0]
   376/831: $5\I_DJNZ[0:0]
   377/831: $22\TStates[2:0]
   378/831: $10\NoRead[0:0]
   379/831: $9\JumpE[0:0]
   380/831: $33\Inc_PC[0:0]
   381/831: $9\NoRead[0:0]
   382/831: $21\TStates[2:0]
   383/831: $4\I_DJNZ[0:0]
   384/831: $8\JumpE[0:0]
   385/831: $12\Save_ALU[0:0]
   386/831: $9\ALU_Op[3:0]
   387/831: $28\Set_BusA_To[2:0]
   388/831: $39\Set_BusB_To[3:0]
   389/831: $24\Read_To_Reg[0:0]
   390/831: $32\Inc_PC[0:0]
   391/831: $24\MCycles[2:0]
   392/831: $8\NoRead[0:0]
   393/831: $20\TStates[2:0]
   394/831: $23\MCycles[2:0]
   395/831: $3\I_DJNZ[0:0]
   396/831: $7\JumpE[0:0]
   397/831: $11\Save_ALU[0:0]
   398/831: $8\ALU_Op[3:0]
   399/831: $27\Set_BusA_To[2:0]
   400/831: $38\Set_BusB_To[3:0]
   401/831: $23\Read_To_Reg[0:0]
   402/831: $31\Inc_PC[0:0]
   403/831: $46\Set_Addr_To[2:0]
   404/831: $21\MCycles[2:0]
   405/831: $30\Inc_PC[0:0]
   406/831: $7\NoRead[0:0]
   407/831: $19\TStates[2:0]
   408/831: $6\JumpE[0:0]
   409/831: $6\NoRead[0:0]
   410/831: $18\TStates[2:0]
   411/831: $20\MCycles[2:0]
   412/831: $5\JumpE[0:0]
   413/831: $29\Inc_PC[0:0]
   414/831: $10\ALU_Op[3:0]
   415/831: $5\NoRead[0:0]
   416/831: $17\TStates[2:0]
   417/831: $4\JumpE[0:0]
   418/831: $4\NoRead[0:0]
   419/831: $16\TStates[2:0]
   420/831: $3\JumpE[0:0]
   421/831: $27\Inc_PC[0:0]
   422/831: $19\MCycles[2:0]
   423/831: $53\Set_Addr_To[2:0]
   424/831: $6\is_cc_true$func$/home/toshn/slacksmith_work/depth_tv80/run1/gates/O1/gate.v:3386$503.$result[0:0]$558
   425/831: $5\is_cc_true$func$/home/toshn/slacksmith_work/depth_tv80/run1/gates/O1/gate.v:3386$503.$result[0:0]$557
   426/831: $19\LDZ[0:0]
   427/831: $26\Inc_PC[0:0]
   428/831: $4\is_cc_true$func$/home/toshn/slacksmith_work/depth_tv80/run1/gates/O1/gate.v:3386$503.cc[2:0]$556
   429/831: $4\is_cc_true$func$/home/toshn/slacksmith_work/depth_tv80/run1/gates/O1/gate.v:3386$503.FF[7:0]$555
   430/831: $4\is_cc_true$func$/home/toshn/slacksmith_work/depth_tv80/run1/gates/O1/gate.v:3386$503.$result[0:0]$554
   431/831: $8\Jump[0:0]
   432/831: $18\LDZ[0:0]
   433/831: $25\Inc_PC[0:0]
   434/831: $41\Set_Addr_To[2:0]
   435/831: $10\Read_To_Acc[0:0]
   436/831: $40\Set_Addr_To[2:0]
   437/831: $6\IORQ[0:0]
   438/831: $9\Read_To_Acc[0:0]
   439/831: $17\LDZ[0:0]
   440/831: $24\Inc_PC[0:0]
   441/831: $29\Write[0:0]
   442/831: $39\Set_Addr_To[2:0]
   443/831: $37\Set_BusB_To[3:0]
   444/831: $36\Set_BusB_To[3:0]
   445/831: $38\Set_Addr_To[2:0]
   446/831: $28\Write[0:0]
   447/831: $5\IORQ[0:0]
   448/831: $27\Write[0:0]
   449/831: $4\IORQ[0:0]
   450/831: $37\Set_Addr_To[2:0]
   451/831: $35\Set_BusB_To[3:0]
   452/831: $18\MCycles[2:0]
   453/831: $16\LDZ[0:0]
   454/831: $8\Read_To_Acc[0:0]
   455/831: $23\Inc_PC[0:0]
   456/831: $26\Write[0:0]
   457/831: $3\IORQ[0:0]
   458/831: $17\MCycles[2:0]
   459/831: $15\LDZ[0:0]
   460/831: $36\Set_Addr_To[2:0]
   461/831: $34\Set_BusB_To[3:0]
   462/831: $7\Read_To_Acc[0:0]
   463/831: $22\Inc_PC[0:0]
   464/831: $3\is_cc_true$func$/home/toshn/slacksmith_work/depth_tv80/run1/gates/O1/gate.v:3386$503.cc[2:0]$553
   465/831: $3\is_cc_true$func$/home/toshn/slacksmith_work/depth_tv80/run1/gates/O1/gate.v:3386$503.FF[7:0]$552
   466/831: $3\is_cc_true$func$/home/toshn/slacksmith_work/depth_tv80/run1/gates/O1/gate.v:3386$503.$result[0:0]$551
   467/831: $7\Jump[0:0]
   468/831: $20\LDZ[0:0]
   469/831: $21\Inc_PC[0:0]
   470/831: $14\LDZ[0:0]
   471/831: $20\Inc_PC[0:0]
   472/831: $56\Set_Addr_To[2:0]
   473/831: $28\Inc_PC[0:0]
   474/831: $33\Set_BusB_To[3:0] [0]
   475/831: $33\Set_BusB_To[3:0] [2:1]
   476/831: $32\Set_BusB_To[3:0] [3]
   477/831: $32\Set_BusB_To[3:0] [0]
   478/831: $32\Set_BusB_To[3:0] [2:1]
   479/831: $3\Arith16[0:0]
   480/831: $15\TStates[2:0]
   481/831: $31\Set_BusB_To[3:0]
   482/831: $26\Set_BusA_To[2:0]
   483/831: $10\Save_ALU[0:0]
   484/831: $22\Read_To_Reg[0:0]
   485/831: $7\ALU_Op[3:0]
   486/831: $3\NoRead[0:0]
   487/831: $51\Set_BusB_To[3:0]
   488/831: $35\Set_Addr_To[2:0]
   489/831: $10\IncDec_16[3:0]
   490/831: $14\TStates[2:0]
   491/831: $13\LDZ[0:0]
   492/831: $25\Write[0:0]
   493/831: $5\Jump[0:0]
   494/831: $19\Inc_PC[0:0]
   495/831: $24\Write[0:0]
   496/831: $13\TStates[2:0]
   497/831: $12\LDZ[0:0]
   498/831: $4\Jump[0:0]
   499/831: $34\Set_Addr_To[2:0]
   500/831: $29\Set_BusB_To[3:0]
   501/831: $9\IncDec_16[3:0]
   502/831: $18\Inc_PC[0:0]
   503/831: $16\MCycles[2:0]
   504/831: $28\Set_BusB_To[3:0]
   505/831: $33\Set_Addr_To[2:0]
   506/831: $8\IncDec_16[3:0]
   507/831: $12\TStates[2:0]
   508/831: $23\Write[0:0]
   509/831: $22\Write[0:0]
   510/831: $11\TStates[2:0]
   511/831: $32\Set_Addr_To[2:0]
   512/831: $27\Set_BusB_To[3:0]
   513/831: $7\IncDec_16[3:0]
   514/831: $15\MCycles[2:0]
   515/831: $11\LDZ[0:0]
   516/831: $3\Jump[0:0]
   517/831: $17\Inc_PC[0:0]
   518/831: $6\Jump[0:0]
   519/831: $21\Write[0:0]
   520/831: $10\TStates[2:0]
   521/831: $6\PreserveC[0:0]
   522/831: $9\Save_ALU[0:0]
   523/831: $6\ALU_Op[3:0]
   524/831: $25\Set_BusA_To[2:0]
   525/831: $26\Set_BusB_To[3:0]
   526/831: $21\Read_To_Reg[0:0]
   527/831: $20\Write[0:0]
   528/831: $9\TStates[2:0]
   529/831: $30\Set_Addr_To[2:0]
   530/831: $5\PreserveC[0:0]
   531/831: $8\Save_ALU[0:0]
   532/831: $5\ALU_Op[3:0]
   533/831: $24\Set_BusA_To[2:0]
   534/831: $25\Set_BusB_To[3:0]
   535/831: $20\Read_To_Reg[0:0]
   536/831: $14\MCycles[2:0]
   537/831: $30\Set_BusB_To[3:0]
   538/831: $19\Write[0:0]
   539/831: $8\TStates[2:0]
   540/831: $4\PreserveC[0:0]
   541/831: $7\Save_ALU[0:0]
   542/831: $4\ALU_Op[3:0]
   543/831: $23\Set_BusA_To[2:0]
   544/831: $24\Set_BusB_To[3:0]
   545/831: $19\Read_To_Reg[0:0]
   546/831: $18\Write[0:0]
   547/831: $7\TStates[2:0]
   548/831: $28\Set_Addr_To[2:0]
   549/831: $3\PreserveC[0:0]
   550/831: $6\Save_ALU[0:0]
   551/831: $3\ALU_Op[3:0]
   552/831: $22\Set_BusA_To[2:0]
   553/831: $23\Set_BusB_To[3:0]
   554/831: $18\Read_To_Reg[0:0]
   555/831: $13\MCycles[2:0]
   556/831: $31\Set_Addr_To[2:0]
   557/831: $22\Set_BusB_To[2:0]
   558/831: $5\Save_ALU[0:0]
   559/831: $17\Read_To_Reg[0:0]
   560/831: $16\Inc_PC[0:0]
   561/831: $27\Set_Addr_To[2:0]
   562/831: $4\Save_ALU[0:0]
   563/831: $20\Set_BusA_To[2:0]
   564/831: $21\Set_BusB_To[2:0]
   565/831: $16\Read_To_Reg[0:0]
   566/831: $26\Set_Addr_To[2:0]
   567/831: $3\Save_ALU[0:0]
   568/831: $19\Set_BusA_To[2:0]
   569/831: $20\Set_BusB_To[2:0]
   570/831: $15\Read_To_Reg[0:0]
   571/831: $12\MCycles[2:0]
   572/831: $29\Set_Addr_To[2:0]
   573/831: $21\Set_BusA_To[2:0]
   574/831: $17\Write[0:0]
   575/831: $6\TStates[2:0]
   576/831: $18\Set_BusA_To[3:0]
   577/831: $19\Set_BusB_To[3:0]
   578/831: $14\Read_To_Reg[0:0]
   579/831: $6\IncDec_16[3:0]
   580/831: $16\Write[0:0]
   581/831: $5\TStates[2:0]
   582/831: $24\Set_Addr_To[2:0]
   583/831: $17\Set_BusA_To[3:0]
   584/831: $18\Set_BusB_To[3:0]
   585/831: $13\Read_To_Reg[0:0]
   586/831: $5\IncDec_16[3:0]
   587/831: $11\MCycles[2:0]
   588/831: $33\Set_BusB_To[3:0] [3]
   589/831: $3\ExchangeRS[0:0]
   590/831: $9\Jump[0:0]
   591/831: $3\ExchangeAF[0:0]
   592/831: $4\ExchangeRS[0:0]
   593/831: $4\ExchangeAF[0:0]
   594/831: $16\Set_BusA_To[3:0] [0]
   595/831: $16\Set_BusA_To[3:0] [3]
   596/831: $15\Set_BusA_To[3:0] [2:1]
   597/831: $15\Set_BusA_To[3:0] [0]
   598/831: $15\Set_BusA_To[3:0] [3]
   599/831: $23\Set_Addr_To[2:0]
   600/831: $14\Set_BusA_To[3:0]
   601/831: $12\Read_To_Reg[0:0]
   602/831: $4\IncDec_16[3:0]
   603/831: $3\ExchangeDH[0:0]
   604/831: $17\Set_BusB_To[3:0] [2:1]
   605/831: $17\Set_BusB_To[3:0] [0]
   606/831: $16\Set_BusB_To[3:0] [3]
   607/831: $16\Set_BusB_To[3:0] [2:1]
   608/831: $16\Set_BusB_To[3:0] [0]
   609/831: $15\Set_BusB_To[3:0]
   610/831: $22\Set_Addr_To[2:0]
   611/831: $3\IncDec_16[3:0]
   612/831: $4\TStates[2:0]
   613/831: $15\Write[0:0]
   614/831: $16\Set_BusA_To[3:0] [2:1]
   615/831: $15\Inc_PC[0:0]
   616/831: $14\Write[0:0]
   617/831: $6\LDW[0:0]
   618/831: $21\Set_Addr_To[2:0]
   619/831: $14\Set_BusB_To[3:0]
   620/831: $6\Inc_WZ[0:0]
   621/831: $13\Write[0:0]
   622/831: $5\LDW[0:0]
   623/831: $9\LDZ[0:0]
   624/831: $20\Set_Addr_To[2:0]
   625/831: $13\Set_BusB_To[3:0]
   626/831: $5\Inc_WZ[0:0]
   627/831: $14\Inc_PC[0:0]
   628/831: $10\MCycles[2:0]
   629/831: $17\Set_BusB_To[3:0] [3]
   630/831: $13\Inc_PC[0:0]
   631/831: $4\LDW[0:0]
   632/831: $19\Set_Addr_To[2:0]
   633/831: $13\Set_BusA_To[2:0]
   634/831: $11\Read_To_Reg[0:0]
   635/831: $4\Inc_WZ[0:0]
   636/831: $3\LDW[0:0]
   637/831: $7\LDZ[0:0]
   638/831: $18\Set_Addr_To[2:0]
   639/831: $12\Set_BusA_To[2:0]
   640/831: $10\Read_To_Reg[0:0]
   641/831: $3\Inc_WZ[0:0]
   642/831: $12\Inc_PC[0:0]
   643/831: $9\MCycles[2:0]
   644/831: $11\Set_BusA_To[3:0] [2:1]
   645/831: $11\Set_BusA_To[3:0] [0]
   646/831: $11\Set_BusA_To[3:0] [3]
   647/831: $10\Set_BusA_To[3:0] [2:1]
   648/831: $10\Set_BusA_To[3:0] [0]
   649/831: $10\Set_BusA_To[3:0] [3]
   650/831: $9\Set_BusA_To[3:0]
   651/831: $9\Read_To_Reg[0:0]
   652/831: $11\Inc_PC[0:0]
   653/831: $10\LDZ[0:0]
   654/831: $10\Inc_PC[0:0]
   655/831: $12\Write[0:0]
   656/831: $17\Set_Addr_To[2:0]
   657/831: $12\Set_BusB_To[3:0]
   658/831: $11\Write[0:0]
   659/831: $5\LDZ[0:0]
   660/831: $16\Set_Addr_To[2:0]
   661/831: $11\Set_BusB_To[3:0]
   662/831: $9\Inc_PC[0:0]
   663/831: $8\MCycles[2:0]
   664/831: $8\LDZ[0:0]
   665/831: $15\Set_Addr_To[2:0]
   666/831: $10\Write[0:0]
   667/831: $6\LDZ[0:0]
   668/831: $9\Set_BusB_To[3:0]
   669/831: $14\Set_Addr_To[2:0]
   670/831: $10\Set_BusB_To[3:0]
   671/831: $8\Inc_PC[0:0]
   672/831: $13\Set_Addr_To[2:0]
   673/831: $4\LDZ[0:0]
   674/831: $7\Inc_PC[0:0]
   675/831: $5\Read_To_Acc[0:0]
   676/831: $12\Set_Addr_To[2:0]
   677/831: $6\Inc_PC[0:0]
   678/831: $3\LDZ[0:0]
   679/831: $7\MCycles[2:0]
   680/831: $9\Write[0:0]
   681/831: $11\Set_Addr_To[2:0]
   682/831: $6\Read_To_Acc[0:0]
   683/831: $10\Set_Addr_To[2:0]
   684/831: $4\Read_To_Acc[0:0]
   685/831: $8\Set_BusA_To[2:0]
   686/831: $5\Inc_PC[0:0]
   687/831: $8\Write[0:0]
   688/831: $8\Set_BusB_To[3:0] [3]
   689/831: $8\Set_BusB_To[3:0] [2:0]
   690/831: $9\Set_Addr_To[2:0]
   691/831: $4\Inc_PC[0:0]
   692/831: $7\Write[0:0]
   693/831: $8\Set_Addr_To[2:0]
   694/831: $7\Set_BusB_To[3:0]
   695/831: $3\Inc_PC[0:0]
   696/831: $6\MCycles[2:0]
   697/831: $7\Set_BusA_To[2:0]
   698/831: $7\Read_To_Reg[0:0]
   699/831: $5\Set_BusB_To[3:0] [3]
   700/831: $5\Set_BusB_To[3:0] [2:0]
   701/831: $6\Set_BusB_To[3:0] [3]
   702/831: $6\Set_BusB_To[3:0] [2:0]
   703/831: $7\Set_Addr_To[2:0]
   704/831: $5\Write[0:0]
   705/831: $6\Set_Addr_To[2:0]
   706/831: $6\Write[0:0]
   707/831: $5\MCycles[2:0]
   708/831: $5\ExchangeRp[0:0]
   709/831: $6\Set_BusA_To[2:0]
   710/831: $6\Read_To_Reg[0:0]
   711/831: $5\Read_To_Reg[0:0]
   712/831: $5\Set_BusA_To[2:0]
   713/831: $5\Set_Addr_To[2:0]
   714/831: $4\Set_BusA_To[2:0]
   715/831: $4\Read_To_Reg[0:0]
   716/831: $4\Set_Addr_To[2:0]
   717/831: $4\MCycles[2:0]
   718/831: $4\Write[0:0]
   719/831: $4\ExchangeRp[0:0]
   720/831: $4\Set_BusB_To[3:0]
   721/831: $3\Halt[0:0]
   722/831: $3\Write[0:0]
   723/831: $3\MCycles[2:0]
   724/831: $3\ExchangeRp[0:0]
   725/831: $3\Set_Addr_To[2:0]
   726/831: $3\Set_BusA_To[2:0]
   727/831: $3\Set_BusB_To[3:0]
   728/831: $3\Read_To_Reg[0:0]
   729/831: $2\Write[0:0]
   730/831: $2\MCycles[2:0]
   731/831: $2\Halt[0:0]
   732/831: $2\ExchangeRp[0:0]
   733/831: $2\Set_Addr_To[2:0]
   734/831: $8\Read_To_Reg[0:0]
   735/831: $25\Set_Addr_To[2:0]
   736/831: $2\Read_To_Reg[0:0]
   737/831: $2\is_cc_true$func$/home/toshn/slacksmith_work/depth_tv80/run1/gates/O1/gate.v:3715$505.cc[2:0]$533
   738/831: $2\is_cc_true$func$/home/toshn/slacksmith_work/depth_tv80/run1/gates/O1/gate.v:3715$505.FF[7:0]$532
   739/831: $2\is_cc_true$func$/home/toshn/slacksmith_work/depth_tv80/run1/gates/O1/gate.v:3715$505.$result[0:0]$531
   740/831: $2\is_cc_true$func$/home/toshn/slacksmith_work/depth_tv80/run1/gates/O1/gate.v:3541$504.cc[2:0]$530
   741/831: $2\is_cc_true$func$/home/toshn/slacksmith_work/depth_tv80/run1/gates/O1/gate.v:3541$504.FF[7:0]$529
   742/831: $2\is_cc_true$func$/home/toshn/slacksmith_work/depth_tv80/run1/gates/O1/gate.v:3541$504.$result[0:0]$528
   743/831: $2\is_cc_true$func$/home/toshn/slacksmith_work/depth_tv80/run1/gates/O1/gate.v:3386$503.cc[2:0]$527
   744/831: $2\is_cc_true$func$/home/toshn/slacksmith_work/depth_tv80/run1/gates/O1/gate.v:3386$503.FF[7:0]$526
   745/831: $2\is_cc_true$func$/home/toshn/slacksmith_work/depth_tv80/run1/gates/O1/gate.v:3386$503.$result[0:0]$525
   746/831: $2\NoRead[0:0]
   747/831: $2\IORQ[0:0]
   748/831: $3\TStates[2:0]
   749/831: $2\SetEI[0:0]
   750/831: $2\SetDI[0:0]
   751/831: $2\I_SCF[0:0]
   752/831: $2\I_CCF[0:0]
   753/831: $2\I_CPL[0:0]
   754/831: $2\I_DJNZ[0:0]
   755/831: $2\ExchangeRS[0:0]
   756/831: $2\ExchangeAF[0:0]
   757/831: $2\ExchangeDH[0:0]
   758/831: $2\LDSPHL[0:0]
   759/831: $2\LDW[0:0]
   760/831: $2\LDZ[0:0]
   761/831: $2\RstP[0:0]
   762/831: $2\Call[0:0]
   763/831: $2\JumpXY[0:0]
   764/831: $2\JumpE[0:0]
   765/831: $2\Jump[0:0]
   766/831: $2\Arith16[0:0]
   767/831: $2\PreserveC[0:0]
   768/831: $2\Save_ALU[0:0]
   769/831: $2\ALU_Op[3:0]
   770/831: $3\Read_To_Acc[0:0]
   771/831: $2\Read_To_Acc[0:0]
   772/831: $2\Prefix[1:0]
   773/831: $22\MCycles[2:0]
   774/831: $2\Inc_WZ[0:0]
   775/831: $2\Inc_PC[0:0]
   776/831: $1\is_cc_true$func$/home/toshn/slacksmith_work/depth_tv80/run1/gates/O1/gate.v:3715$505.cc[2:0]$524
   777/831: $1\is_cc_true$func$/home/toshn/slacksmith_work/depth_tv80/run1/gates/O1/gate.v:3715$505.FF[7:0]$523
   778/831: $1\is_cc_true$func$/home/toshn/slacksmith_work/depth_tv80/run1/gates/O1/gate.v:3715$505.$result[0:0]$522
   779/831: $1\is_cc_true$func$/home/toshn/slacksmith_work/depth_tv80/run1/gates/O1/gate.v:3541$504.cc[2:0]$521
   780/831: $1\is_cc_true$func$/home/toshn/slacksmith_work/depth_tv80/run1/gates/O1/gate.v:3541$504.FF[7:0]$520
   781/831: $1\is_cc_true$func$/home/toshn/slacksmith_work/depth_tv80/run1/gates/O1/gate.v:3541$504.$result[0:0]$519
   782/831: $1\is_cc_true$func$/home/toshn/slacksmith_work/depth_tv80/run1/gates/O1/gate.v:3386$503.cc[2:0]$518
   783/831: $1\is_cc_true$func$/home/toshn/slacksmith_work/depth_tv80/run1/gates/O1/gate.v:3386$503.FF[7:0]$517
   784/831: $1\is_cc_true$func$/home/toshn/slacksmith_work/depth_tv80/run1/gates/O1/gate.v:3386$503.$result[0:0]$516
   785/831: $1\Write[0:0]
   786/831: $1\NoRead[0:0]
   787/831: $1\IORQ[0:0]
   788/831: $2\TStates[2:0]
   789/831: $1\MCycles[2:0]
   790/831: $1\Halt[0:0]
   791/831: $1\SetEI[0:0]
   792/831: $1\SetDI[0:0]
   793/831: $1\I_SCF[0:0]
   794/831: $1\I_CCF[0:0]
   795/831: $1\I_CPL[0:0]
   796/831: $1\I_DJNZ[0:0]
   797/831: $1\ExchangeRS[0:0]
   798/831: $1\ExchangeAF[0:0]
   799/831: $1\ExchangeRp[0:0]
   800/831: $1\ExchangeDH[0:0]
   801/831: $1\LDSPHL[0:0]
   802/831: $1\LDW[0:0]
   803/831: $1\LDZ[0:0]
   804/831: $1\RstP[0:0]
   805/831: $1\Call[0:0]
   806/831: $1\JumpXY[0:0]
   807/831: $1\JumpE[0:0]
   808/831: $1\Jump[0:0]
   809/831: $1\Set_Addr_To[2:0]
   810/831: $1\Arith16[0:0]
   811/831: $1\PreserveC[0:0]
   812/831: $1\Save_ALU[0:0]
   813/831: $1\ALU_Op[3:0]
   814/831: $1\Set_BusB_To[3:0] [2:0]
   815/831: $5\Prefix[1:0]
   816/831: $1\Read_To_Reg[0:0]
   817/831: $1\Read_To_Acc[0:0]
   818/831: $1\Prefix[1:0]
   819/831: $1\IncDec_16[3:0]
   820/831: $1\Inc_WZ[0:0]
   821/831: $1\Inc_PC[0:0]
   822/831: $1\IMode[1:0]
   823/831: $1\I_INRC[0:0]
   824/831: $1\I_RRD[0:0]
   825/831: $1\I_RLD[0:0]
   826/831: $1\I_BTR[0:0]
   827/831: $1\I_BC[0:0]
   828/831: $1\I_BT[0:0]
   829/831: $1\I_RETN[0:0]
   830/831: $1\Special_LD[2:0]
   831/831: $1\TStates[2:0]

3.2.8. Executing PROC_DLATCH pass (convert process syncs to latches).
No latch inferred for signal `\tv80_mcode_gate.\Inc_PC' from process `\tv80_mcode_gate.$proc$/home/toshn/slacksmith_work/depth_tv80/run1/gates/O1/gate.v:2299$506'.
No latch inferred for signal `\tv80_mcode_gate.\Inc_WZ' from process `\tv80_mcode_gate.$proc$/home/toshn/slacksmith_work/depth_tv80/run1/gates/O1/gate.v:2299$506'.
No latch inferred for signal `\tv80_mcode_gate.\IncDec_16' from process `\tv80_mcode_gate.$proc$/home/toshn/slacksmith_work/depth_tv80/run1/gates/O1/gate.v:2299$506'.
No latch inferred for signal `\tv80_mcode_gate.\Prefix' from process `\tv80_mcode_gate.$proc$/home/toshn/slacksmith_work/depth_tv80/run1/gates/O1/gate.v:2299$506'.
No latch inferred for signal `\tv80_mcode_gate.\Read_To_Acc' from process `\tv80_mcode_gate.$proc$/home/toshn/slacksmith_work/depth_tv80/run1/gates/O1/gate.v:2299$506'.
No latch inferred for signal `\tv80_mcode_gate.\Read_To_Reg' from process `\tv80_mcode_gate.$proc$/home/toshn/slacksmith_work/depth_tv80/run1/gates/O1/gate.v:2299$506'.
No latch inferred for signal `\tv80_mcode_gate.\Set_BusB_To' from process `\tv80_mcode_gate.$proc$/home/toshn/slacksmith_work/depth_tv80/run1/gates/O1/gate.v:2299$506'.
No latch inferred for signal `\tv80_mcode_gate.\Set_BusA_To' from process `\tv80_mcode_gate.$proc$/home/toshn/slacksmith_work/depth_tv80/run1/gates/O1/gate.v:2299$506'.
No latch inferred for signal `\tv80_mcode_gate.\ALU_Op' from process `\tv80_mcode_gate.$proc$/home/toshn/slacksmith_work/depth_tv80/run1/gates/O1/gate.v:2299$506'.
No latch inferred for signal `\tv80_mcode_gate.\Save_ALU' from process `\tv80_mcode_gate.$proc$/home/toshn/slacksmith_work/depth_tv80/run1/gates/O1/gate.v:2299$506'.
No latch inferred for signal `\tv80_mcode_gate.\PreserveC' from process `\tv80_mcode_gate.$proc$/home/toshn/slacksmith_work/depth_tv80/run1/gates/O1/gate.v:2299$506'.
No latch inferred for signal `\tv80_mcode_gate.\Arith16' from process `\tv80_mcode_gate.$proc$/home/toshn/slacksmith_work/depth_tv80/run1/gates/O1/gate.v:2299$506'.
No latch inferred for signal `\tv80_mcode_gate.\Set_Addr_To' from process `\tv80_mcode_gate.$proc$/home/toshn/slacksmith_work/depth_tv80/run1/gates/O1/gate.v:2299$506'.
No latch inferred for signal `\tv80_mcode_gate.\Jump' from process `\tv80_mcode_gate.$proc$/home/toshn/slacksmith_work/depth_tv80/run1/gates/O1/gate.v:2299$506'.
No latch inferred for signal `\tv80_mcode_gate.\JumpE' from process `\tv80_mcode_gate.$proc$/home/toshn/slacksmith_work/depth_tv80/run1/gates/O1/gate.v:2299$506'.
No latch inferred for signal `\tv80_mcode_gate.\JumpXY' from process `\tv80_mcode_gate.$proc$/home/toshn/slacksmith_work/depth_tv80/run1/gates/O1/gate.v:2299$506'.
No latch inferred for signal `\tv80_mcode_gate.\Call' from process `\tv80_mcode_gate.$proc$/home/toshn/slacksmith_work/depth_tv80/run1/gates/O1/gate.v:2299$506'.
No latch inferred for signal `\tv80_mcode_gate.\RstP' from process `\tv80_mcode_gate.$proc$/home/toshn/slacksmith_work/depth_tv80/run1/gates/O1/gate.v:2299$506'.
No latch inferred for signal `\tv80_mcode_gate.\LDZ' from process `\tv80_mcode_gate.$proc$/home/toshn/slacksmith_work/depth_tv80/run1/gates/O1/gate.v:2299$506'.
No latch inferred for signal `\tv80_mcode_gate.\LDW' from process `\tv80_mcode_gate.$proc$/home/toshn/slacksmith_work/depth_tv80/run1/gates/O1/gate.v:2299$506'.
No latch inferred for signal `\tv80_mcode_gate.\LDSPHL' from process `\tv80_mcode_gate.$proc$/home/toshn/slacksmith_work/depth_tv80/run1/gates/O1/gate.v:2299$506'.
No latch inferred for signal `\tv80_mcode_gate.\Special_LD' from process `\tv80_mcode_gate.$proc$/home/toshn/slacksmith_work/depth_tv80/run1/gates/O1/gate.v:2299$506'.
No latch inferred for signal `\tv80_mcode_gate.\ExchangeDH' from process `\tv80_mcode_gate.$proc$/home/toshn/slacksmith_work/depth_tv80/run1/gates/O1/gate.v:2299$506'.
No latch inferred for signal `\tv80_mcode_gate.\ExchangeRp' from process `\tv80_mcode_gate.$proc$/home/toshn/slacksmith_work/depth_tv80/run1/gates/O1/gate.v:2299$506'.
No latch inferred for signal `\tv80_mcode_gate.\ExchangeAF' from process `\tv80_mcode_gate.$proc$/home/toshn/slacksmith_work/depth_tv80/run1/gates/O1/gate.v:2299$506'.
No latch inferred for signal `\tv80_mcode_gate.\ExchangeRS' from process `\tv80_mcode_gate.$proc$/home/toshn/slacksmith_work/depth_tv80/run1/gates/O1/gate.v:2299$506'.
No latch inferred for signal `\tv80_mcode_gate.\I_DJNZ' from process `\tv80_mcode_gate.$proc$/home/toshn/slacksmith_work/depth_tv80/run1/gates/O1/gate.v:2299$506'.
No latch inferred for signal `\tv80_mcode_gate.\I_CPL' from process `\tv80_mcode_gate.$proc$/home/toshn/slacksmith_work/depth_tv80/run1/gates/O1/gate.v:2299$506'.
No latch inferred for signal `\tv80_mcode_gate.\I_CCF' from process `\tv80_mcode_gate.$proc$/home/toshn/slacksmith_work/depth_tv80/run1/gates/O1/gate.v:2299$506'.
No latch inferred for signal `\tv80_mcode_gate.\I_SCF' from process `\tv80_mcode_gate.$proc$/home/toshn/slacksmith_work/depth_tv80/run1/gates/O1/gate.v:2299$506'.
No latch inferred for signal `\tv80_mcode_gate.\I_RETN' from process `\tv80_mcode_gate.$proc$/home/toshn/slacksmith_work/depth_tv80/run1/gates/O1/gate.v:2299$506'.
No latch inferred for signal `\tv80_mcode_gate.\I_BT' from process `\tv80_mcode_gate.$proc$/home/toshn/slacksmith_work/depth_tv80/run1/gates/O1/gate.v:2299$506'.
No latch inferred for signal `\tv80_mcode_gate.\I_BC' from process `\tv80_mcode_gate.$proc$/home/toshn/slacksmith_work/depth_tv80/run1/gates/O1/gate.v:2299$506'.
No latch inferred for signal `\tv80_mcode_gate.\I_BTR' from process `\tv80_mcode_gate.$proc$/home/toshn/slacksmith_work/depth_tv80/run1/gates/O1/gate.v:2299$506'.
No latch inferred for signal `\tv80_mcode_gate.\I_RLD' from process `\tv80_mcode_gate.$proc$/home/toshn/slacksmith_work/depth_tv80/run1/gates/O1/gate.v:2299$506'.
No latch inferred for signal `\tv80_mcode_gate.\I_RRD' from process `\tv80_mcode_gate.$proc$/home/toshn/slacksmith_work/depth_tv80/run1/gates/O1/gate.v:2299$506'.
No latch inferred for signal `\tv80_mcode_gate.\I_INRC' from process `\tv80_mcode_gate.$proc$/home/toshn/slacksmith_work/depth_tv80/run1/gates/O1/gate.v:2299$506'.
No latch inferred for signal `\tv80_mcode_gate.\SetDI' from process `\tv80_mcode_gate.$proc$/home/toshn/slacksmith_work/depth_tv80/run1/gates/O1/gate.v:2299$506'.
No latch inferred for signal `\tv80_mcode_gate.\SetEI' from process `\tv80_mcode_gate.$proc$/home/toshn/slacksmith_work/depth_tv80/run1/gates/O1/gate.v:2299$506'.
No latch inferred for signal `\tv80_mcode_gate.\IMode' from process `\tv80_mcode_gate.$proc$/home/toshn/slacksmith_work/depth_tv80/run1/gates/O1/gate.v:2299$506'.
No latch inferred for signal `\tv80_mcode_gate.\Halt' from process `\tv80_mcode_gate.$proc$/home/toshn/slacksmith_work/depth_tv80/run1/gates/O1/gate.v:2299$506'.
No latch inferred for signal `\tv80_mcode_gate.\MCycles' from process `\tv80_mcode_gate.$proc$/home/toshn/slacksmith_work/depth_tv80/run1/gates/O1/gate.v:2299$506'.
No latch inferred for signal `\tv80_mcode_gate.\TStates' from process `\tv80_mcode_gate.$proc$/home/toshn/slacksmith_work/depth_tv80/run1/gates/O1/gate.v:2299$506'.
No latch inferred for signal `\tv80_mcode_gate.\IORQ' from process `\tv80_mcode_gate.$proc$/home/toshn/slacksmith_work/depth_tv80/run1/gates/O1/gate.v:2299$506'.
No latch inferred for signal `\tv80_mcode_gate.\NoRead' from process `\tv80_mcode_gate.$proc$/home/toshn/slacksmith_work/depth_tv80/run1/gates/O1/gate.v:2299$506'.
No latch inferred for signal `\tv80_mcode_gate.\Write' from process `\tv80_mcode_gate.$proc$/home/toshn/slacksmith_work/depth_tv80/run1/gates/O1/gate.v:2299$506'.
No latch inferred for signal `\tv80_mcode_gate.\DDD' from process `\tv80_mcode_gate.$proc$/home/toshn/slacksmith_work/depth_tv80/run1/gates/O1/gate.v:2299$506'.
No latch inferred for signal `\tv80_mcode_gate.\SSS' from process `\tv80_mcode_gate.$proc$/home/toshn/slacksmith_work/depth_tv80/run1/gates/O1/gate.v:2299$506'.
No latch inferred for signal `\tv80_mcode_gate.\DPAIR' from process `\tv80_mcode_gate.$proc$/home/toshn/slacksmith_work/depth_tv80/run1/gates/O1/gate.v:2299$506'.

3.2.9. Executing PROC_DFF pass (convert process syncs to FFs).

3.2.10. Executing PROC_MEMWR pass (convert process memory writes to cells).

3.2.11. Executing PROC_CLEAN pass (remove empty switches from decision trees).
Found and cleaned up 128 empty switches in `\tv80_mcode_gate.$proc$/home/toshn/slacksmith_work/depth_tv80/run1/gates/O1/gate.v:2299$506'.
Removing empty process `tv80_mcode_gate.$proc$/home/toshn/slacksmith_work/depth_tv80/run1/gates/O1/gate.v:2299$506'.
Cleaned up 128 empty switches.

3.2.12. Executing OPT_EXPR pass (perform const folding).
Optimizing module tv80_mcode_gate.
<suppressed ~2100 debug messages>

3.3. Executing OPT_EXPR pass (perform const folding).
Optimizing module tv80_mcode_gate.

3.4. Executing OPT_CLEAN pass (remove unused cells and wires).
Finding unused cells or wires in module \tv80_mcode_gate..
Removed 1531 unused cells and 3534 unused wires.
<suppressed ~1532 debug messages>

3.5. Executing CHECK pass (checking for obvious problems).
Checking module tv80_mcode_gate...
Found and reported 0 problems.

3.6. Executing OPT pass (performing simple optimizations).

3.6.1. Executing OPT_EXPR pass (perform const folding).
Optimizing module tv80_mcode_gate.

3.6.2. Executing OPT_MERGE pass (detect identical cells).
Finding identical cells in module `\tv80_mcode_gate'.
Computing hashes of 11471 cells of `\tv80_mcode_gate'.
Finding duplicate cells in `\tv80_mcode_gate'.
Computing hashes of 3328 cells of `\tv80_mcode_gate'.
Finding duplicate cells in `\tv80_mcode_gate'.
Computing hashes of 2778 cells of `\tv80_mcode_gate'.
Finding duplicate cells in `\tv80_mcode_gate'.
<suppressed ~26079 debug messages>
Removed a total of 8693 cells.

3.6.3. Executing OPT_MUXTREE pass (detect dead branches in mux trees).
Running muxtree optimizer on module \tv80_mcode_gate..
  Creating internal representation of mux trees.
  Evaluating internal representation of mux trees.
  Analyzing evaluation results.
    dead port 2/2 on $mux $procmux$16914.
    dead port 2/2 on $mux $procmux$10452.
    dead port 2/2 on $mux $procmux$11859.
    dead port 2/2 on $mux $procmux$16871.
    dead port 2/2 on $mux $procmux$10424.
    dead port 1/2 on $mux $procmux$20950.
    dead port 2/2 on $mux $procmux$17483.
    dead port 2/2 on $mux $procmux$10422.
    dead port 2/2 on $mux $procmux$16869.
    dead port 2/2 on $mux $procmux$16826.
    dead port 2/2 on $mux $procmux$10394.
    dead port 2/2 on $mux $procmux$20894.
    dead port 2/2 on $mux $procmux$10392.
    dead port 2/2 on $mux $procmux$16824.
    dead port 2/2 on $mux $procmux$11857.
    dead port 2/2 on $mux $procmux$10364.
    dead port 2/2 on $mux $procmux$16781.
    dead port 2/2 on $mux $procmux$10362.
    dead port 2/2 on $mux $procmux$20892.
    dead port 1/3 on $pmux $procmux$4101.
    dead port 2/3 on $pmux $procmux$4101.
    dead port 2/2 on $mux $procmux$16779.
    dead port 2/2 on $mux $procmux$4098.
    dead port 2/2 on $mux $procmux$6574.
    dead port 2/2 on $mux $procmux$10334.
    dead port 2/2 on $mux $procmux$16736.
    dead port 1/2 on $mux $procmux$4096.
    dead port 2/2 on $mux $procmux$10332.
    dead port 2/2 on $mux $procmux$4094.
    dead port 2/2 on $mux $procmux$11819.
    dead port 1/2 on $mux $procmux$20890.
    dead port 2/2 on $mux $procmux$6572.
    dead port 2/2 on $mux $procmux$16734.
    dead port 1/3 on $pmux $procmux$4079.
    dead port 2/3 on $pmux $procmux$4079.
    dead port 2/2 on $mux $procmux$4076.
    dead port 2/2 on $mux $procmux$10304.
    dead port 2/2 on $mux $procmux$16691.
    dead port 2/2 on $mux $procmux$10302.
    dead port 1/2 on $mux $procmux$4074.
    dead port 1/2 on $mux $procmux$4072.
    dead port 2/2 on $mux $procmux$20834.
    dead port 2/2 on $mux $procmux$4070.
    dead port 2/2 on $mux $procmux$16689.
    dead port 1/3 on $pmux $procmux$4046.
    dead port 2/3 on $pmux $procmux$4046.
    dead port 2/2 on $mux $procmux$4358.
    dead port 2/2 on $mux $procmux$10274.
    dead port 2/2 on $mux $procmux$10272.
    dead port 2/2 on $mux $procmux$16646.
    dead port 2/2 on $mux $procmux$20832.
    dead port 2/2 on $mux $procmux$10245.
    dead port 2/2 on $mux $procmux$4356.
    dead port 2/2 on $mux $procmux$16644.
    dead port 2/2 on $mux $procmux$10243.
    dead port 2/2 on $mux $procmux$16601.
    dead port 1/2 on $mux $procmux$20830.
    dead port 2/2 on $mux $procmux$10215.
    dead port 2/2 on $mux $procmux$16599.
    dead port 2/2 on $mux $procmux$10213.
    dead port 2/2 on $mux $procmux$20827.
    dead port 2/2 on $mux $procmux$21596.
    dead port 2/2 on $mux $procmux$11817.
    dead port 2/2 on $mux $procmux$10211.
    dead port 2/2 on $mux $procmux$17435.
    dead port 2/2 on $mux $procmux$11815.
    dead port 2/2 on $mux $procmux$20771.
    dead port 2/2 on $mux $procmux$10183.
    dead port 2/2 on $mux $procmux$12227.
    dead port 2/2 on $mux $procmux$10181.
    dead port 2/2 on $mux $procmux$10179.
    dead port 2/2 on $mux $procmux$16548.
    dead port 1/3 on $pmux $procmux$4031.
    dead port 2/3 on $pmux $procmux$4031.
    dead port 2/2 on $mux $procmux$17433.
    dead port 2/2 on $mux $procmux$20769.
    dead port 2/2 on $mux $procmux$23220.
    dead port 2/2 on $mux $procmux$16546.
    dead port 2/2 on $mux $procmux$11777.
    dead port 2/2 on $mux $procmux$10151.
    dead port 2/2 on $mux $procmux$10149.
    dead port 1/2 on $mux $procmux$20767.
    dead port 2/2 on $mux $procmux$6559.
    dead port 2/2 on $mux $procmux$10147.
    dead port 2/2 on $mux $procmux$6557.
    dead port 2/2 on $mux $procmux$20764.
    dead port 2/2 on $mux $procmux$4345.
    dead port 2/2 on $mux $procmux$10119.
    dead port 2/2 on $mux $procmux$12225.
    dead port 2/2 on $mux $procmux$10117.
    dead port 2/2 on $mux $procmux$4343.
    dead port 1/2 on $mux $procmux$10115.
    dead port 2/2 on $mux $procmux$10113.
    dead port 2/2 on $mux $procmux$20708.
    dead port 2/2 on $mux $procmux$11775.
    dead port 1/3 on $pmux $procmux$4017.
    dead port 2/3 on $pmux $procmux$4017.
    dead port 2/2 on $mux $procmux$16494.
    dead port 2/2 on $mux $procmux$21594.
    dead port 2/2 on $mux $procmux$24108.
    dead port 2/2 on $mux $procmux$16492.
    dead port 2/2 on $mux $procmux$10086.
    dead port 1/3 on $pmux $procmux$3997.
    dead port 2/3 on $pmux $procmux$3997.
    dead port 2/2 on $mux $procmux$11773.
    dead port 2/2 on $mux $procmux$20706.
    dead port 2/2 on $mux $procmux$10084.
    dead port 1/2 on $mux $procmux$10082.
    dead port 2/2 on $mux $procmux$23490.
    dead port 2/2 on $mux $procmux$22039.
    dead port 2/2 on $mux $procmux$10080.
    dead port 2/2 on $mux $procmux$22788.
    dead port 1/2 on $mux $procmux$20704.
    dead port 2/2 on $mux $procmux$10053.
    dead port 2/2 on $mux $procmux$20701.
    dead port 2/2 on $mux $procmux$10051.
    dead port 2/2 on $mux $procmux$11735.
    dead port 2/2 on $mux $procmux$10030.
    dead port 2/2 on $mux $procmux$16440.
    dead port 2/2 on $mux $procmux$10028.
    dead port 2/2 on $mux $procmux$20645.
    dead port 2/2 on $mux $procmux$16438.
    dead port 2/2 on $mux $procmux$10016.
    dead port 2/2 on $mux $procmux$6544.
    dead port 2/2 on $mux $procmux$23652.
    dead port 2/2 on $mux $procmux$10014.
    dead port 2/2 on $mux $procmux$9992.
    dead port 2/2 on $mux $procmux$20643.
    dead port 2/2 on $mux $procmux$9990.
    dead port 2/2 on $mux $procmux$9968.
    dead port 2/2 on $mux $procmux$22037.
    dead port 2/2 on $mux $procmux$9966.
    dead port 2/2 on $mux $procmux$4332.
    dead port 2/2 on $mux $procmux$9944.
    dead port 1/2 on $mux $procmux$20641.
    dead port 2/2 on $mux $procmux$9942.
    dead port 2/2 on $mux $procmux$16387.
    dead port 2/2 on $mux $procmux$11733.
    dead port 2/2 on $mux $procmux$4330.
    dead port 1/2 on $mux $procmux$20638.
    dead port 2/2 on $mux $procmux$9923.
    dead port 2/2 on $mux $procmux$16385.
    dead port 1/3 on $pmux $procmux$3980.
    dead port 2/3 on $pmux $procmux$3980.
    dead port 2/2 on $mux $procmux$9921.
    dead port 2/2 on $mux $procmux$12191.
    dead port 2/2 on $mux $procmux$6542.
    dead port 2/2 on $mux $procmux$20582.
    dead port 2/2 on $mux $procmux$21539.
    dead port 2/2 on $mux $procmux$11731.
    dead port 1/3 on $pmux $procmux$3969.
    dead port 2/3 on $pmux $procmux$3969.
    dead port 2/2 on $mux $procmux$16335.
    dead port 2/2 on $mux $procmux$20580.
    dead port 2/2 on $mux $procmux$16333.
    dead port 2/2 on $mux $procmux$24031.
    dead port 2/2 on $mux $procmux$23274.
    dead port 1/2 on $mux $procmux$20578.
    dead port 2/2 on $mux $procmux$16283.
    dead port 1/2 on $mux $procmux$20575.
    dead port 2/2 on $mux $procmux$16281.
    dead port 2/2 on $mux $procmux$9831.
    dead port 2/2 on $mux $procmux$9829.
    dead port 1/2 on $mux $procmux$16279.
    dead port 1/3 on $pmux $procmux$3956.
    dead port 2/3 on $pmux $procmux$3956.
    dead port 2/2 on $mux $procmux$20519.
    dead port 2/2 on $mux $procmux$11693.
    dead port 2/2 on $mux $procmux$9808.
    dead port 2/2 on $mux $procmux$16277.
    dead port 2/2 on $mux $procmux$9806.
    dead port 1/2 on $mux $procmux$22035.
    dead port 2/2 on $mux $procmux$12189.
    dead port 2/2 on $mux $procmux$9785.
    dead port 2/2 on $mux $procmux$16232.
    dead port 2/2 on $mux $procmux$9783.
    dead port 2/2 on $mux $procmux$20517.
    dead port 1/3 on $pmux $procmux$3933.
    dead port 2/3 on $pmux $procmux$3933.
    dead port 2/2 on $mux $procmux$16230.
    dead port 2/2 on $mux $procmux$11691.
    dead port 2/2 on $mux $procmux$9762.
    dead port 2/2 on $mux $procmux$9760.
    dead port 2/2 on $mux $procmux$16188.
    dead port 2/2 on $mux $procmux$6529.
    dead port 1/2 on $mux $procmux$20515.
    dead port 2/2 on $mux $procmux$9739.
    dead port 2/2 on $mux $procmux$16186.
    dead port 2/2 on $mux $procmux$9737.
    dead port 1/3 on $pmux $procmux$3922.
    dead port 2/3 on $pmux $procmux$3922.
    dead port 1/2 on $mux $procmux$20512.
    dead port 2/2 on $mux $procmux$4319.
    dead port 2/2 on $mux $procmux$16144.
    dead port 2/2 on $mux $procmux$9716.
    dead port 2/2 on $mux $procmux$9714.
    dead port 1/3 on $pmux $procmux$3901.
    dead port 2/3 on $pmux $procmux$3901.
    dead port 2/2 on $mux $procmux$4317.
    dead port 2/2 on $mux $procmux$17592.
    dead port 2/2 on $mux $procmux$16142.
    dead port 2/2 on $mux $procmux$20456.
    dead port 2/2 on $mux $procmux$9693.
    dead port 2/2 on $mux $procmux$16100.
    dead port 1/3 on $pmux $procmux$3881.
    dead port 2/3 on $pmux $procmux$3881.
    dead port 2/2 on $mux $procmux$9691.
    dead port 2/2 on $mux $procmux$6527.
    dead port 2/2 on $mux $procmux$4653.
    dead port 2/2 on $mux $procmux$11689.
    dead port 2/2 on $mux $procmux$9670.
    dead port 2/2 on $mux $procmux$16098.
    dead port 2/2 on $mux $procmux$9668.
    dead port 2/2 on $mux $procmux$20454.
    dead port 1/3 on $pmux $procmux$3873.
    dead port 2/3 on $pmux $procmux$3873.
    dead port 2/2 on $mux $procmux$16056.
    dead port 2/2 on $mux $procmux$21980.
    dead port 2/2 on $mux $procmux$16054.
    dead port 1/3 on $pmux $procmux$3860.
    dead port 2/3 on $pmux $procmux$3860.
    dead port 1/2 on $mux $procmux$20452.
    dead port 2/2 on $mux $procmux$22896.
    dead port 2/2 on $mux $procmux$16012.
    dead port 1/3 on $pmux $procmux$3848.
    dead port 2/3 on $pmux $procmux$3848.
    dead port 1/2 on $mux $procmux$20449.
    dead port 2/2 on $mux $procmux$16010.
    dead port 2/2 on $mux $procmux$21537.
    dead port 2/2 on $mux $procmux$15968.
    dead port 2/2 on $mux $procmux$20393.
    dead port 2/2 on $mux $procmux$15966.
    dead port 1/3 on $pmux $procmux$3838.
    dead port 2/3 on $pmux $procmux$3838.
    dead port 2/2 on $mux $procmux$11651.
    dead port 2/2 on $mux $procmux$15924.
    dead port 2/2 on $mux $procmux$20391.
    dead port 2/2 on $mux $procmux$15922.
    dead port 2/2 on $mux $procmux$15880.
    dead port 1/2 on $mux $procmux$20389.
    dead port 2/2 on $mux $procmux$15878.
    dead port 1/2 on $mux $procmux$20386.
    dead port 1/3 on $pmux $procmux$3820.
    dead port 2/3 on $pmux $procmux$3820.
    dead port 2/2 on $mux $procmux$20383.
    dead port 2/2 on $mux $procmux$17384.
    dead port 2/2 on $mux $procmux$11649.
    dead port 2/2 on $mux $procmux$20327.
    dead port 2/2 on $mux $procmux$15828.
    dead port 2/2 on $mux $procmux$15826.
    dead port 2/2 on $mux $procmux$20325.
    dead port 2/2 on $mux $procmux$6514.
    dead port 2/2 on $mux $procmux$4306.
    dead port 2/2 on $mux $procmux$22680.
    dead port 1/2 on $mux $procmux$20323.
    dead port 2/2 on $mux $procmux$11647.
    dead port 2/2 on $mux $procmux$4304.
    dead port 2/2 on $mux $procmux$12155.
    dead port 2/2 on $mux $procmux$15776.
    dead port 1/2 on $mux $procmux$20320.
    dead port 2/2 on $mux $procmux$6512.
    dead port 2/2 on $mux $procmux$15774.
    dead port 2/2 on $mux $procmux$20264.
    dead port 2/2 on $mux $procmux$20262.
    dead port 2/2 on $mux $procmux$15724.
    dead port 2/2 on $mux $procmux$23328.
    dead port 2/2 on $mux $procmux$15722.
    dead port 2/2 on $mux $procmux$17382.
    dead port 2/2 on $mux $procmux$12153.
    dead port 1/2 on $mux $procmux$20260.
    dead port 2/2 on $mux $procmux$11609.
    dead port 1/2 on $mux $procmux$20257.
    dead port 2/2 on $mux $procmux$15673.
    dead port 2/2 on $mux $procmux$15671.
    dead port 2/2 on $mux $procmux$20201.
    dead port 2/2 on $mux $procmux$11607.
    dead port 2/2 on $mux $procmux$21482.
    dead port 2/2 on $mux $procmux$20199.
    dead port 2/2 on $mux $procmux$11605.
    dead port 2/2 on $mux $procmux$6499.
    dead port 1/2 on $mux $procmux$20197.
    dead port 2/2 on $mux $procmux$15620.
    dead port 1/2 on $mux $procmux$20194.
    dead port 2/2 on $mux $procmux$15618.
    dead port 1/3 on $pmux $procmux$3801.
    dead port 2/3 on $pmux $procmux$3801.
    dead port 2/2 on $mux $procmux$20191.
    dead port 2/2 on $mux $procmux$17590.
    dead port 2/2 on $mux $procmux$4292.
    dead port 2/2 on $mux $procmux$15569.
    dead port 2/2 on $mux $procmux$20135.
    dead port 2/2 on $mux $procmux$15567.
    dead port 2/2 on $mux $procmux$4290.
    dead port 1/2 on $mux $procmux$15565.
    dead port 1/2 on $mux $procmux$15563.
    dead port 2/2 on $mux $procmux$20133.
    dead port 2/2 on $mux $procmux$15561.
    dead port 2/2 on $mux $procmux$6497.
    dead port 2/2 on $mux $procmux$15518.
    dead port 1/2 on $mux $procmux$20131.
    dead port 2/2 on $mux $procmux$15516.
    dead port 1/2 on $mux $procmux$20128.
    dead port 2/2 on $mux $procmux$12119.
    dead port 2/2 on $mux $procmux$20125.
    dead port 2/2 on $mux $procmux$21710.
    dead port 1/3 on $pmux $procmux$3791.
    dead port 2/3 on $pmux $procmux$3791.
    dead port 2/2 on $mux $procmux$21480.
    dead port 2/2 on $mux $procmux$20069.
    dead port 2/2 on $mux $procmux$15469.
    dead port 2/2 on $mux $procmux$15467.
    dead port 2/2 on $mux $procmux$20067.
    dead port 2/2 on $mux $procmux$11566.
    dead port 2/2 on $mux $procmux$11564.
    dead port 2/2 on $mux $procmux$15422.
    dead port 2/2 on $mux $procmux$12117.
    dead port 2/2 on $mux $procmux$15420.
    dead port 1/2 on $mux $procmux$20065.
    dead port 1/2 on $mux $procmux$20062.
    dead port 2/2 on $mux $procmux$4279.
    dead port 2/2 on $mux $procmux$15374.
    dead port 2/2 on $mux $procmux$20059.
    dead port 2/2 on $mux $procmux$15372.
    dead port 2/2 on $mux $procmux$20004.
    dead port 1/3 on $pmux $procmux$3778.
    dead port 2/3 on $pmux $procmux$3778.
    dead port 2/2 on $mux $procmux$22950.
    dead port 2/2 on $mux $procmux$4277.
    dead port 2/2 on $mux $procmux$24085.
    dead port 2/2 on $mux $procmux$6484.
    dead port 2/2 on $mux $procmux$15326.
    dead port 2/2 on $mux $procmux$15324.
    dead port 2/2 on $mux $procmux$6482.
    dead port 2/2 on $mux $procmux$4369.
    dead port 2/2 on $mux $procmux$20002.
    dead port 1/2 on $mux $procmux$20000.
    dead port 2/2 on $mux $procmux$11542.
    dead port 2/2 on $mux $procmux$15278.
    dead port 1/2 on $mux $procmux$19997.
    dead port 2/2 on $mux $procmux$15276.
    dead port 2/2 on $mux $procmux$15274.
    dead port 2/2 on $mux $procmux$19941.
    dead port 2/2 on $mux $procmux$23382.
    dead port 2/2 on $mux $procmux$15228.
    dead port 1/3 on $pmux $procmux$3765.
    dead port 2/3 on $pmux $procmux$3765.
    dead port 2/2 on $mux $procmux$11540.
    dead port 2/2 on $mux $procmux$15226.
    dead port 2/2 on $mux $procmux$19939.
    dead port 2/2 on $mux $procmux$15224.
    dead port 1/3 on $pmux $procmux$3738.
    dead port 2/3 on $pmux $procmux$3738.
    dead port 2/2 on $mux $procmux$17333.
    dead port 2/2 on $mux $procmux$15178.
    dead port 2/2 on $mux $procmux$11511.
    dead port 1/2 on $mux $procmux$19937.
    dead port 2/2 on $mux $procmux$15176.
    dead port 1/2 on $mux $procmux$19934.
    dead port 2/2 on $mux $procmux$15174.
    dead port 2/2 on $mux $procmux$21425.
    dead port 2/2 on $mux $procmux$11509.
    dead port 2/2 on $mux $procmux$15129.
    dead port 2/2 on $mux $procmux$17331.
    dead port 2/2 on $mux $procmux$4677.
    dead port 2/2 on $mux $procmux$15127.
    dead port 2/2 on $mux $procmux$19878.
    dead port 1/2 on $mux $procmux$15125.
    dead port 2/2 on $mux $procmux$6469.
    dead port 2/2 on $mux $procmux$15123.
    dead port 2/2 on $mux $procmux$19876.
    dead port 2/2 on $mux $procmux$15079.
    dead port 2/2 on $mux $procmux$6467.
    dead port 2/2 on $mux $procmux$15077.
    dead port 1/2 on $mux $procmux$15075.
    dead port 2/2 on $mux $procmux$19822.
    dead port 2/2 on $mux $procmux$11480.
    dead port 2/2 on $mux $procmux$23544.
    dead port 2/2 on $mux $procmux$15073.
    dead port 2/2 on $mux $procmux$24220.
    dead port 2/2 on $mux $procmux$4367.
    dead port 1/3 on $pmux $procmux$3720.
    dead port 2/3 on $pmux $procmux$3720.
    dead port 2/2 on $mux $procmux$15028.
    dead port 2/2 on $mux $procmux$3717.
    dead port 2/2 on $mux $procmux$11478.
    dead port 2/2 on $mux $procmux$15026.
    dead port 2/2 on $mux $procmux$19820.
    dead port 2/2 on $mux $procmux$14988.
    dead port 2/2 on $mux $procmux$14986.
    dead port 1/3 on $pmux $procmux$3689.
    dead port 2/3 on $pmux $procmux$3689.
    dead port 2/2 on $mux $procmux$3686.
    dead port 2/2 on $mux $procmux$11449.
    dead port 2/2 on $mux $procmux$19766.
    dead port 2/2 on $mux $procmux$21423.
    dead port 2/2 on $mux $procmux$19764.
    dead port 2/2 on $mux $procmux$11447.
    dead port 2/2 on $mux $procmux$14940.
    dead port 1/3 on $pmux $procmux$3657.
    dead port 2/3 on $pmux $procmux$3657.
    dead port 2/2 on $mux $procmux$3654.
    dead port 2/2 on $mux $procmux$14938.
    dead port 2/2 on $mux $procmux$19710.
    dead port 2/2 on $mux $procmux$6454.
    dead port 2/2 on $mux $procmux$5590.
    dead port 2/2 on $mux $procmux$19708.
    dead port 1/3 on $pmux $procmux$3625.
    dead port 2/3 on $pmux $procmux$3625.
    dead port 2/2 on $mux $procmux$5588.
    dead port 2/2 on $mux $procmux$3622.
    dead port 2/2 on $mux $procmux$12083.
    dead port 2/2 on $mux $procmux$6452.
    dead port 2/2 on $mux $procmux$14892.
    dead port 2/2 on $mux $procmux$14890.
    dead port 2/2 on $mux $procmux$19654.
    dead port 1/3 on $pmux $procmux$3594.
    dead port 2/3 on $pmux $procmux$3594.
    dead port 2/2 on $mux $procmux$21818.
    dead port 2/2 on $mux $procmux$3591.
    dead port 2/2 on $mux $procmux$19652.
    dead port 2/2 on $mux $procmux$14844.
    dead port 1/3 on $pmux $procmux$3564.
    dead port 2/3 on $pmux $procmux$3564.
    dead port 2/2 on $mux $procmux$3561.
    dead port 2/2 on $mux $procmux$11418.
    dead port 2/2 on $mux $procmux$4641.
    dead port 2/2 on $mux $procmux$21872.
    dead port 2/2 on $mux $procmux$5568.
    dead port 2/2 on $mux $procmux$14842.
    dead port 2/2 on $mux $procmux$5566.
    dead port 2/2 on $mux $procmux$11416.
    dead port 1/3 on $pmux $procmux$3534.
    dead port 2/3 on $pmux $procmux$3534.
    dead port 2/2 on $mux $procmux$3531.
    dead port 2/2 on $mux $procmux$14797.
    dead port 1/3 on $pmux $procmux$3505.
    dead port 2/3 on $pmux $procmux$3505.
    dead port 2/2 on $mux $procmux$19598.
    dead port 2/2 on $mux $procmux$3502.
    dead port 2/2 on $mux $procmux$11387.
    dead port 2/2 on $mux $procmux$14795.
    dead port 1/2 on $mux $procmux$3500.
    dead port 2/2 on $mux $procmux$11385.
    dead port 1/2 on $mux $procmux$3498.
    dead port 2/2 on $mux $procmux$23922.
    dead port 2/2 on $mux $procmux$3496.
    dead port 1/3 on $pmux $procmux$3471.
    dead port 2/3 on $pmux $procmux$3471.
    dead port 2/2 on $mux $procmux$3468.
    dead port 2/2 on $mux $procmux$6439.
    dead port 2/2 on $mux $procmux$5546.
    dead port 1/2 on $mux $procmux$14793.
    dead port 2/2 on $mux $procmux$5544.
    dead port 1/2 on $mux $procmux$3466.
    dead port 2/2 on $mux $procmux$19596.
    dead port 1/2 on $mux $procmux$3464.
    dead port 2/2 on $mux $procmux$23975.
    dead port 2/2 on $mux $procmux$3462.
    dead port 2/2 on $mux $procmux$14791.
    dead port 1/3 on $pmux $procmux$3437.
    dead port 2/3 on $pmux $procmux$3437.
    dead port 2/2 on $mux $procmux$3434.
    dead port 2/2 on $mux $procmux$6437.
    dead port 2/2 on $mux $procmux$14747.
    dead port 2/2 on $mux $procmux$14745.
    dead port 2/2 on $mux $procmux$19542.
    dead port 1/2 on $mux $procmux$3432.
    dead port 2/2 on $mux $procmux$23977.
    dead port 1/2 on $mux $procmux$3430.
    dead port 1/2 on $mux $procmux$14743.
    dead port 2/2 on $mux $procmux$3428.
    dead port 1/3 on $pmux $procmux$3403.
    dead port 2/3 on $pmux $procmux$3403.
    dead port 2/2 on $mux $procmux$3400.
    dead port 2/2 on $mux $procmux$12081.
    dead port 2/2 on $mux $procmux$14741.
    dead port 2/2 on $mux $procmux$19540.
    dead port 2/2 on $mux $procmux$14698.
    dead port 1/2 on $mux $procmux$3398.
    dead port 2/2 on $mux $procmux$11356.
    dead port 1/2 on $mux $procmux$3396.
    dead port 2/2 on $mux $procmux$21368.
    dead port 1/2 on $mux $procmux$3394.
    dead port 2/2 on $mux $procmux$14696.
    dead port 2/2 on $mux $procmux$3392.
    dead port 2/2 on $mux $procmux$11354.
    dead port 2/2 on $mux $procmux$8912.
    dead port 1/3 on $pmux $procmux$3368.
    dead port 2/3 on $pmux $procmux$3368.
    dead port 2/2 on $mux $procmux$3365.
    dead port 2/2 on $mux $procmux$17282.
    dead port 2/2 on $mux $procmux$8910.
    dead port 1/2 on $mux $procmux$14694.
    dead port 2/2 on $mux $procmux$19486.
    dead port 1/2 on $mux $procmux$3363.
    dead port 2/2 on $mux $procmux$14692.
    dead port 1/2 on $mux $procmux$3361.
    dead port 1/2 on $mux $procmux$3359.
    dead port 2/2 on $mux $procmux$3357.
    dead port 2/2 on $mux $procmux$14648.
    dead port 1/3 on $pmux $procmux$3333.
    dead port 2/3 on $pmux $procmux$3333.
    dead port 2/2 on $mux $procmux$19484.
    dead port 2/2 on $mux $procmux$3330.
    dead port 2/2 on $mux $procmux$14646.
    dead port 2/2 on $mux $procmux$11325.
    dead port 1/2 on $mux $procmux$14644.
    dead port 1/2 on $mux $procmux$3328.
    dead port 2/2 on $mux $procmux$11323.
    dead port 1/2 on $mux $procmux$3326.
    dead port 1/2 on $mux $procmux$3324.
    dead port 2/2 on $mux $procmux$19482.
    dead port 2/2 on $mux $procmux$3322.
    dead port 1/2 on $mux $procmux$14642.
    dead port 1/3 on $pmux $procmux$3298.
    dead port 2/3 on $pmux $procmux$3298.
    dead port 2/2 on $mux $procmux$14640.
    dead port 2/2 on $mux $procmux$3295.
    dead port 2/2 on $mux $procmux$4270.
    dead port 2/2 on $mux $procmux$23004.
    dead port 2/2 on $mux $procmux$19427.
    dead port 2/2 on $mux $procmux$14598.
    dead port 2/2 on $mux $procmux$6424.
    dead port 2/2 on $mux $procmux$14596.
    dead port 2/2 on $mux $procmux$4268.
    dead port 2/2 on $mux $procmux$19425.
    dead port 1/3 on $pmux $procmux$3268.
    dead port 2/3 on $pmux $procmux$3268.
    dead port 2/2 on $mux $procmux$23436.
    dead port 2/2 on $mux $procmux$3265.
    dead port 2/2 on $mux $procmux$17280.
    dead port 1/2 on $mux $procmux$14594.
    dead port 2/2 on $mux $procmux$6422.
    dead port 1/2 on $mux $procmux$14592.
    dead port 2/2 on $mux $procmux$19423.
    dead port 1/3 on $pmux $procmux$3238.
    dead port 2/3 on $pmux $procmux$3238.
    dead port 2/2 on $mux $procmux$14590.
    dead port 2/2 on $mux $procmux$3235.
    dead port 2/2 on $mux $procmux$5465.
    dead port 2/2 on $mux $procmux$14547.
    dead port 2/2 on $mux $procmux$5463.
    dead port 2/2 on $mux $procmux$11294.
    dead port 2/2 on $mux $procmux$8800.
    dead port 1/3 on $pmux $procmux$3208.
    dead port 2/3 on $pmux $procmux$3208.
    dead port 2/2 on $mux $procmux$8798.
    dead port 2/2 on $mux $procmux$3205.
    dead port 2/2 on $mux $procmux$14545.
    dead port 2/2 on $mux $procmux$19368.
    dead port 2/2 on $mux $procmux$14508.
    dead port 2/2 on $mux $procmux$21764.
    dead port 1/3 on $pmux $procmux$3179.
    dead port 2/3 on $pmux $procmux$3179.
    dead port 2/2 on $mux $procmux$8772.
    dead port 2/2 on $mux $procmux$3176.
    dead port 2/2 on $mux $procmux$11292.
    dead port 2/2 on $mux $procmux$14506.
    dead port 2/2 on $mux $procmux$5444.
    dead port 2/2 on $mux $procmux$8770.
    dead port 2/2 on $mux $procmux$5442.
    dead port 2/2 on $mux $procmux$21366.
    dead port 2/2 on $mux $procmux$19366.
    dead port 2/2 on $mux $procmux$14470.
    dead port 1/3 on $pmux $procmux$3148.
    dead port 2/3 on $pmux $procmux$3148.
    dead port 2/2 on $mux $procmux$22140.
    dead port 2/2 on $mux $procmux$3145.
    dead port 2/2 on $mux $procmux$14468.
    dead port 2/2 on $mux $procmux$19364.
    dead port 2/2 on $mux $procmux$14431.
    dead port 1/3 on $pmux $procmux$3119.
    dead port 2/3 on $pmux $procmux$3119.
    dead port 2/2 on $mux $procmux$11263.
    dead port 2/2 on $mux $procmux$3116.
    dead port 2/2 on $mux $procmux$12047.
    dead port 2/2 on $mux $procmux$5424.
    dead port 2/2 on $mux $procmux$5422.
    dead port 2/2 on $mux $procmux$11261.
    dead port 2/2 on $mux $procmux$14429.
    dead port 1/3 on $pmux $procmux$3091.
    dead port 2/3 on $pmux $procmux$3091.
    dead port 2/2 on $mux $procmux$8717.
    dead port 2/2 on $mux $procmux$3088.
    dead port 2/2 on $mux $procmux$6409.
    dead port 2/2 on $mux $procmux$19309.
    dead port 2/2 on $mux $procmux$8715.
    dead port 2/2 on $mux $procmux$6407.
    dead port 1/2 on $mux $procmux$3086.
    dead port 1/2 on $mux $procmux$14424.
    dead port 2/2 on $mux $procmux$3084.
    dead port 1/2 on $mux $procmux$8710.
    dead port 1/3 on $pmux $procmux$3059.
    dead port 2/3 on $pmux $procmux$3059.
    dead port 2/2 on $mux $procmux$21708.
    dead port 2/2 on $mux $procmux$3056.
    dead port 2/2 on $mux $procmux$11259.
    dead port 2/2 on $mux $procmux$8708.
    dead port 2/2 on $mux $procmux$19307.
    dead port 1/2 on $mux $procmux$3054.
    dead port 2/2 on $mux $procmux$3052.
    dead port 1/3 on $pmux $procmux$3027.
    dead port 2/3 on $pmux $procmux$3027.
    dead port 2/2 on $mux $procmux$3024.
    dead port 1/2 on $mux $procmux$3022.
    dead port 2/2 on $mux $procmux$3020.
    dead port 1/3 on $pmux $procmux$2995.
    dead port 2/3 on $pmux $procmux$2995.
    dead port 2/2 on $mux $procmux$2992.
    dead port 2/2 on $mux $procmux$21311.
    dead port 2/2 on $mux $procmux$8680.
    dead port 2/2 on $mux $procmux$5384.
    dead port 2/2 on $mux $procmux$14422.
    dead port 1/2 on $mux $procmux$2990.
    dead port 2/2 on $mux $procmux$5382.
    dead port 1/2 on $mux $procmux$2988.
    dead port 2/2 on $mux $procmux$2986.
    dead port 2/2 on $mux $procmux$8678.
    dead port 1/3 on $pmux $procmux$2962.
    dead port 2/3 on $pmux $procmux$2962.
    dead port 2/2 on $mux $procmux$17278.
    dead port 2/2 on $mux $procmux$2959.
    dead port 2/2 on $mux $procmux$14400.
    dead port 2/2 on $mux $procmux$19305.
    dead port 1/2 on $mux $procmux$2957.
    dead port 2/2 on $mux $procmux$14398.
    dead port 1/2 on $mux $procmux$2955.
    dead port 2/2 on $mux $procmux$2953.
    dead port 2/2 on $mux $procmux$19251.
    dead port 2/2 on $mux $procmux$14362.
    dead port 1/3 on $pmux $procmux$2929.
    dead port 2/3 on $pmux $procmux$2929.
    dead port 2/2 on $mux $procmux$5377.
    dead port 2/2 on $mux $procmux$2926.
    dead port 2/2 on $mux $procmux$11225.
    dead port 2/2 on $mux $procmux$14360.
    dead port 2/2 on $mux $procmux$8673.
    dead port 2/2 on $mux $procmux$19249.
    dead port 1/2 on $mux $procmux$2924.
    dead port 2/2 on $mux $procmux$2922.
    dead port 2/2 on $mux $procmux$8657.
    dead port 1/2 on $mux $procmux$14358.
    dead port 1/3 on $pmux $procmux$2899.
    dead port 2/3 on $pmux $procmux$2899.
    dead port 2/2 on $mux $procmux$8655.
    dead port 2/2 on $mux $procmux$11223.
    dead port 2/2 on $mux $procmux$5355.
    dead port 2/2 on $mux $procmux$8638.
    dead port 2/2 on $mux $procmux$17229.
    dead port 2/2 on $mux $procmux$5353.
    dead port 2/2 on $mux $procmux$11221.
    dead port 2/2 on $mux $procmux$14356.
    dead port 2/2 on $mux $procmux$8636.
    dead port 2/2 on $mux $procmux$8619.
    dead port 2/2 on $mux $procmux$8617.
    dead port 2/2 on $mux $procmux$23058.
    dead port 2/2 on $mux $procmux$21309.
    dead port 2/2 on $mux $procmux$8600.
    dead port 2/2 on $mux $procmux$5348.
    dead port 2/2 on $mux $procmux$8598.
    dead port 2/2 on $mux $procmux$5332.
    dead port 2/2 on $mux $procmux$12045.
    dead port 2/2 on $mux $procmux$8581.
    dead port 2/2 on $mux $procmux$17227.
    dead port 2/2 on $mux $procmux$8579.
    dead port 2/2 on $mux $procmux$14329.
    dead port 2/2 on $mux $procmux$8562.
    dead port 2/2 on $mux $procmux$19247.
    dead port 2/2 on $mux $procmux$8560.
    dead port 2/2 on $mux $procmux$14327.
    dead port 2/2 on $mux $procmux$14292.
    dead port 2/2 on $mux $procmux$8538.
    dead port 2/2 on $mux $procmux$19192.
    dead port 2/2 on $mux $procmux$8536.
    dead port 2/2 on $mux $procmux$11187.
    dead port 2/2 on $mux $procmux$14290.
    dead port 2/2 on $mux $procmux$14255.
    dead port 2/2 on $mux $procmux$8514.
    dead port 2/2 on $mux $procmux$19190.
    dead port 2/2 on $mux $procmux$8512.
    dead port 2/2 on $mux $procmux$14253.
    dead port 1/3 on $pmux $procmux$2882.
    dead port 2/3 on $pmux $procmux$2882.
    dead port 2/2 on $mux $procmux$2879.
    dead port 2/2 on $mux $procmux$11185.
    dead port 2/2 on $mux $procmux$14218.
    dead port 2/2 on $mux $procmux$8490.
    dead port 1/2 on $mux $procmux$19188.
    dead port 2/2 on $mux $procmux$8488.
    dead port 2/2 on $mux $procmux$14216.
    dead port 1/3 on $pmux $procmux$2854.
    dead port 2/3 on $pmux $procmux$2854.
    dead port 2/2 on $mux $procmux$2851.
    dead port 2/2 on $mux $procmux$8469.
    dead port 2/2 on $mux $procmux$11183.
    dead port 2/2 on $mux $procmux$14181.
    dead port 2/2 on $mux $procmux$8467.
    dead port 2/2 on $mux $procmux$19133.
    dead port 1/3 on $pmux $procmux$2826.
    dead port 2/3 on $pmux $procmux$2826.
    dead port 2/2 on $mux $procmux$8451.
    dead port 2/2 on $mux $procmux$2823.
    dead port 2/2 on $mux $procmux$21254.
    dead port 2/2 on $mux $procmux$14179.
    dead port 2/2 on $mux $procmux$8449.
    dead port 2/2 on $mux $procmux$8433.
    dead port 2/2 on $mux $procmux$14144.
    dead port 2/2 on $mux $procmux$8431.
    dead port 2/2 on $mux $procmux$19131.
    dead port 1/3 on $pmux $procmux$2798.
    dead port 2/3 on $pmux $procmux$2798.
    dead port 2/2 on $mux $procmux$8415.
    dead port 2/2 on $mux $procmux$2795.
    dead port 2/2 on $mux $procmux$14142.
    dead port 2/2 on $mux $procmux$23706.
    dead port 2/2 on $mux $procmux$8413.
    dead port 2/2 on $mux $procmux$23814.
    dead port 2/2 on $mux $procmux$8397.
    dead port 2/2 on $mux $procmux$14107.
    dead port 2/2 on $mux $procmux$8395.
    dead port 1/3 on $pmux $procmux$2769.
    dead port 2/3 on $pmux $procmux$2769.
    dead port 2/2 on $mux $procmux$2766.
    dead port 2/2 on $mux $procmux$11150.
    dead port 1/2 on $mux $procmux$19129.
    dead port 2/2 on $mux $procmux$8379.
    dead port 2/2 on $mux $procmux$14105.
    dead port 2/2 on $mux $procmux$11148.
    dead port 2/2 on $mux $procmux$8377.
    dead port 2/2 on $mux $procmux$14070.
    dead port 1/3 on $pmux $procmux$2739.
    dead port 2/3 on $pmux $procmux$2739.
    dead port 2/2 on $mux $procmux$4629.
    dead port 2/2 on $mux $procmux$2736.
    dead port 2/2 on $mux $procmux$17225.
    dead port 2/2 on $mux $procmux$19074.
    dead port 2/2 on $mux $procmux$8356.
    dead port 2/2 on $mux $procmux$14068.
    dead port 2/2 on $mux $procmux$8354.
    dead port 2/2 on $mux $procmux$11146.
    dead port 2/2 on $mux $procmux$14033.
    dead port 1/3 on $pmux $procmux$2709.
    dead port 2/3 on $pmux $procmux$2709.
    dead port 2/2 on $mux $procmux$2706.
    dead port 2/2 on $mux $procmux$21252.
    dead port 2/2 on $mux $procmux$19072.
    dead port 2/2 on $mux $procmux$5278.
    dead port 2/2 on $mux $procmux$8333.
    dead port 2/2 on $mux $procmux$5276.
    dead port 1/3 on $pmux $procmux$2680.
    dead port 2/3 on $pmux $procmux$2680.
    dead port 2/2 on $mux $procmux$2677.
    dead port 2/2 on $mux $procmux$4261.
    dead port 2/2 on $mux $procmux$14031.
    dead port 2/2 on $mux $procmux$8331.
    dead port 1/3 on $pmux $procmux$2652.
    dead port 2/3 on $pmux $procmux$2652.
    dead port 2/2 on $mux $procmux$8310.
    dead port 2/2 on $mux $procmux$2649.
    dead port 2/2 on $mux $procmux$12011.
    dead port 2/2 on $mux $procmux$8308.
    dead port 2/2 on $mux $procmux$19020.
    dead port 2/2 on $mux $procmux$5260.
    dead port 1/3 on $pmux $procmux$2623.
    dead port 2/3 on $pmux $procmux$2623.
    dead port 2/2 on $mux $procmux$5258.
    dead port 2/2 on $mux $procmux$2620.
    dead port 2/2 on $mux $procmux$4259.
    dead port 2/2 on $mux $procmux$11113.
    dead port 2/2 on $mux $procmux$8288.
    dead port 1/2 on $mux $procmux$2618.
    dead port 2/2 on $mux $procmux$8286.
    dead port 2/2 on $mux $procmux$2616.
    dead port 1/3 on $pmux $procmux$2592.
    dead port 2/3 on $pmux $procmux$2592.
    dead port 2/2 on $mux $procmux$2589.
    dead port 2/2 on $mux $procmux$11111.
    dead port 2/2 on $mux $procmux$8266.
    dead port 2/2 on $mux $procmux$19018.
    dead port 1/2 on $mux $procmux$2587.
    dead port 2/2 on $mux $procmux$8264.
    dead port 1/2 on $mux $procmux$2585.
    dead port 2/2 on $mux $procmux$2583.
    dead port 2/2 on $mux $procmux$5242.
    dead port 1/3 on $pmux $procmux$2560.
    dead port 2/3 on $pmux $procmux$2560.
    dead port 2/2 on $mux $procmux$2557.
    dead port 2/2 on $mux $procmux$12009.
    dead port 2/2 on $mux $procmux$5240.
    dead port 2/2 on $mux $procmux$17176.
    dead port 2/2 on $mux $procmux$11109.
    dead port 2/2 on $mux $procmux$24380.
    dead port 2/2 on $mux $procmux$13985.
    dead port 1/3 on $pmux $procmux$2533.
    dead port 2/3 on $pmux $procmux$2533.
    dead port 2/2 on $mux $procmux$8247.
    dead port 2/2 on $mux $procmux$2530.
    dead port 2/2 on $mux $procmux$8245.
    dead port 2/2 on $mux $procmux$13983.
    dead port 2/2 on $mux $procmux$8231.
    dead port 2/2 on $mux $procmux$18965.
    dead port 1/3 on $pmux $procmux$2506.
    dead port 2/3 on $pmux $procmux$2506.
    dead port 2/2 on $mux $procmux$5226.
    dead port 2/2 on $mux $procmux$2503.
    dead port 2/2 on $mux $procmux$17174.
    dead port 2/2 on $mux $procmux$8229.
    dead port 2/2 on $mux $procmux$5224.
    dead port 2/2 on $mux $procmux$11076.
    dead port 2/2 on $mux $procmux$8215.
    dead port 2/2 on $mux $procmux$12261.
    dead port 2/2 on $mux $procmux$8213.
    dead port 1/3 on $pmux $procmux$2479.
    dead port 2/3 on $pmux $procmux$2479.
    dead port 2/2 on $mux $procmux$2476.
    dead port 2/2 on $mux $procmux$11074.
    dead port 2/2 on $mux $procmux$8199.
    dead port 2/2 on $mux $procmux$18963.
    dead port 2/2 on $mux $procmux$8197.
    dead port 1/2 on $mux $procmux$21250.
    dead port 1/3 on $pmux $procmux$2452.
    dead port 2/3 on $pmux $procmux$2452.
    dead port 2/2 on $mux $procmux$8183.
    dead port 2/2 on $mux $procmux$2449.
    dead port 1/2 on $mux $procmux$11072.
    dead port 2/2 on $mux $procmux$5209.
    dead port 2/2 on $mux $procmux$5207.
    dead port 2/2 on $mux $procmux$11042.
    dead port 2/2 on $mux $procmux$8181.
    dead port 2/2 on $mux $procmux$8167.
    dead port 1/3 on $pmux $procmux$2425.
    dead port 2/3 on $pmux $procmux$2425.
    dead port 2/2 on $mux $procmux$2422.
    dead port 2/2 on $mux $procmux$8165.
    dead port 2/2 on $mux $procmux$13938.
    dead port 2/2 on $mux $procmux$8151.
    dead port 2/2 on $mux $procmux$18912.
    dead port 2/2 on $mux $procmux$17538.
    dead port 2/2 on $mux $procmux$8149.
    dead port 1/3 on $pmux $procmux$2397.
    dead port 2/3 on $pmux $procmux$2397.
    dead port 2/2 on $mux $procmux$5192.
    dead port 2/2 on $mux $procmux$2394.
    dead port 2/2 on $mux $procmux$11040.
    dead port 2/2 on $mux $procmux$13936.
    dead port 2/2 on $mux $procmux$8135.
    dead port 2/2 on $mux $procmux$8133.
    dead port 2/2 on $mux $procmux$8119.
    dead port 2/2 on $mux $procmux$8117.
    dead port 1/3 on $pmux $procmux$2368.
    dead port 2/3 on $pmux $procmux$2368.
    dead port 2/2 on $mux $procmux$21194.
    dead port 2/2 on $mux $procmux$2365.
    dead port 2/2 on $mux $procmux$8103.
    dead port 2/2 on $mux $procmux$18910.
    dead port 2/2 on $mux $procmux$8101.
    dead port 2/2 on $mux $procmux$8087.
    dead port 2/2 on $mux $procmux$8085.
    dead port 2/2 on $mux $procmux$8071.
    dead port 1/3 on $pmux $procmux$2339.
    dead port 2/3 on $pmux $procmux$2339.
    dead port 1/2 on $mux $procmux$11038.
    dead port 2/2 on $mux $procmux$2336.
    dead port 2/2 on $mux $procmux$8069.
    dead port 2/2 on $mux $procmux$13891.
    dead port 2/2 on $mux $procmux$8055.
    dead port 2/2 on $mux $procmux$18858.
    dead port 2/2 on $mux $procmux$8053.
    dead port 1/3 on $pmux $procmux$2313.
    dead port 2/3 on $pmux $procmux$2313.
    dead port 2/2 on $mux $procmux$13889.
    dead port 2/2 on $mux $procmux$2310.
    dead port 2/2 on $mux $procmux$11008.
    dead port 2/2 on $mux $procmux$8039.
    dead port 2/2 on $mux $procmux$8037.
    dead port 2/2 on $mux $procmux$11006.
    dead port 2/2 on $mux $procmux$8023.
    dead port 1/3 on $pmux $procmux$2286.
    dead port 2/3 on $pmux $procmux$2286.
    dead port 2/2 on $mux $procmux$18856.
    dead port 2/2 on $mux $procmux$2283.
    dead port 2/2 on $mux $procmux$8021.
    dead port 2/2 on $mux $procmux$8007.
    dead port 2/2 on $mux $procmux$8005.
    dead port 2/2 on $mux $procmux$17172.
    dead port 2/2 on $mux $procmux$7991.
    dead port 1/2 on $mux $procmux$2281.
    dead port 2/2 on $mux $procmux$2279.
    dead port 2/2 on $mux $procmux$7989.
    dead port 1/3 on $pmux $procmux$2268.
    dead port 2/3 on $pmux $procmux$2268.
    dead port 2/2 on $mux $procmux$7975.
    dead port 2/2 on $mux $procmux$2265.
    dead port 1/2 on $mux $procmux$11004.
    dead port 2/2 on $mux $procmux$18806.
    dead port 2/2 on $mux $procmux$7973.
    dead port 2/2 on $mux $procmux$13844.
    dead port 2/2 on $mux $procmux$7959.
    dead port 2/2 on $mux $procmux$7957.
    dead port 2/2 on $mux $procmux$13842.
    dead port 1/3 on $pmux $procmux$2248.
    dead port 2/3 on $pmux $procmux$2248.
    dead port 2/2 on $mux $procmux$10974.
    dead port 2/2 on $mux $procmux$2245.
    dead port 2/2 on $mux $procmux$21192.
    dead port 2/2 on $mux $procmux$7943.
    dead port 2/2 on $mux $procmux$18804.
    dead port 2/2 on $mux $procmux$7941.
    dead port 2/2 on $mux $procmux$7927.
    dead port 2/2 on $mux $procmux$7925.
    dead port 1/3 on $pmux $procmux$2228.
    dead port 2/3 on $pmux $procmux$2228.
    dead port 2/2 on $mux $procmux$2225.
    dead port 2/2 on $mux $procmux$10972.
    dead port 2/2 on $mux $procmux$7911.
    dead port 2/2 on $mux $procmux$7909.
    dead port 2/2 on $mux $procmux$7895.
    dead port 2/2 on $mux $procmux$18756.
    dead port 1/3 on $pmux $procmux$2208.
    dead port 2/3 on $pmux $procmux$2208.
    dead port 2/2 on $mux $procmux$7893.
    dead port 2/2 on $mux $procmux$2205.
    dead port 1/2 on $mux $procmux$10970.
    dead port 1/3 on $pmux $procmux$2188.
    dead port 2/3 on $pmux $procmux$2188.
    dead port 2/2 on $mux $procmux$7873.
    dead port 2/2 on $mux $procmux$2185.
    dead port 2/2 on $mux $procmux$10940.
    dead port 2/2 on $mux $procmux$18754.
    dead port 2/2 on $mux $procmux$5138.
    dead port 2/2 on $mux $procmux$7871.
    dead port 2/2 on $mux $procmux$5136.
    dead port 2/2 on $mux $procmux$13796.
    dead port 2/2 on $mux $procmux$5128.
    dead port 1/3 on $pmux $procmux$2168.
    dead port 2/3 on $pmux $procmux$2168.
    dead port 2/2 on $mux $procmux$17123.
    dead port 2/2 on $mux $procmux$2165.
    dead port 2/2 on $mux $procmux$10938.
    dead port 2/2 on $mux $procmux$5126.
    dead port 2/2 on $mux $procmux$5118.
    dead port 2/2 on $mux $procmux$5116.
    dead port 2/2 on $mux $procmux$24382.
    dead port 2/2 on $mux $procmux$13794.
    dead port 1/3 on $pmux $procmux$2148.
    dead port 2/3 on $pmux $procmux$2148.
    dead port 2/2 on $mux $procmux$5108.
    dead port 2/2 on $mux $procmux$2145.
    dead port 2/2 on $mux $procmux$11975.
    dead port 1/2 on $mux $procmux$10936.
    dead port 2/2 on $mux $procmux$5106.
    dead port 2/2 on $mux $procmux$18706.
    dead port 2/2 on $mux $procmux$5098.
    dead port 2/2 on $mux $procmux$7850.
    dead port 1/3 on $pmux $procmux$2129.
    dead port 2/3 on $pmux $procmux$2129.
    dead port 2/2 on $mux $procmux$5096.
    dead port 2/2 on $mux $procmux$2126.
    dead port 2/2 on $mux $procmux$5088.
    dead port 2/2 on $mux $procmux$7848.
    dead port 2/2 on $mux $procmux$5086.
    dead port 2/2 on $mux $procmux$2124.
    dead port 2/2 on $mux $procmux$10906.
    dead port 1/3 on $pmux $procmux$2107.
    dead port 2/3 on $pmux $procmux$2107.
    dead port 2/2 on $mux $procmux$5073.
    dead port 2/2 on $mux $procmux$2104.
    dead port 2/2 on $mux $procmux$17121.
    dead port 2/2 on $mux $procmux$5071.
    dead port 2/2 on $mux $procmux$18704.
    dead port 2/2 on $mux $procmux$2102.
    dead port 2/2 on $mux $procmux$10904.
    dead port 2/2 on $mux $procmux$5058.
    dead port 1/3 on $pmux $procmux$2085.
    dead port 2/3 on $pmux $procmux$2085.
    dead port 2/2 on $mux $procmux$7827.
    dead port 2/2 on $mux $procmux$2082.
    dead port 2/2 on $mux $procmux$5056.
    dead port 2/2 on $mux $procmux$7825.
    dead port 2/2 on $mux $procmux$2080.
    dead port 2/2 on $mux $procmux$5044.
    dead port 1/2 on $mux $procmux$10902.
    dead port 2/2 on $mux $procmux$18656.
    dead port 1/3 on $pmux $procmux$2063.
    dead port 2/3 on $pmux $procmux$2063.
    dead port 2/2 on $mux $procmux$2060.
    dead port 2/2 on $mux $procmux$10872.
    dead port 2/2 on $mux $procmux$7804.
    dead port 1/2 on $mux $procmux$2058.
    dead port 1/2 on $mux $procmux$21190.
    dead port 2/2 on $mux $procmux$2056.
    dead port 2/2 on $mux $procmux$10870.
    dead port 2/2 on $mux $procmux$7802.
    dead port 2/2 on $mux $procmux$13748.
    dead port 2/2 on $mux $procmux$18654.
    dead port 1/3 on $pmux $procmux$2040.
    dead port 2/3 on $pmux $procmux$2040.
    dead port 2/2 on $mux $procmux$2037.
    dead port 2/2 on $mux $procmux$13746.
    dead port 2/2 on $mux $procmux$7782.
    dead port 2/2 on $mux $procmux$7780.
    dead port 1/2 on $mux $procmux$2035.
    dead port 2/2 on $mux $procmux$2033.
    dead port 1/2 on $mux $procmux$10868.
    dead port 2/2 on $mux $procmux$13710.
    dead port 2/2 on $mux $procmux$7761.
    dead port 2/2 on $mux $procmux$18606.
    dead port 2/2 on $mux $procmux$7759.
    dead port 1/3 on $pmux $procmux$2017.
    dead port 2/3 on $pmux $procmux$2017.
    dead port 2/2 on $mux $procmux$13708.
    dead port 2/2 on $mux $procmux$2014.
    dead port 2/2 on $mux $procmux$7741.
    dead port 2/2 on $mux $procmux$10838.
    dead port 1/2 on $mux $procmux$2012.
    dead port 2/2 on $mux $procmux$2010.
    dead port 2/2 on $mux $procmux$7739.
    dead port 2/2 on $mux $procmux$4252.
    dead port 2/2 on $mux $procmux$13706.
    dead port 2/2 on $mux $procmux$7720.
    dead port 1/3 on $pmux $procmux$1994.
    dead port 2/3 on $pmux $procmux$1994.
    dead port 2/2 on $mux $procmux$24110.
    dead port 2/2 on $mux $procmux$1991.
    dead port 2/2 on $mux $procmux$21134.
    dead port 2/2 on $mux $procmux$7718.
    dead port 2/2 on $mux $procmux$4617.
    dead port 2/2 on $mux $procmux$4250.
    dead port 2/2 on $mux $procmux$11973.
    dead port 2/2 on $mux $procmux$18604.
    dead port 1/3 on $pmux $procmux$1975.
    dead port 2/3 on $pmux $procmux$1975.
    dead port 2/2 on $mux $procmux$7699.
    dead port 2/2 on $mux $procmux$1972.
    dead port 2/2 on $mux $procmux$17536.
    dead port 2/2 on $mux $procmux$13667.
    dead port 2/2 on $mux $procmux$7697.
    dead port 1/2 on $mux $procmux$7693.
    dead port 2/2 on $mux $procmux$13665.
    dead port 2/2 on $mux $procmux$7691.
    dead port 1/3 on $pmux $procmux$1956.
    dead port 2/3 on $pmux $procmux$1956.
    dead port 2/2 on $mux $procmux$1953.
    dead port 2/2 on $mux $procmux$10836.
    dead port 2/2 on $mux $procmux$7672.
    dead port 2/2 on $mux $procmux$18556.
    dead port 2/2 on $mux $procmux$7670.
    dead port 1/3 on $pmux $procmux$1937.
    dead port 2/3 on $pmux $procmux$1937.
    dead port 1/2 on $mux $procmux$10834.
    dead port 2/2 on $mux $procmux$1934.
    dead port 2/2 on $mux $procmux$13628.
    dead port 2/2 on $mux $procmux$10804.
    dead port 2/2 on $mux $procmux$7649.
    dead port 1/2 on $mux $procmux$17119.
    dead port 1/3 on $pmux $procmux$1918.
    dead port 2/3 on $pmux $procmux$1918.
    dead port 2/2 on $mux $procmux$7647.
    dead port 2/2 on $mux $procmux$1915.
    dead port 2/2 on $mux $procmux$10802.
    dead port 2/2 on $mux $procmux$13626.
    dead port 2/2 on $mux $procmux$18554.
    dead port 1/3 on $pmux $procmux$1899.
    dead port 2/3 on $pmux $procmux$1899.
    dead port 2/2 on $mux $procmux$7626.
    dead port 2/2 on $mux $procmux$1896.
    dead port 2/2 on $mux $procmux$21132.
    dead port 2/2 on $mux $procmux$7624.
    dead port 2/2 on $mux $procmux$13589.
    dead port 1/3 on $pmux $procmux$1880.
    dead port 2/3 on $pmux $procmux$1880.
    dead port 2/2 on $mux $procmux$4990.
    dead port 2/2 on $mux $procmux$1877.
    dead port 1/2 on $mux $procmux$10800.
    dead port 2/2 on $mux $procmux$4988.
    dead port 2/2 on $mux $procmux$4981.
    dead port 2/2 on $mux $procmux$4979.
    dead port 1/3 on $pmux $procmux$1862.
    dead port 2/3 on $pmux $procmux$1862.
    dead port 2/2 on $mux $procmux$13587.
    dead port 2/2 on $mux $procmux$1859.
    dead port 2/2 on $mux $procmux$4972.
    dead port 2/2 on $mux $procmux$4970.
    dead port 2/2 on $mux $procmux$1857.
    dead port 2/2 on $mux $procmux$4963.
    dead port 2/2 on $mux $procmux$7603.
    dead port 2/2 on $mux $procmux$4961.
    dead port 2/2 on $mux $procmux$10770.
    dead port 1/3 on $pmux $procmux$1841.
    dead port 2/3 on $pmux $procmux$1841.
    dead port 2/2 on $mux $procmux$4954.
    dead port 2/2 on $mux $procmux$1838.
    dead port 2/2 on $mux $procmux$4241.
    dead port 2/2 on $mux $procmux$7601.
    dead port 2/2 on $mux $procmux$4952.
    dead port 2/2 on $mux $procmux$13550.
    dead port 2/2 on $mux $procmux$4945.
    dead port 2/2 on $mux $procmux$1836.
    dead port 2/2 on $mux $procmux$23112.
    dead port 2/2 on $mux $procmux$4943.
    dead port 2/2 on $mux $procmux$18503.
    dead port 2/2 on $mux $procmux$4936.
    dead port 1/3 on $pmux $procmux$1820.
    dead port 2/3 on $pmux $procmux$1820.
    dead port 2/2 on $mux $procmux$1817.
    dead port 2/2 on $mux $procmux$4239.
    dead port 2/2 on $mux $procmux$4934.
    dead port 2/2 on $mux $procmux$13548.
    dead port 2/2 on $mux $procmux$1815.
    dead port 2/2 on $mux $procmux$17117.
    dead port 2/2 on $mux $procmux$4922.
    dead port 2/2 on $mux $procmux$4920.
    dead port 1/3 on $pmux $procmux$1799.
    dead port 2/3 on $pmux $procmux$1799.
    dead port 2/2 on $mux $procmux$1796.
    dead port 2/2 on $mux $procmux$10768.
    dead port 2/2 on $mux $procmux$7579.
    dead port 1/2 on $mux $procmux$1794.
    dead port 2/2 on $mux $procmux$4908.
    dead port 2/2 on $mux $procmux$1792.
    dead port 2/2 on $mux $procmux$13511.
    dead port 2/2 on $mux $procmux$11939.
    dead port 2/2 on $mux $procmux$4906.
    dead port 2/2 on $mux $procmux$7577.
    dead port 2/2 on $mux $procmux$18501.
    dead port 1/3 on $pmux $procmux$1777.
    dead port 2/3 on $pmux $procmux$1777.
    dead port 2/2 on $mux $procmux$4895.
    dead port 2/2 on $mux $procmux$1774.
    dead port 2/2 on $mux $procmux$4893.
    dead port 2/2 on $mux $procmux$13509.
    dead port 1/2 on $mux $procmux$1772.
    dead port 2/2 on $mux $procmux$1770.
    dead port 1/2 on $mux $procmux$10766.
    dead port 2/2 on $mux $procmux$4882.
    dead port 2/2 on $mux $procmux$10763.
    dead port 2/2 on $mux $procmux$7557.
    dead port 1/3 on $pmux $procmux$1755.
    dead port 2/3 on $pmux $procmux$1755.
    dead port 2/2 on $mux $procmux$7555.
    dead port 2/2 on $mux $procmux$1752.
    dead port 2/2 on $mux $procmux$13472.
    dead port 1/3 on $pmux $procmux$1737.
    dead port 2/3 on $pmux $procmux$1737.
    dead port 2/2 on $mux $procmux$13470.
    dead port 2/2 on $mux $procmux$1734.
    dead port 2/2 on $mux $procmux$7535.
    dead port 2/2 on $mux $procmux$18450.
    dead port 2/2 on $mux $procmux$7533.
    dead port 2/2 on $mux $procmux$13433.
    dead port 1/3 on $pmux $procmux$1720.
    dead port 2/3 on $pmux $procmux$1720.
    dead port 2/2 on $mux $procmux$1717.
    dead port 2/2 on $mux $procmux$13431.
    dead port 2/2 on $mux $procmux$18448.
    dead port 1/3 on $pmux $procmux$1701.
    dead port 2/3 on $pmux $procmux$1701.
    dead port 2/2 on $mux $procmux$7511.
    dead port 2/2 on $mux $procmux$1698.
    dead port 2/2 on $mux $procmux$13429.
    dead port 2/2 on $mux $procmux$7509.
    dead port 1/3 on $pmux $procmux$1682.
    dead port 2/3 on $pmux $procmux$1682.
    dead port 2/2 on $mux $procmux$1679.
    dead port 2/2 on $mux $procmux$7489.
    dead port 1/3 on $pmux $procmux$1663.
    dead port 2/3 on $pmux $procmux$1663.
    dead port 2/2 on $mux $procmux$1660.
    dead port 2/2 on $mux $procmux$7487.
    dead port 2/2 on $mux $procmux$4230.
    dead port 2/2 on $mux $procmux$13389.
    dead port 2/2 on $mux $procmux$18397.
    dead port 1/3 on $pmux $procmux$1644.
    dead port 2/3 on $pmux $procmux$1644.
    dead port 2/2 on $mux $procmux$13387.
    dead port 2/2 on $mux $procmux$1641.
    dead port 2/2 on $mux $procmux$17069.
    dead port 2/2 on $mux $procmux$13385.
    dead port 1/3 on $pmux $procmux$1625.
    dead port 2/3 on $pmux $procmux$1625.
    dead port 2/2 on $mux $procmux$18395.
    dead port 2/2 on $mux $procmux$1622.
    dead port 1/3 on $pmux $procmux$1605.
    dead port 2/3 on $pmux $procmux$1605.
    dead port 2/2 on $mux $procmux$7472.
    dead port 2/2 on $mux $procmux$1602.
    dead port 2/2 on $mux $procmux$13345.
    dead port 2/2 on $mux $procmux$7470.
    dead port 2/2 on $mux $procmux$4228.
    dead port 1/3 on $pmux $procmux$1586.
    dead port 2/3 on $pmux $procmux$1586.
    dead port 2/2 on $mux $procmux$13343.
    dead port 2/2 on $mux $procmux$1583.
    dead port 2/2 on $mux $procmux$7455.
    dead port 2/2 on $mux $procmux$18344.
    dead port 2/2 on $mux $procmux$7453.
    dead port 2/2 on $mux $procmux$13341.
    dead port 1/3 on $pmux $procmux$1566.
    dead port 2/3 on $pmux $procmux$1566.
    dead port 2/2 on $mux $procmux$7438.
    dead port 2/2 on $mux $procmux$1563.
    dead port 2/2 on $mux $procmux$21653.
    dead port 2/2 on $mux $procmux$7436.
    dead port 1/3 on $pmux $procmux$1548.
    dead port 2/3 on $pmux $procmux$1548.
    dead port 2/2 on $mux $procmux$1545.
    dead port 2/2 on $mux $procmux$18342.
    dead port 2/2 on $mux $procmux$7421.
    dead port 2/2 on $mux $procmux$13301.
    dead port 2/2 on $mux $procmux$7419.
    dead port 1/3 on $pmux $procmux$1529.
    dead port 2/3 on $pmux $procmux$1529.
    dead port 2/2 on $mux $procmux$11937.
    dead port 2/2 on $mux $procmux$1526.
    dead port 2/2 on $mux $procmux$13299.
    dead port 2/2 on $mux $procmux$7404.
    dead port 2/2 on $mux $procmux$7402.
    dead port 1/3 on $pmux $procmux$1511.
    dead port 2/3 on $pmux $procmux$1511.
    dead port 2/2 on $mux $procmux$13297.
    dead port 2/2 on $mux $procmux$1508.
    dead port 1/2 on $mux $procmux$21130.
    dead port 2/2 on $mux $procmux$7387.
    dead port 1/3 on $pmux $procmux$1493.
    dead port 2/3 on $pmux $procmux$1493.
    dead port 2/2 on $mux $procmux$4828.
    dead port 2/2 on $mux $procmux$1490.
    dead port 2/2 on $mux $procmux$7385.
    dead port 2/2 on $mux $procmux$18292.
    dead port 1/3 on $pmux $procmux$1475.
    dead port 2/3 on $pmux $procmux$1475.
    dead port 2/2 on $mux $procmux$7370.
    dead port 2/2 on $mux $procmux$1472.
    dead port 2/2 on $mux $procmux$10726.
    dead port 2/2 on $mux $procmux$13257.
    dead port 2/2 on $mux $procmux$7368.
    dead port 1/3 on $pmux $procmux$1457.
    dead port 2/3 on $pmux $procmux$1457.
    dead port 2/2 on $mux $procmux$17067.
    dead port 2/2 on $mux $procmux$1454.
    dead port 2/2 on $mux $procmux$10724.
    dead port 2/2 on $mux $procmux$7353.
    dead port 2/2 on $mux $procmux$13255.
    dead port 2/2 on $mux $procmux$7351.
    dead port 1/3 on $pmux $procmux$1439.
    dead port 2/3 on $pmux $procmux$1439.
    dead port 2/2 on $mux $procmux$6604.
    dead port 2/2 on $mux $procmux$1436.
    dead port 2/2 on $mux $procmux$18290.
    dead port 2/2 on $mux $procmux$13253.
    dead port 2/2 on $mux $procmux$7336.
    dead port 2/2 on $mux $procmux$7334.
    dead port 1/3 on $pmux $procmux$1420.
    dead port 2/3 on $pmux $procmux$1420.
    dead port 2/2 on $mux $procmux$1417.
    dead port 2/2 on $mux $procmux$13214.
    dead port 2/2 on $mux $procmux$7319.
    dead port 2/2 on $mux $procmux$7317.
    dead port 1/3 on $pmux $procmux$1402.
    dead port 2/3 on $pmux $procmux$1402.
    dead port 2/2 on $mux $procmux$13212.
    dead port 2/2 on $mux $procmux$1399.
    dead port 2/2 on $mux $procmux$18240.
    dead port 2/2 on $mux $procmux$13176.
    dead port 2/2 on $mux $procmux$13174.
    dead port 1/3 on $pmux $procmux$1383.
    dead port 2/3 on $pmux $procmux$1383.
    dead port 2/2 on $mux $procmux$18238.
    dead port 2/2 on $mux $procmux$1380.
    dead port 2/2 on $mux $procmux$13138.
    dead port 1/2 on $mux $procmux$1378.
    dead port 2/2 on $mux $procmux$13136.
    dead port 1/2 on $mux $procmux$1376.
    dead port 2/2 on $mux $procmux$1374.
    dead port 1/2 on $mux $procmux$10722.
    dead port 1/3 on $pmux $procmux$1365.
    dead port 2/3 on $pmux $procmux$1365.
    dead port 2/2 on $mux $procmux$13100.
    dead port 2/2 on $mux $procmux$1362.
    dead port 2/2 on $mux $procmux$10719.
    dead port 2/2 on $mux $procmux$18188.
    dead port 2/2 on $mux $procmux$13098.
    dead port 2/2 on $mux $procmux$7251.
    dead port 2/2 on $mux $procmux$7249.
    dead port 2/2 on $mux $procmux$13062.
    dead port 2/2 on $mux $procmux$18186.
    dead port 2/2 on $mux $procmux$13060.
    dead port 1/3 on $pmux $procmux$1347.
    dead port 2/3 on $pmux $procmux$1347.
    dead port 2/2 on $mux $procmux$6602.
    dead port 2/2 on $mux $procmux$1344.
    dead port 2/2 on $mux $procmux$7226.
    dead port 2/2 on $mux $procmux$13058.
    dead port 2/2 on $mux $procmux$7224.
    dead port 2/2 on $mux $procmux$24112.
    dead port 2/2 on $mux $procmux$4219.
    dead port 1/3 on $pmux $procmux$1329.
    dead port 2/3 on $pmux $procmux$1329.
    dead port 2/2 on $mux $procmux$1326.
    dead port 2/2 on $mux $procmux$4217.
    dead port 2/2 on $mux $procmux$7201.
    dead port 2/2 on $mux $procmux$7199.
    dead port 2/2 on $mux $procmux$13020.
    dead port 2/2 on $mux $procmux$22842.
    dead port 2/2 on $mux $procmux$13018.
    dead port 1/3 on $pmux $procmux$1312.
    dead port 2/3 on $pmux $procmux$1312.
    dead port 2/2 on $mux $procmux$1309.
    dead port 2/2 on $mux $procmux$21074.
    dead port 2/2 on $mux $procmux$18136.
    dead port 2/2 on $mux $procmux$4605.
    dead port 2/2 on $mux $procmux$4774.
    dead port 2/2 on $mux $procmux$4603.
    dead port 2/2 on $mux $procmux$7176.
    dead port 2/2 on $mux $procmux$12983.
    dead port 2/2 on $mux $procmux$7174.
    dead port 2/2 on $mux $procmux$22086.
    dead port 1/3 on $pmux $procmux$1294.
    dead port 2/3 on $pmux $procmux$1294.
    dead port 2/2 on $mux $procmux$12981.
    dead port 2/2 on $mux $procmux$1291.
    dead port 2/2 on $mux $procmux$18134.
    dead port 2/2 on $mux $procmux$21072.
    dead port 2/2 on $mux $procmux$12946.
    dead port 2/2 on $mux $procmux$23598.
    dead port 2/2 on $mux $procmux$7150.
    dead port 1/3 on $pmux $procmux$1281.
    dead port 2/3 on $pmux $procmux$1281.
    dead port 2/2 on $mux $procmux$1278.
    dead port 2/2 on $mux $procmux$7148.
    dead port 2/2 on $mux $procmux$12944.
    dead port 2/2 on $mux $procmux$7126.
    dead port 2/2 on $mux $procmux$12909.
    dead port 2/2 on $mux $procmux$7124.
    dead port 1/3 on $pmux $procmux$1266.
    dead port 2/3 on $pmux $procmux$1266.
    dead port 2/2 on $mux $procmux$1263.
    dead port 2/2 on $mux $procmux$12907.
    dead port 2/2 on $mux $procmux$7102.
    dead port 2/2 on $mux $procmux$7100.
    dead port 2/2 on $mux $procmux$12872.
    dead port 1/2 on $mux $procmux$17065.
    dead port 2/2 on $mux $procmux$10681.
    dead port 2/2 on $mux $procmux$22734.
    dead port 1/3 on $pmux $procmux$1251.
    dead port 2/3 on $pmux $procmux$1251.
    dead port 2/2 on $mux $procmux$1248.
    dead port 2/2 on $mux $procmux$12870.
    dead port 2/2 on $mux $procmux$18083.
    dead port 2/2 on $mux $procmux$7078.
    dead port 2/2 on $mux $procmux$7076.
    dead port 2/2 on $mux $procmux$12835.
    dead port 2/2 on $mux $procmux$10679.
    dead port 2/2 on $mux $procmux$12833.
    dead port 1/3 on $pmux $procmux$1236.
    dead port 2/3 on $pmux $procmux$1236.
    dead port 2/2 on $mux $procmux$4208.
    dead port 2/2 on $mux $procmux$1233.
    dead port 2/2 on $mux $procmux$17063.
    dead port 2/2 on $mux $procmux$18081.
    dead port 2/2 on $mux $procmux$4590.
    dead port 2/2 on $mux $procmux$12798.
    dead port 2/2 on $mux $procmux$4588.
    dead port 2/2 on $mux $procmux$23868.
    dead port 2/2 on $mux $procmux$4206.
    dead port 1/3 on $pmux $procmux$1221.
    dead port 2/3 on $pmux $procmux$1221.
    dead port 2/2 on $mux $procmux$12796.
    dead port 2/2 on $mux $procmux$1218.
    dead port 2/2 on $mux $procmux$11903.
    dead port 1/2 on $mux $procmux$10677.
    dead port 2/2 on $mux $procmux$12761.
    dead port 2/2 on $mux $procmux$10674.
    dead port 2/2 on $mux $procmux$12759.
    dead port 2/2 on $mux $procmux$18031.
    dead port 2/2 on $mux $procmux$12724.
    dead port 1/3 on $pmux $procmux$1207.
    dead port 2/3 on $pmux $procmux$1207.
    dead port 2/2 on $mux $procmux$1204.
    dead port 2/2 on $mux $procmux$12722.
    dead port 2/2 on $mux $procmux$18029.
    dead port 2/2 on $mux $procmux$12687.
    dead port 2/2 on $mux $procmux$4720.
    dead port 1/2 on $mux $procmux$1202.
    dead port 1/2 on $mux $procmux$21070.
    dead port 2/2 on $mux $procmux$1200.
    dead port 2/2 on $mux $procmux$4718.
    dead port 1/3 on $pmux $procmux$1189.
    dead port 2/3 on $pmux $procmux$1189.
    dead port 2/2 on $mux $procmux$1186.
    dead port 1/2 on $mux $procmux$1184.
    dead port 1/2 on $mux $procmux$1182.
    dead port 2/2 on $mux $procmux$1180.
    dead port 1/3 on $pmux $procmux$1170.
    dead port 2/3 on $pmux $procmux$1170.
    dead port 2/2 on $mux $procmux$1167.
    dead port 2/2 on $mux $procmux$10638.
    dead port 2/2 on $mux $procmux$12685.
    dead port 2/2 on $mux $procmux$12650.
    dead port 2/2 on $mux $procmux$23760.
    dead port 2/2 on $mux $procmux$12648.
    dead port 1/3 on $pmux $procmux$1156.
    dead port 2/3 on $pmux $procmux$1156.
    dead port 2/2 on $mux $procmux$17980.
    dead port 2/2 on $mux $procmux$1153.
    dead port 2/2 on $mux $procmux$17015.
    dead port 2/2 on $mux $procmux$4701.
    dead port 2/2 on $mux $procmux$12646.
    dead port 2/2 on $mux $procmux$6980.
    dead port 1/3 on $pmux $procmux$1142.
    dead port 2/3 on $pmux $procmux$1142.
    dead port 2/2 on $mux $procmux$1139.
    dead port 2/2 on $mux $procmux$10636.
    dead port 2/2 on $mux $procmux$4575.
    dead port 2/2 on $mux $procmux$4573.
    dead port 2/2 on $mux $procmux$6978.
    dead port 2/2 on $mux $procmux$17978.
    dead port 1/3 on $pmux $procmux$1129.
    dead port 2/3 on $pmux $procmux$1129.
    dead port 2/2 on $mux $procmux$1126.
    dead port 2/2 on $mux $procmux$11901.
    dead port 2/2 on $mux $procmux$12607.
    dead port 2/2 on $mux $procmux$1124.
    dead port 1/3 on $pmux $procmux$1113.
    dead port 2/3 on $pmux $procmux$1113.
    dead port 2/2 on $mux $procmux$1110.
    dead port 2/2 on $mux $procmux$6956.
    dead port 2/2 on $mux $procmux$12605.
    dead port 2/2 on $mux $procmux$6954.
    dead port 1/3 on $pmux $procmux$1100.
    dead port 2/3 on $pmux $procmux$1100.
    dead port 2/2 on $mux $procmux$17933.
    dead port 1/2 on $mux $procmux$10634.
    dead port 2/2 on $mux $procmux$12603.
    dead port 1/3 on $pmux $procmux$4191.
    dead port 2/3 on $pmux $procmux$4191.
    dead port 2/2 on $mux $procmux$10631.
    dead port 2/2 on $mux $procmux$21926.
    dead port 2/2 on $mux $procmux$17931.
    dead port 2/2 on $mux $procmux$17013.
    dead port 2/2 on $mux $procmux$11899.
    dead port 2/2 on $mux $procmux$4560.
    dead port 2/2 on $mux $procmux$4558.
    dead port 1/3 on $pmux $procmux$1086.
    dead port 2/3 on $pmux $procmux$1086.
    dead port 2/2 on $mux $procmux$1083.
    dead port 2/2 on $mux $procmux$4543.
    dead port 2/2 on $mux $procmux$4541.
    dead port 1/3 on $pmux $procmux$1070.
    dead port 2/3 on $pmux $procmux$1070.
    dead port 2/2 on $mux $procmux$1067.
    dead port 2/2 on $mux $procmux$21014.
    dead port 2/2 on $mux $procmux$4526.
    dead port 2/2 on $mux $procmux$4524.
    dead port 1/3 on $pmux $procmux$1054.
    dead port 2/3 on $pmux $procmux$1054.
    dead port 2/2 on $mux $procmux$1051.
    dead port 2/2 on $mux $procmux$4509.
    dead port 2/2 on $mux $procmux$22084.
    dead port 2/2 on $mux $procmux$4507.
    dead port 1/3 on $pmux $procmux$1037.
    dead port 2/3 on $pmux $procmux$1037.
    dead port 2/2 on $mux $procmux$1034.
    dead port 2/2 on $mux $procmux$10594.
    dead port 1/3 on $pmux $procmux$4168.
    dead port 2/3 on $pmux $procmux$4168.
    dead port 2/2 on $mux $procmux$21012.
    dead port 1/3 on $pmux $procmux$1022.
    dead port 2/3 on $pmux $procmux$1022.
    dead port 2/2 on $mux $procmux$4492.
    dead port 2/2 on $mux $procmux$1019.
    dead port 2/2 on $mux $procmux$4490.
    dead port 1/3 on $pmux $procmux$1005.
    dead port 2/3 on $pmux $procmux$1005.
    dead port 2/2 on $mux $procmux$1002.
    dead port 2/2 on $mux $procmux$10592.
    dead port 2/2 on $mux $procmux$4474.
    dead port 2/2 on $mux $procmux$4472.
    dead port 1/3 on $pmux $procmux$989.
    dead port 2/3 on $pmux $procmux$989.
    dead port 2/2 on $mux $procmux$986.
    dead port 2/2 on $mux $procmux$4457.
    dead port 2/2 on $mux $procmux$4455.
    dead port 1/2 on $mux $procmux$10590.
    dead port 1/3 on $pmux $procmux$974.
    dead port 2/3 on $pmux $procmux$974.
    dead port 2/2 on $mux $procmux$971.
    dead port 2/2 on $mux $procmux$10587.
    dead port 1/3 on $pmux $procmux$959.
    dead port 2/3 on $pmux $procmux$959.
    dead port 2/2 on $mux $procmux$956.
    dead port 2/2 on $mux $procmux$21651.
    dead port 1/3 on $pmux $procmux$946.
    dead port 2/3 on $pmux $procmux$946.
    dead port 2/2 on $mux $procmux$943.
    dead port 1/2 on $mux $procmux$17011.
    dead port 1/3 on $pmux $procmux$932.
    dead port 2/3 on $pmux $procmux$932.
    dead port 2/2 on $mux $procmux$12564.
    dead port 2/2 on $mux $procmux$929.
    dead port 2/2 on $mux $procmux$6909.
    dead port 2/2 on $mux $procmux$6907.
    dead port 2/2 on $mux $procmux$12562.
    dead port 1/3 on $pmux $procmux$918.
    dead port 2/3 on $pmux $procmux$918.
    dead port 2/2 on $mux $procmux$915.
    dead port 1/2 on $mux $procmux$6903.
    dead port 2/2 on $mux $procmux$17886.
    dead port 1/3 on $pmux $procmux$904.
    dead port 2/3 on $pmux $procmux$904.
    dead port 2/2 on $mux $procmux$6901.
    dead port 2/2 on $mux $procmux$12560.
    dead port 1/3 on $pmux $procmux$4145.
    dead port 2/3 on $pmux $procmux$4145.
    dead port 1/2 on $mux $procmux$21010.
    dead port 2/2 on $mux $procmux$17884.
    dead port 2/2 on $mux $procmux$10551.
    dead port 2/2 on $mux $procmux$12521.
    dead port 2/2 on $mux $procmux$12519.
    dead port 2/2 on $mux $procmux$6876.
    dead port 2/2 on $mux $procmux$4445.
    dead port 2/2 on $mux $procmux$17009.
    dead port 2/2 on $mux $procmux$17839.
    dead port 2/2 on $mux $procmux$4443.
    dead port 2/2 on $mux $procmux$10549.
    dead port 2/2 on $mux $procmux$6874.
    dead port 2/2 on $mux $procmux$12517.
    dead port 1/2 on $mux $procmux$6870.
    dead port 2/2 on $mux $procmux$6868.
    dead port 2/2 on $mux $procmux$6849.
    dead port 1/2 on $mux $procmux$10547.
    dead port 2/2 on $mux $procmux$10544.
    dead port 2/2 on $mux $procmux$6847.
    dead port 2/2 on $mux $procmux$6589.
    dead port 1/3 on $pmux $procmux$887.
    dead port 2/3 on $pmux $procmux$887.
    dead port 2/2 on $mux $procmux$884.
    dead port 1/3 on $pmux $procmux$872.
    dead port 2/3 on $pmux $procmux$872.
    dead port 2/2 on $mux $procmux$869.
    dead port 1/3 on $pmux $procmux$857.
    dead port 2/3 on $pmux $procmux$857.
    dead port 2/2 on $mux $procmux$854.
    dead port 1/3 on $pmux $procmux$842.
    dead port 2/3 on $pmux $procmux$842.
    dead port 2/2 on $mux $procmux$839.
    dead port 2/2 on $mux $procmux$17485.
    dead port 2/2 on $mux $procmux$4432.
    dead port 2/2 on $mux $procmux$4430.
    dead port 2/2 on $mux $procmux$16961.
    dead port 1/3 on $pmux $procmux$826.
    dead port 2/3 on $pmux $procmux$826.
    dead port 2/2 on $mux $procmux$823.
    dead port 2/2 on $mux $procmux$10509.
    dead port 1/3 on $pmux $procmux$811.
    dead port 2/3 on $pmux $procmux$811.
    dead port 2/2 on $mux $procmux$808.
    dead port 2/2 on $mux $procmux$20954.
    dead port 2/2 on $mux $procmux$4418.
    dead port 2/2 on $mux $procmux$4416.
    dead port 2/2 on $mux $procmux$10507.
    dead port 1/3 on $pmux $procmux$795.
    dead port 2/3 on $pmux $procmux$795.
    dead port 2/2 on $mux $procmux$792.
    dead port 1/3 on $pmux $procmux$781.
    dead port 2/3 on $pmux $procmux$781.
    dead port 2/2 on $mux $procmux$778.
    dead port 2/2 on $mux $procmux$4665.
    dead port 2/2 on $mux $procmux$4404.
    dead port 1/3 on $pmux $procmux$767.
    dead port 2/3 on $pmux $procmux$767.
    dead port 2/2 on $mux $procmux$4402.
    dead port 2/2 on $mux $procmux$764.
    dead port 2/2 on $mux $procmux$16959.
    dead port 2/2 on $mux $procmux$6587.
    dead port 1/3 on $pmux $procmux$755.
    dead port 2/3 on $pmux $procmux$755.
    dead port 2/2 on $mux $procmux$752.
    dead port 1/2 on $mux $procmux$10505.
    dead port 2/2 on $mux $procmux$12478.
    dead port 2/2 on $mux $procmux$17837.
    dead port 1/2 on $mux $procmux$6843.
    dead port 2/2 on $mux $procmux$24166.
    dead port 1/3 on $pmux $procmux$742.
    dead port 2/3 on $pmux $procmux$742.
    dead port 2/2 on $mux $procmux$12476.
    dead port 2/2 on $mux $procmux$739.
    dead port 2/2 on $mux $procmux$4391.
    dead port 2/2 on $mux $procmux$6841.
    dead port 2/2 on $mux $procmux$4389.
    dead port 2/2 on $mux $procmux$10502.
    dead port 1/3 on $pmux $procmux$729.
    dead port 2/3 on $pmux $procmux$729.
    dead port 2/2 on $mux $procmux$6822.
    dead port 2/2 on $mux $procmux$726.
    dead port 2/2 on $mux $procmux$4689.
    dead port 2/2 on $mux $procmux$12474.
    dead port 2/2 on $mux $procmux$6820.
    dead port 2/2 on $mux $procmux$17792.
    dead port 1/3 on $pmux $procmux$716.
    dead port 2/3 on $pmux $procmux$716.
    dead port 1/2 on $mux $procmux$6816.
    dead port 2/2 on $mux $procmux$713.
    dead port 2/2 on $mux $procmux$6814.
    dead port 1/3 on $pmux $procmux$4134.
    dead port 2/3 on $pmux $procmux$4134.
    dead port 1/2 on $mux $procmux$711.
    dead port 2/2 on $mux $procmux$6795.
    dead port 2/2 on $mux $procmux$709.
    dead port 2/2 on $mux $procmux$6793.
    dead port 1/3 on $pmux $procmux$699.
    dead port 2/3 on $pmux $procmux$699.
    dead port 2/2 on $mux $procmux$12435.
    dead port 2/2 on $mux $procmux$23166.
    dead port 2/2 on $mux $procmux$17790.
    dead port 1/2 on $mux $procmux$6789.
    dead port 2/2 on $mux $procmux$12433.
    dead port 2/2 on $mux $procmux$6787.
    dead port 2/2 on $mux $procmux$6768.
    dead port 2/2 on $mux $procmux$12431.
    dead port 2/2 on $mux $procmux$6766.
    dead port 2/2 on $mux $procmux$6760.
    dead port 2/2 on $mux $procmux$17745.
    dead port 2/2 on $mux $procmux$6758.
    dead port 2/2 on $mux $procmux$10467.
    dead port 2/2 on $mux $procmux$16916.
    dead port 2/2 on $mux $procmux$12392.
    dead port 2/2 on $mux $procmux$17743.
    dead port 2/2 on $mux $procmux$684.
    dead port 2/2 on $mux $procmux$6740.
    dead port 2/2 on $mux $procmux$12390.
    dead port 2/2 on $mux $procmux$6738.
    dead port 2/2 on $mux $procmux$658.
    dead port 2/2 on $mux $procmux$11861.
    dead port 2/2 on $mux $procmux$647.
    dead port 2/2 on $mux $procmux$12388.
    dead port 2/2 on $mux $procmux$643.
    dead port 2/2 on $mux $procmux$636.
    dead port 2/2 on $mux $procmux$6720.
    dead port 2/2 on $mux $procmux$17698.
    dead port 2/2 on $mux $procmux$6718.
    dead port 2/2 on $mux $procmux$12349.
    dead port 2/2 on $mux $procmux$4380.
    dead port 2/2 on $mux $procmux$6701.
    dead port 2/2 on $mux $procmux$4378.
    dead port 2/2 on $mux $procmux$17696.
    dead port 2/2 on $mux $procmux$6699.
    dead port 2/2 on $mux $procmux$12347.
    dead port 2/2 on $mux $procmux$6694.
    dead port 2/2 on $mux $procmux$10465.
    dead port 2/2 on $mux $procmux$6692.
    dead port 2/2 on $mux $procmux$20952.
    dead port 2/2 on $mux $procmux$12345.
    dead port 2/2 on $mux $procmux$12305.
    dead port 2/2 on $mux $procmux$6679.
    dead port 2/2 on $mux $procmux$6677.
    dead port 1/3 on $pmux $procmux$4115.
    dead port 2/3 on $pmux $procmux$4115.
    dead port 2/2 on $mux $procmux$12303.
    dead port 2/2 on $mux $procmux$17645.
    dead port 1/2 on $mux $procmux$12301.
    dead port 2/2 on $mux $procmux$12298.
    dead port 2/2 on $mux $procmux$10454.
    dead port 2/2 on $mux $procmux$17643.
    dead port 2/2 on $mux $procmux$12263.
    dead port 2/2 on $mux $procmux$6664.
    dead port 2/2 on $mux $procmux$6662.
Removed 1667 multiplexer ports.
<suppressed ~4749 debug messages>

3.6.4. Executing OPT_REDUCE pass (consolidate $*mux and $reduce_* inputs).
  Optimizing cells in module \tv80_mcode_gate.
    New ctrl vector for $pmux cell $procmux$22900: { $auto$opt_reduce.cc:137:opt_pmux$24448 $procmux$22654_CMP }
    New ctrl vector for $pmux cell $procmux$23224: { $auto$opt_reduce.cc:137:opt_pmux$24450 $procmux$22665_CMP }
    New ctrl vector for $pmux cell $procmux$3724: { $procmux$4139_CTRL $procmux$4140_CTRL $procmux$4698_CMP [34] $procmux$4698_CMP [41] $procmux$4111_CTRL $procmux$4112_CTRL $procmux$4142_CTRL $procmux$4143_CTRL $auto$opt_reduce.cc:137:opt_pmux$24452 }
    New ctrl vector for $pmux cell $procmux$22738: { $auto$opt_reduce.cc:137:opt_pmux$24456 $procmux$22852_CTRL $procmux$6603_CTRL $procmux$22639_CMP $procmux$22640_CMP $procmux$22641_CMP $procmux$22643_CMP $procmux$22644_CMP $auto$opt_reduce.cc:137:opt_pmux$24454 $procmux$22650_CMP $procmux$22653_CMP $procmux$22658_CMP $procmux$22659_CMP $procmux$22662_CMP $procmux$22667_CMP }
    New ctrl vector for $pmux cell $procmux$23710: { $auto$opt_reduce.cc:137:opt_pmux$24458 $procmux$22650_CMP }
    New ctrl vector for $pmux cell $procmux$23548: { $auto$opt_reduce.cc:137:opt_pmux$24460 $procmux$22642_CMP }
    New ctrl vector for $pmux cell $procmux$4994: { $auto$opt_reduce.cc:137:opt_pmux$24464 $procmux$22852_CTRL $procmux$6603_CTRL $procmux$22638_CMP $procmux$22639_CMP $procmux$22640_CMP $auto$opt_reduce.cc:137:opt_pmux$24462 $procmux$22653_CMP $procmux$22662_CMP $procmux$22666_CMP $procmux$22667_CMP }
    New ctrl vector for $pmux cell $procmux$23062: { $auto$opt_reduce.cc:137:opt_pmux$24466 $procmux$22641_CMP }
    New ctrl vector for $pmux cell $procmux$24409: $auto$opt_reduce.cc:137:opt_pmux$24468
    New ctrl vector for $pmux cell $procmux$21876: { $auto$opt_reduce.cc:137:opt_pmux$24470 $procmux$22679_CMP }
    New ctrl vector for $pmux cell $procmux$23116: { $auto$opt_reduce.cc:137:opt_pmux$24472 $procmux$22663_CMP }
    New ctrl vector for $pmux cell $procmux$23656: { $auto$opt_reduce.cc:137:opt_pmux$24474 $procmux$6603_CTRL $procmux$22638_CMP $procmux$22645_CMP $procmux$22646_CMP $procmux$22653_CMP }
    New ctrl vector for $pmux cell $procmux$24035: { $procmux$21715_CTRL $procmux$22686_CMP $procmux$22687_CMP $auto$opt_reduce.cc:137:opt_pmux$24476 }
    New ctrl vector for $pmux cell $procmux$4644: { $procmux$4681_CTRL $auto$opt_reduce.cc:137:opt_pmux$24478 $procmux$4357_CTRL $procmux$22678_CMP }
    New ctrl vector for $pmux cell $procmux$4632: { $procmux$4681_CTRL $procmux$4682_CTRL $procmux$4357_CTRL $procmux$4368_CTRL $auto$opt_reduce.cc:137:opt_pmux$24480 $procmux$22678_CMP $procmux$4676_CTRL }
    New ctrl vector for $pmux cell $procmux$4832: { $auto$opt_reduce.cc:137:opt_pmux$24482 $procmux$22688_CMP $procmux$22852_CTRL $procmux$22639_CMP $procmux$22640_CMP $procmux$22641_CMP $procmux$22650_CMP $procmux$22653_CMP $procmux$22658_CMP $procmux$22659_CMP $procmux$22662_CMP $procmux$22667_CMP $procmux$22669_CMP $procmux$22672_CMP $procmux$22673_CMP $procmux$22674_CMP $procmux$22678_CMP $procmux$22679_CMP }
    New ctrl vector for $pmux cell $procmux$5282: { $auto$opt_reduce.cc:137:opt_pmux$24484 $procmux$22688_CMP $procmux$22852_CTRL $procmux$22639_CMP $procmux$22640_CMP $procmux$22641_CMP $procmux$22650_CMP $procmux$22653_CMP $procmux$22658_CMP $procmux$22659_CMP $procmux$22660_CMP $procmux$22661_CMP $procmux$22662_CMP $procmux$22667_CMP $procmux$22669_CMP $procmux$22672_CMP $procmux$22673_CMP $procmux$22674_CMP $procmux$22678_CMP $procmux$22679_CMP }
    New ctrl vector for $pmux cell $procmux$23332: { $auto$opt_reduce.cc:137:opt_pmux$24486 $procmux$22639_CMP $procmux$22640_CMP $procmux$22669_CMP $procmux$22670_CMP }
    New ctrl vector for $pmux cell $procmux$23764: { $auto$opt_reduce.cc:137:opt_pmux$24488 $procmux$22658_CMP $procmux$22659_CMP }
    New ctrl vector for $pmux cell $procmux$23818: { $auto$opt_reduce.cc:137:opt_pmux$24492 $procmux$22641_CMP $auto$opt_reduce.cc:137:opt_pmux$24490 $procmux$22650_CMP $procmux$22658_CMP $procmux$22659_CMP $procmux$22660_CMP $procmux$22661_CMP }
    New ctrl vector for $pmux cell $procmux$4608: { $procmux$4681_CTRL $procmux$4682_CTRL $procmux$4357_CTRL $procmux$4368_CTRL $auto$opt_reduce.cc:137:opt_pmux$24494 $procmux$22678_CMP $procmux$4676_CTRL }
    New ctrl vector for $pmux cell $procmux$3805: { $auto$opt_reduce.cc:137:opt_pmux$24502 $auto$opt_reduce.cc:137:opt_pmux$24500 $auto$opt_reduce.cc:137:opt_pmux$24498 $auto$opt_reduce.cc:137:opt_pmux$24496 }
    New ctrl vector for $pmux cell $procmux$4778: { $auto$opt_reduce.cc:137:opt_pmux$24506 $auto$opt_reduce.cc:137:opt_pmux$24504 $procmux$22650_CMP $procmux$22658_CMP $procmux$22659_CMP $procmux$22660_CMP $procmux$22661_CMP $procmux$22662_CMP $procmux$22666_CMP $procmux$22670_CMP $procmux$23049_CTRL $procmux$22678_CMP $procmux$22679_CMP }
    New ctrl vector for $pmux cell $procmux$23278: { $auto$opt_reduce.cc:137:opt_pmux$24508 $procmux$22668_CMP }
    New ctrl vector for $pmux cell $procmux$23602: { $auto$opt_reduce.cc:137:opt_pmux$24510 $procmux$22641_CMP $procmux$22643_CMP $procmux$22644_CMP }
    New ctrl vector for $pmux cell $procmux$22684: { $auto$opt_reduce.cc:137:opt_pmux$24512 $procmux$22688_CMP $procmux$22689_CMP }
    New ctrl vector for $pmux cell $procmux$22846: { $auto$opt_reduce.cc:137:opt_pmux$24514 $procmux$22652_CMP }
    New ctrl vector for $pmux cell $procmux$21930: { $auto$opt_reduce.cc:137:opt_pmux$24516 $procmux$22688_CMP $procmux$22689_CMP $procmux$22852_CTRL $procmux$6603_CTRL $procmux$22638_CMP $procmux$22639_CMP $procmux$22640_CMP $procmux$22653_CMP $procmux$22658_CMP $procmux$22659_CMP $procmux$22661_CMP $procmux$22662_CMP $procmux$22666_CMP $procmux$22667_CMP $procmux$22669_CMP $procmux$22670_CMP $procmux$22672_CMP $procmux$22673_CMP $procmux$22674_CMP $procmux$22675_CMP $procmux$22676_CMP $procmux$22677_CMP $procmux$22678_CMP $procmux$22679_CMP }
    New ctrl vector for $pmux cell $procmux$4724: { $auto$opt_reduce.cc:137:opt_pmux$24518 $procmux$22662_CMP $procmux$22666_CMP $procmux$23049_CTRL }
    New ctrl vector for $pmux cell $procmux$21768: { $auto$opt_reduce.cc:137:opt_pmux$24528 $auto$opt_reduce.cc:137:opt_pmux$24526 $procmux$6603_CTRL $procmux$22639_CMP $auto$opt_reduce.cc:137:opt_pmux$24524 $procmux$22643_CMP $procmux$22653_CMP $procmux$22658_CMP $procmux$22659_CMP $auto$opt_reduce.cc:137:opt_pmux$24522 $procmux$22661_CMP $auto$opt_reduce.cc:137:opt_pmux$24520 $procmux$22678_CMP $procmux$22679_CMP }
    New ctrl vector for $pmux cell $procmux$23872: { $auto$opt_reduce.cc:137:opt_pmux$24530 $procmux$22641_CMP $procmux$23025_CTRL $procmux$22650_CMP $procmux$22657_CMP $procmux$22658_CMP $procmux$22659_CMP }
    New ctrl vector for $pmux cell $procmux$22630: { $auto$opt_reduce.cc:137:opt_pmux$24532 $procmux$22641_CMP $procmux$22643_CMP $procmux$22644_CMP $procmux$22650_CMP }
    New ctrl vector for $pmux cell $procmux$24413: $auto$opt_reduce.cc:137:opt_pmux$24534
    New ctrl vector for $pmux cell $procmux$22792: { $auto$opt_reduce.cc:137:opt_pmux$24536 $procmux$22651_CMP }
    New ctrl vector for $pmux cell $procmux$24170: { $auto$opt_reduce.cc:137:opt_pmux$24538 $procmux$22688_CMP $procmux$22689_CMP $procmux$22639_CMP $procmux$22640_CMP $procmux$22641_CMP $procmux$22643_CMP $procmux$22644_CMP $procmux$22645_CMP $procmux$22646_CMP $procmux$22653_CMP $procmux$22660_CMP $procmux$22669_CMP $procmux$22670_CMP $procmux$23049_CTRL $procmux$22672_CMP $procmux$22675_CMP $procmux$22678_CMP }
    New ctrl vector for $pmux cell $procmux$22090: { $auto$opt_reduce.cc:137:opt_pmux$24542 $procmux$22641_CMP $auto$opt_reduce.cc:137:opt_pmux$24540 $procmux$22650_CMP $procmux$22658_CMP $procmux$22659_CMP $procmux$22660_CMP $procmux$22661_CMP $procmux$22662_CMP $procmux$22666_CMP $procmux$22670_CMP $procmux$23049_CTRL $procmux$22678_CMP $procmux$22679_CMP }
    New ctrl vector for $pmux cell $procmux$4656: { $procmux$4681_CTRL $auto$opt_reduce.cc:137:opt_pmux$24544 $procmux$4357_CTRL $procmux$4685_CTRL $procmux$22678_CMP }
    New ctrl vector for $pmux cell $procmux$23008: { $auto$opt_reduce.cc:137:opt_pmux$24546 $procmux$22656_CMP }
    New ctrl vector for $pmux cell $procmux$23440: { $auto$opt_reduce.cc:137:opt_pmux$24548 $procmux$22852_CTRL }
    New ctrl vector for $pmux cell $procmux$23981: { $auto$opt_reduce.cc:137:opt_pmux$24550 $procmux$22689_CMP $procmux$22675_CMP $procmux$22676_CMP $procmux$22677_CMP }
    New ctrl vector for $pmux cell $procmux$891: { $procmux$4108_CTRL $procmux$4698_CMP [34] $procmux$4698_CMP [41] $procmux$4111_CTRL $procmux$4112_CTRL $procmux$4132_CTRL $procmux$4142_CTRL $procmux$4143_CTRL $procmux$4189_CTRL }
    New ctrl vector for $pmux cell $procmux$4668: { $auto$opt_reduce.cc:137:opt_pmux$24554 $auto$opt_reduce.cc:137:opt_pmux$24552 $procmux$4685_CTRL }
    New ctrl vector for $pmux cell $procmux$22954: { $auto$opt_reduce.cc:137:opt_pmux$24556 $procmux$22655_CMP }
    New ctrl vector for $pmux cell $procmux$5142: { $auto$opt_reduce.cc:137:opt_pmux$24558 $procmux$22852_CTRL $procmux$6603_CTRL $procmux$22638_CMP $procmux$22639_CMP $procmux$22640_CMP $procmux$22648_CMP $procmux$22649_CMP $procmux$22653_CMP $procmux$22662_CMP $procmux$22666_CMP $procmux$22667_CMP }
    New ctrl vector for $pmux cell $procmux$24417: $auto$opt_reduce.cc:137:opt_pmux$24560
    New ctrl vector for $pmux cell $procmux$4692: $auto$opt_reduce.cc:137:opt_pmux$24562
    New ctrl vector for $pmux cell $procmux$4680: { $procmux$4681_CTRL $auto$opt_reduce.cc:137:opt_pmux$24564 $procmux$4357_CTRL $procmux$4685_CTRL $procmux$22678_CMP }
    New ctrl vector for $pmux cell $procmux$24116: { $auto$opt_reduce.cc:137:opt_pmux$24566 $procmux$22669_CMP $procmux$22670_CMP }
    New ctrl vector for $pmux cell $procmux$693: { $procmux$4132_CTRL $procmux$4189_CTRL }
    New ctrl vector for $pmux cell $procmux$23386: { $auto$opt_reduce.cc:137:opt_pmux$24568 $procmux$6603_CTRL $procmux$22638_CMP $procmux$22639_CMP $procmux$22640_CMP $procmux$22645_CMP $procmux$22646_CMP $procmux$22653_CMP $procmux$22669_CMP $procmux$22670_CMP $procmux$22672_CMP $procmux$22675_CMP }
    New ctrl vector for $pmux cell $procmux$23170: { $auto$opt_reduce.cc:137:opt_pmux$24570 $procmux$22664_CMP }
    New ctrl vector for $pmux cell $procmux$24421: $auto$opt_reduce.cc:137:opt_pmux$24572
    New ctrl vector for $pmux cell $procmux$24425: $auto$opt_reduce.cc:137:opt_pmux$24574
    New ctrl vector for $pmux cell $procmux$24429: $auto$opt_reduce.cc:137:opt_pmux$24576
    New ctrl vector for $pmux cell $procmux$24433: $auto$opt_reduce.cc:137:opt_pmux$24578
    New ctrl vector for $pmux cell $procmux$24437: $auto$opt_reduce.cc:137:opt_pmux$24580
    New ctrl vector for $pmux cell $procmux$21822: { $auto$opt_reduce.cc:137:opt_pmux$24582 $procmux$22679_CMP }
    New ctrl vector for $pmux cell $procmux$24441: $auto$opt_reduce.cc:137:opt_pmux$24584
    New ctrl vector for $pmux cell $procmux$23494: { $auto$opt_reduce.cc:137:opt_pmux$24586 $procmux$22639_CMP $procmux$22640_CMP }
    New ctrl vector for $pmux cell $procmux$21714: { $auto$opt_reduce.cc:137:opt_pmux$24588 $procmux$22688_CMP $procmux$22852_CTRL $procmux$22639_CMP $procmux$22640_CMP $procmux$22653_CMP $procmux$22658_CMP $procmux$22659_CMP $procmux$22662_CMP $procmux$22667_CMP $procmux$22669_CMP $procmux$22672_CMP $procmux$22673_CMP $procmux$22674_CMP $procmux$22678_CMP $procmux$22679_CMP }
    New input vector for $reduce_or cell $auto$opt_reduce.cc:131:opt_pmux$24447: { $procmux$22691_CMP [0] $procmux$22690_CMP $procmux$22689_CMP $procmux$22688_CMP $procmux$22687_CMP $procmux$22686_CMP $procmux$22685_CMP $procmux$22679_CMP $procmux$22678_CMP $procmux$22677_CMP $procmux$22676_CMP $procmux$22675_CMP $procmux$22674_CMP $procmux$22673_CMP $procmux$22672_CMP $procmux$22671_CMP $procmux$22670_CMP $procmux$22669_CMP $procmux$22668_CMP $procmux$22667_CMP $procmux$22666_CMP $procmux$22665_CMP $procmux$22664_CMP $procmux$22663_CMP $procmux$22662_CMP $procmux$22661_CMP $procmux$22660_CMP $procmux$22659_CMP $procmux$22658_CMP $procmux$22657_CMP $procmux$22656_CMP $procmux$22655_CMP $procmux$22653_CMP $procmux$22652_CMP $procmux$22651_CMP $procmux$22650_CMP $procmux$22649_CMP $procmux$22648_CMP $procmux$22647_CMP $procmux$22646_CMP $procmux$22645_CMP $procmux$22644_CMP $procmux$22643_CMP $procmux$22642_CMP $procmux$22641_CMP $procmux$22640_CMP $procmux$22639_CMP $procmux$22638_CMP $procmux$22637_CMP [7:1] }
    New input vector for $reduce_or cell $auto$opt_reduce.cc:131:opt_pmux$24449: { $procmux$22691_CMP [0] $procmux$22690_CMP $procmux$22689_CMP $procmux$22688_CMP $procmux$22687_CMP $procmux$22686_CMP $procmux$22685_CMP $procmux$22679_CMP $procmux$22678_CMP $procmux$22677_CMP $procmux$22676_CMP $procmux$22675_CMP $procmux$22674_CMP $procmux$22673_CMP $procmux$22672_CMP $procmux$22671_CMP $procmux$22670_CMP $procmux$22669_CMP $procmux$22668_CMP $procmux$22667_CMP $procmux$22666_CMP $procmux$22664_CMP $procmux$22663_CMP $procmux$22662_CMP $procmux$22661_CMP $procmux$22660_CMP $procmux$22659_CMP $procmux$22658_CMP $procmux$22657_CMP $procmux$22656_CMP $procmux$22655_CMP $procmux$22654_CMP $procmux$22653_CMP $procmux$22652_CMP $procmux$22651_CMP $procmux$22650_CMP $procmux$22649_CMP $procmux$22648_CMP $procmux$22647_CMP $procmux$22646_CMP $procmux$22645_CMP $procmux$22644_CMP $procmux$22643_CMP $procmux$22642_CMP $procmux$22641_CMP $procmux$22640_CMP $procmux$22639_CMP $procmux$22638_CMP $procmux$22637_CMP [7:1] }
    New input vector for $reduce_or cell $auto$opt_reduce.cc:131:opt_pmux$24455: { $procmux$22689_CMP $procmux$22688_CMP $procmux$22687_CMP $procmux$22686_CMP $procmux$22685_CMP $procmux$22679_CMP $procmux$22678_CMP $procmux$22677_CMP $procmux$22676_CMP $procmux$22675_CMP $procmux$22674_CMP $procmux$22673_CMP $procmux$22672_CMP $procmux$22671_CMP $procmux$22670_CMP $procmux$22669_CMP $procmux$22666_CMP $procmux$22665_CMP $procmux$22664_CMP $procmux$22663_CMP $procmux$22661_CMP $procmux$22660_CMP $procmux$22657_CMP $procmux$22656_CMP $procmux$22655_CMP $procmux$22654_CMP $procmux$22652_CMP $procmux$22651_CMP $procmux$22647_CMP $procmux$22646_CMP $procmux$22645_CMP $procmux$22642_CMP $procmux$22638_CMP }
    New input vector for $reduce_or cell $auto$opt_reduce.cc:131:opt_pmux$24457: { $procmux$22691_CMP [0] $procmux$22690_CMP $procmux$22689_CMP $procmux$22688_CMP $procmux$22687_CMP $procmux$22686_CMP $procmux$22685_CMP $procmux$22679_CMP $procmux$22678_CMP $procmux$22677_CMP $procmux$22676_CMP $procmux$22675_CMP $procmux$22674_CMP $procmux$22673_CMP $procmux$22672_CMP $procmux$22671_CMP $procmux$22670_CMP $procmux$22669_CMP $procmux$22668_CMP $procmux$22667_CMP $procmux$22666_CMP $procmux$22665_CMP $procmux$22664_CMP $procmux$22663_CMP $procmux$22662_CMP $procmux$22661_CMP $procmux$22660_CMP $procmux$22659_CMP $procmux$22658_CMP $procmux$22657_CMP $procmux$22656_CMP $procmux$22655_CMP $procmux$22654_CMP $procmux$22653_CMP $procmux$22652_CMP $procmux$22651_CMP $procmux$22649_CMP $procmux$22648_CMP $procmux$22647_CMP $procmux$22646_CMP $procmux$22645_CMP $procmux$22644_CMP $procmux$22643_CMP $procmux$22642_CMP $procmux$22641_CMP $procmux$22640_CMP $procmux$22639_CMP $procmux$22638_CMP $procmux$22637_CMP [7:1] }
    New input vector for $reduce_or cell $auto$opt_reduce.cc:131:opt_pmux$24459: { $procmux$22691_CMP [0] $procmux$22690_CMP $procmux$22689_CMP $procmux$22688_CMP $procmux$22687_CMP $procmux$22686_CMP $procmux$22685_CMP $procmux$22679_CMP $procmux$22678_CMP $procmux$22677_CMP $procmux$22676_CMP $procmux$22675_CMP $procmux$22674_CMP $procmux$22673_CMP $procmux$22672_CMP $procmux$22671_CMP $procmux$22670_CMP $procmux$22669_CMP $procmux$22668_CMP $procmux$22667_CMP $procmux$22666_CMP $procmux$22665_CMP $procmux$22664_CMP $procmux$22663_CMP $procmux$22662_CMP $procmux$22661_CMP $procmux$22660_CMP $procmux$22659_CMP $procmux$22658_CMP $procmux$22657_CMP $procmux$22656_CMP $procmux$22655_CMP $procmux$22654_CMP $procmux$22653_CMP $procmux$22652_CMP $procmux$22651_CMP $procmux$22650_CMP $procmux$22649_CMP $procmux$22648_CMP $procmux$22647_CMP $procmux$22646_CMP $procmux$22645_CMP $procmux$22644_CMP $procmux$22643_CMP $procmux$22641_CMP $procmux$22640_CMP $procmux$22639_CMP $procmux$22638_CMP $procmux$22637_CMP [7:1] }
    New input vector for $reduce_or cell $auto$opt_reduce.cc:131:opt_pmux$24463: { $procmux$22689_CMP $procmux$22688_CMP $procmux$22687_CMP $procmux$22686_CMP $procmux$22685_CMP $procmux$22679_CMP $procmux$22678_CMP $procmux$22677_CMP $procmux$22676_CMP $procmux$22675_CMP $procmux$22674_CMP $procmux$22673_CMP $procmux$22672_CMP $procmux$22671_CMP $procmux$22670_CMP $procmux$22669_CMP $procmux$22668_CMP $procmux$22665_CMP $procmux$22664_CMP $procmux$22663_CMP $procmux$22661_CMP $procmux$22660_CMP $procmux$22659_CMP $procmux$22658_CMP $procmux$22657_CMP $procmux$22656_CMP $procmux$22655_CMP $procmux$22654_CMP $procmux$22652_CMP $procmux$22651_CMP $procmux$22650_CMP $procmux$22647_CMP $procmux$22646_CMP $procmux$22645_CMP $procmux$22644_CMP $procmux$22643_CMP $procmux$22642_CMP $procmux$22641_CMP }
    New input vector for $reduce_or cell $auto$opt_reduce.cc:131:opt_pmux$24465: { $procmux$22691_CMP [0] $procmux$22690_CMP $procmux$22689_CMP $procmux$22688_CMP $procmux$22687_CMP $procmux$22686_CMP $procmux$22685_CMP $procmux$22679_CMP $procmux$22678_CMP $procmux$22677_CMP $procmux$22676_CMP $procmux$22675_CMP $procmux$22674_CMP $procmux$22673_CMP $procmux$22672_CMP $procmux$22671_CMP $procmux$22670_CMP $procmux$22669_CMP $procmux$22668_CMP $procmux$22667_CMP $procmux$22666_CMP $procmux$22665_CMP $procmux$22664_CMP $procmux$22663_CMP $procmux$22662_CMP $procmux$22661_CMP $procmux$22660_CMP $procmux$22659_CMP $procmux$22658_CMP $procmux$22657_CMP $procmux$22656_CMP $procmux$22655_CMP $procmux$22654_CMP $procmux$22653_CMP $procmux$22652_CMP $procmux$22651_CMP $procmux$22650_CMP $procmux$22649_CMP $procmux$22648_CMP $procmux$22647_CMP $procmux$22646_CMP $procmux$22645_CMP $procmux$22644_CMP $procmux$22643_CMP $procmux$22642_CMP $procmux$22640_CMP $procmux$22639_CMP $procmux$22638_CMP $procmux$22637_CMP [7:1] }
    New input vector for $reduce_or cell $auto$opt_reduce.cc:131:opt_pmux$24469: { $procmux$22691_CMP [0] $procmux$22690_CMP $procmux$22689_CMP $procmux$22688_CMP $procmux$22687_CMP $procmux$22686_CMP $procmux$22685_CMP $procmux$22678_CMP $procmux$22677_CMP $procmux$22676_CMP $procmux$22675_CMP $procmux$22674_CMP $procmux$22673_CMP $procmux$22672_CMP $procmux$22671_CMP $procmux$22670_CMP $procmux$22669_CMP $procmux$22668_CMP $procmux$22667_CMP $procmux$22666_CMP $procmux$22665_CMP $procmux$22664_CMP $procmux$22663_CMP $procmux$22662_CMP $procmux$22661_CMP $procmux$22660_CMP $procmux$22659_CMP $procmux$22658_CMP $procmux$22657_CMP $procmux$22656_CMP $procmux$22655_CMP $procmux$22654_CMP $procmux$22653_CMP $procmux$22652_CMP $procmux$22651_CMP $procmux$22650_CMP $procmux$22649_CMP $procmux$22648_CMP $procmux$22647_CMP $procmux$22646_CMP $procmux$22645_CMP $procmux$22644_CMP $procmux$22643_CMP $procmux$22642_CMP $procmux$22641_CMP $procmux$22640_CMP $procmux$22639_CMP $procmux$22638_CMP $procmux$22637_CMP [7:1] }
    New input vector for $reduce_or cell $auto$opt_reduce.cc:131:opt_pmux$24471: { $procmux$22691_CMP [0] $procmux$22690_CMP $procmux$22689_CMP $procmux$22688_CMP $procmux$22687_CMP $procmux$22686_CMP $procmux$22685_CMP $procmux$22679_CMP $procmux$22678_CMP $procmux$22677_CMP $procmux$22676_CMP $procmux$22675_CMP $procmux$22674_CMP $procmux$22673_CMP $procmux$22672_CMP $procmux$22671_CMP $procmux$22670_CMP $procmux$22669_CMP $procmux$22668_CMP $procmux$22667_CMP $procmux$22666_CMP $procmux$22665_CMP $procmux$22664_CMP $procmux$22662_CMP $procmux$22661_CMP $procmux$22660_CMP $procmux$22659_CMP $procmux$22658_CMP $procmux$22657_CMP $procmux$22656_CMP $procmux$22655_CMP $procmux$22654_CMP $procmux$22653_CMP $procmux$22652_CMP $procmux$22651_CMP $procmux$22650_CMP $procmux$22649_CMP $procmux$22648_CMP $procmux$22647_CMP $procmux$22646_CMP $procmux$22645_CMP $procmux$22644_CMP $procmux$22643_CMP $procmux$22642_CMP $procmux$22641_CMP $procmux$22640_CMP $procmux$22639_CMP $procmux$22638_CMP $procmux$22637_CMP [7:1] }
    New input vector for $reduce_or cell $auto$opt_reduce.cc:131:opt_pmux$24473: { $procmux$22690_CMP $procmux$22689_CMP $procmux$22688_CMP $procmux$22687_CMP $procmux$22686_CMP $procmux$22685_CMP $procmux$22679_CMP $procmux$22678_CMP $procmux$22677_CMP $procmux$22676_CMP $procmux$22675_CMP $procmux$22674_CMP $procmux$22673_CMP $procmux$22672_CMP $procmux$22671_CMP $procmux$22670_CMP $procmux$22669_CMP $procmux$22668_CMP $procmux$22667_CMP $procmux$22666_CMP $procmux$22665_CMP $procmux$22664_CMP $procmux$22663_CMP $procmux$22662_CMP $procmux$22661_CMP $procmux$22660_CMP $procmux$22659_CMP $procmux$22658_CMP $procmux$22657_CMP $procmux$22656_CMP $procmux$22655_CMP $procmux$22654_CMP $procmux$22652_CMP $procmux$22651_CMP $procmux$22650_CMP $procmux$22649_CMP $procmux$22648_CMP $procmux$22647_CMP $procmux$22644_CMP $procmux$22643_CMP $procmux$22642_CMP $procmux$22641_CMP $procmux$22640_CMP $procmux$22639_CMP }
    New input vector for $reduce_or cell $auto$opt_reduce.cc:131:opt_pmux$24475: { $procmux$22691_CMP [0] $procmux$22690_CMP $procmux$22689_CMP $procmux$22688_CMP $procmux$22679_CMP $procmux$22678_CMP $procmux$22677_CMP $procmux$22676_CMP $procmux$22675_CMP $procmux$22674_CMP $procmux$22673_CMP $procmux$22672_CMP $procmux$22671_CMP $procmux$22670_CMP $procmux$22669_CMP $procmux$22668_CMP $procmux$22667_CMP $procmux$22666_CMP $procmux$22665_CMP $procmux$22664_CMP $procmux$22663_CMP $procmux$22662_CMP $procmux$22661_CMP $procmux$22660_CMP $procmux$22659_CMP $procmux$22658_CMP $procmux$22657_CMP $procmux$22656_CMP $procmux$22655_CMP $procmux$22654_CMP $procmux$22653_CMP $procmux$22652_CMP $procmux$22651_CMP $procmux$22650_CMP $procmux$22649_CMP $procmux$22648_CMP $procmux$22647_CMP $procmux$22646_CMP $procmux$22645_CMP $procmux$22644_CMP $procmux$22643_CMP $procmux$22642_CMP $procmux$22641_CMP $procmux$22640_CMP $procmux$22639_CMP $procmux$22638_CMP $procmux$22637_CMP [7:1] }
    New input vector for $reduce_or cell $auto$opt_reduce.cc:131:opt_pmux$24477: { $procmux$22691_CMP [0] $procmux$22690_CMP $procmux$22689_CMP $procmux$22688_CMP $procmux$22687_CMP $procmux$22686_CMP $procmux$22685_CMP $procmux$22677_CMP $procmux$22676_CMP $procmux$22675_CMP $procmux$22674_CMP $procmux$22673_CMP $procmux$22672_CMP $procmux$22671_CMP $procmux$22670_CMP $procmux$22669_CMP $procmux$22668_CMP $procmux$22665_CMP $procmux$22664_CMP $procmux$22663_CMP $procmux$22662_CMP $procmux$22657_CMP $procmux$22656_CMP $procmux$22655_CMP $procmux$22654_CMP $procmux$22653_CMP $procmux$22652_CMP $procmux$22651_CMP $procmux$22647_CMP $procmux$22646_CMP $procmux$22644_CMP $procmux$22642_CMP $procmux$22641_CMP $procmux$22640_CMP $procmux$22638_CMP $procmux$22637_CMP [7:1] $procmux$4700_CMP [54:52] $procmux$4700_CMP [50:49] $procmux$4700_CMP [47:45] $procmux$4700_CMP [42] $procmux$4700_CMP [40:38] $procmux$4700_CMP [36:35] $procmux$4700_CMP [33:31] $procmux$4700_CMP [28] $procmux$4700_CMP [26:24] $procmux$4700_CMP [22] $procmux$4700_CMP [19:17] $procmux$4700_CMP [15] $procmux$4700_CMP [12:10] $procmux$4700_CMP [5:3] $procmux$4698_CMP $procmux$4697_CMP $procmux$4696_CMP [53] $procmux$4696_CMP [51] $procmux$4696_CMP [47:46] $procmux$4696_CMP [44:43] $procmux$4696_CMP [39] $procmux$4696_CMP [37] $procmux$4696_CMP [33:32] $procmux$4696_CMP [30:29] $procmux$4696_CMP [25] $procmux$4696_CMP [23] $procmux$4696_CMP [19:18] $procmux$4696_CMP [16:15] $procmux$4696_CMP [11] $procmux$4696_CMP [9] $procmux$4696_CMP [5:4] $procmux$4696_CMP [2:1] $procmux$4694_CMP }
    New input vector for $reduce_or cell $auto$opt_reduce.cc:131:opt_pmux$24479: { $procmux$4698_CMP $procmux$4697_CMP }
    New input vector for $reduce_or cell $auto$opt_reduce.cc:131:opt_pmux$24481: { $procmux$22691_CMP [0] $procmux$22689_CMP $procmux$22687_CMP $procmux$22686_CMP $procmux$22685_CMP $procmux$22677_CMP $procmux$22676_CMP $procmux$22675_CMP $procmux$22671_CMP $procmux$22670_CMP $procmux$22668_CMP $procmux$22666_CMP $procmux$22665_CMP $procmux$22664_CMP $procmux$22663_CMP $procmux$22661_CMP $procmux$22660_CMP $procmux$22657_CMP $procmux$22656_CMP $procmux$22655_CMP $procmux$22654_CMP $procmux$22652_CMP $procmux$22651_CMP $procmux$22649_CMP $procmux$22648_CMP $procmux$22647_CMP $procmux$22646_CMP $procmux$22645_CMP $procmux$22644_CMP $procmux$22643_CMP $procmux$22642_CMP $procmux$22638_CMP $procmux$22637_CMP [7:1] }
    New input vector for $reduce_or cell $auto$opt_reduce.cc:131:opt_pmux$24483: { $procmux$22691_CMP [0] $procmux$22689_CMP $procmux$22687_CMP $procmux$22686_CMP $procmux$22685_CMP $procmux$22677_CMP $procmux$22676_CMP $procmux$22675_CMP $procmux$22671_CMP $procmux$22670_CMP $procmux$22668_CMP $procmux$22666_CMP $procmux$22665_CMP $procmux$22664_CMP $procmux$22663_CMP $procmux$22657_CMP $procmux$22656_CMP $procmux$22655_CMP $procmux$22654_CMP $procmux$22652_CMP $procmux$22651_CMP $procmux$22649_CMP $procmux$22648_CMP $procmux$22647_CMP $procmux$22646_CMP $procmux$22645_CMP $procmux$22644_CMP $procmux$22643_CMP $procmux$22642_CMP $procmux$22638_CMP $procmux$22637_CMP [7:1] }
    New input vector for $reduce_or cell $auto$opt_reduce.cc:131:opt_pmux$24485: { $procmux$22691_CMP [0] $procmux$22690_CMP $procmux$22689_CMP $procmux$22688_CMP $procmux$22687_CMP $procmux$22686_CMP $procmux$22685_CMP $procmux$22679_CMP $procmux$22678_CMP $procmux$22677_CMP $procmux$22676_CMP $procmux$22675_CMP $procmux$22674_CMP $procmux$22673_CMP $procmux$22672_CMP $procmux$22671_CMP $procmux$22668_CMP $procmux$22667_CMP $procmux$22666_CMP $procmux$22665_CMP $procmux$22664_CMP $procmux$22663_CMP $procmux$22662_CMP $procmux$22661_CMP $procmux$22660_CMP $procmux$22659_CMP $procmux$22658_CMP $procmux$22657_CMP $procmux$22656_CMP $procmux$22655_CMP $procmux$22654_CMP $procmux$22653_CMP $procmux$22652_CMP $procmux$22651_CMP $procmux$22650_CMP $procmux$22649_CMP $procmux$22648_CMP $procmux$22647_CMP $procmux$22646_CMP $procmux$22645_CMP $procmux$22644_CMP $procmux$22643_CMP $procmux$22642_CMP $procmux$22641_CMP $procmux$22638_CMP $procmux$22637_CMP [7:1] }
    New input vector for $reduce_or cell $auto$opt_reduce.cc:131:opt_pmux$24487: { $procmux$22691_CMP [0] $procmux$22690_CMP $procmux$22689_CMP $procmux$22688_CMP $procmux$22687_CMP $procmux$22686_CMP $procmux$22685_CMP $procmux$22679_CMP $procmux$22678_CMP $procmux$22677_CMP $procmux$22676_CMP $procmux$22675_CMP $procmux$22674_CMP $procmux$22673_CMP $procmux$22672_CMP $procmux$22671_CMP $procmux$22670_CMP $procmux$22669_CMP $procmux$22668_CMP $procmux$22667_CMP $procmux$22666_CMP $procmux$22665_CMP $procmux$22664_CMP $procmux$22663_CMP $procmux$22662_CMP $procmux$22661_CMP $procmux$22660_CMP $procmux$22657_CMP $procmux$22656_CMP $procmux$22655_CMP $procmux$22654_CMP $procmux$22653_CMP $procmux$22652_CMP $procmux$22651_CMP $procmux$22650_CMP $procmux$22649_CMP $procmux$22648_CMP $procmux$22647_CMP $procmux$22646_CMP $procmux$22645_CMP $procmux$22644_CMP $procmux$22643_CMP $procmux$22642_CMP $procmux$22641_CMP $procmux$22640_CMP $procmux$22639_CMP $procmux$22638_CMP $procmux$22637_CMP [7:1] }
    New input vector for $reduce_or cell $auto$opt_reduce.cc:131:opt_pmux$24489: { $procmux$22657_CMP $procmux$22647_CMP }
    New input vector for $reduce_or cell $auto$opt_reduce.cc:131:opt_pmux$24491: { $procmux$22691_CMP [0] $procmux$22690_CMP $procmux$22689_CMP $procmux$22688_CMP $procmux$22687_CMP $procmux$22686_CMP $procmux$22685_CMP $procmux$22679_CMP $procmux$22678_CMP $procmux$22677_CMP $procmux$22676_CMP $procmux$22675_CMP $procmux$22674_CMP $procmux$22673_CMP $procmux$22672_CMP $procmux$22671_CMP $procmux$22670_CMP $procmux$22669_CMP $procmux$22668_CMP $procmux$22667_CMP $procmux$22666_CMP $procmux$22665_CMP $procmux$22664_CMP $procmux$22663_CMP $procmux$22662_CMP $procmux$22656_CMP $procmux$22655_CMP $procmux$22654_CMP $procmux$22653_CMP $procmux$22652_CMP $procmux$22651_CMP $procmux$22649_CMP $procmux$22648_CMP $procmux$22646_CMP $procmux$22645_CMP $procmux$22644_CMP $procmux$22643_CMP $procmux$22642_CMP $procmux$22640_CMP $procmux$22639_CMP $procmux$22638_CMP $procmux$22637_CMP [7:1] }
    New input vector for $reduce_or cell $auto$opt_reduce.cc:131:opt_pmux$24493: { $procmux$4698_CMP $procmux$4697_CMP }
    New input vector for $reduce_or cell $auto$opt_reduce.cc:131:opt_pmux$24495: { $procmux$4698_CMP [52] $procmux$4698_CMP [45] $procmux$4698_CMP [38] $procmux$4698_CMP [31] $procmux$4698_CMP [24] $procmux$4698_CMP [17] $procmux$4698_CMP [10] $procmux$4698_CMP [3] }
    New input vector for $reduce_or cell $auto$opt_reduce.cc:131:opt_pmux$24497: { $procmux$4698_CMP [54] $procmux$4698_CMP [51] $procmux$4698_CMP [47] $procmux$4698_CMP [44] $procmux$4698_CMP [40] $procmux$4698_CMP [37] $procmux$4698_CMP [33] $procmux$4698_CMP [30] $procmux$4698_CMP [26] $procmux$4698_CMP [23] $procmux$4698_CMP [19] $procmux$4698_CMP [16] $procmux$4698_CMP [12] $procmux$4698_CMP [9] $procmux$4698_CMP [5] $procmux$4698_CMP [2] }
    New input vector for $reduce_or cell $auto$opt_reduce.cc:131:opt_pmux$24499: { $procmux$4698_CMP [50:49] $procmux$4698_CMP [43:42] $procmux$4698_CMP [36:35] $procmux$4698_CMP [29:28] $procmux$4698_CMP [22:21] $procmux$4698_CMP [15:14] $procmux$4698_CMP [8:7] $procmux$4698_CMP [1:0] }
    New input vector for $reduce_or cell $auto$opt_reduce.cc:131:opt_pmux$24501: { $procmux$4698_CMP [41] $procmux$4698_CMP [34] $procmux$4694_CMP [52:49] $procmux$4694_CMP [45:42] $procmux$4694_CMP [38:35] $procmux$4694_CMP [31:28] }
    New input vector for $reduce_or cell $auto$opt_reduce.cc:131:opt_pmux$24503: { $procmux$22657_CMP $procmux$22647_CMP }
    New input vector for $reduce_or cell $auto$opt_reduce.cc:131:opt_pmux$24505: { $procmux$22691_CMP [0] $procmux$22690_CMP $procmux$22689_CMP $procmux$22688_CMP $procmux$22687_CMP $procmux$22686_CMP $procmux$22685_CMP $procmux$22677_CMP $procmux$22676_CMP $procmux$22675_CMP $procmux$22674_CMP $procmux$22673_CMP $procmux$22672_CMP $procmux$22669_CMP $procmux$22668_CMP $procmux$22667_CMP $procmux$22665_CMP $procmux$22664_CMP $procmux$22663_CMP $procmux$22656_CMP $procmux$22655_CMP $procmux$22654_CMP $procmux$22653_CMP $procmux$22652_CMP $procmux$22651_CMP $procmux$22649_CMP $procmux$22648_CMP $procmux$22646_CMP $procmux$22645_CMP $procmux$22644_CMP $procmux$22643_CMP $procmux$22642_CMP $procmux$22641_CMP $procmux$22640_CMP $procmux$22639_CMP $procmux$22638_CMP $procmux$22637_CMP [7:1] }
    New input vector for $reduce_or cell $auto$opt_reduce.cc:131:opt_pmux$24507: { $procmux$22691_CMP [0] $procmux$22690_CMP $procmux$22689_CMP $procmux$22688_CMP $procmux$22687_CMP $procmux$22686_CMP $procmux$22685_CMP $procmux$22679_CMP $procmux$22678_CMP $procmux$22677_CMP $procmux$22676_CMP $procmux$22675_CMP $procmux$22674_CMP $procmux$22673_CMP $procmux$22672_CMP $procmux$22671_CMP $procmux$22670_CMP $procmux$22669_CMP $procmux$22667_CMP $procmux$22666_CMP $procmux$22665_CMP $procmux$22664_CMP $procmux$22663_CMP $procmux$22662_CMP $procmux$22661_CMP $procmux$22660_CMP $procmux$22659_CMP $procmux$22658_CMP $procmux$22657_CMP $procmux$22656_CMP $procmux$22655_CMP $procmux$22654_CMP $procmux$22653_CMP $procmux$22652_CMP $procmux$22651_CMP $procmux$22650_CMP $procmux$22649_CMP $procmux$22648_CMP $procmux$22647_CMP $procmux$22646_CMP $procmux$22645_CMP $procmux$22644_CMP $procmux$22643_CMP $procmux$22642_CMP $procmux$22641_CMP $procmux$22640_CMP $procmux$22639_CMP $procmux$22638_CMP $procmux$22637_CMP [7:1] }
    New input vector for $reduce_or cell $auto$opt_reduce.cc:131:opt_pmux$24509: { $procmux$22691_CMP [0] $procmux$22690_CMP $procmux$22689_CMP $procmux$22688_CMP $procmux$22687_CMP $procmux$22686_CMP $procmux$22685_CMP $procmux$22679_CMP $procmux$22678_CMP $procmux$22677_CMP $procmux$22676_CMP $procmux$22675_CMP $procmux$22674_CMP $procmux$22673_CMP $procmux$22672_CMP $procmux$22671_CMP $procmux$22670_CMP $procmux$22669_CMP $procmux$22668_CMP $procmux$22667_CMP $procmux$22666_CMP $procmux$22665_CMP $procmux$22664_CMP $procmux$22663_CMP $procmux$22662_CMP $procmux$22661_CMP $procmux$22660_CMP $procmux$22659_CMP $procmux$22658_CMP $procmux$22657_CMP $procmux$22656_CMP $procmux$22655_CMP $procmux$22654_CMP $procmux$22653_CMP $procmux$22652_CMP $procmux$22651_CMP $procmux$22650_CMP $procmux$22649_CMP $procmux$22648_CMP $procmux$22647_CMP $procmux$22646_CMP $procmux$22645_CMP $procmux$22642_CMP $procmux$22640_CMP $procmux$22639_CMP $procmux$22638_CMP $procmux$22637_CMP [7:1] }
    New input vector for $reduce_or cell $auto$opt_reduce.cc:131:opt_pmux$24511: { $procmux$22691_CMP [0] $procmux$22690_CMP $procmux$22687_CMP $procmux$22686_CMP $procmux$22685_CMP $procmux$22679_CMP $procmux$22678_CMP $procmux$22677_CMP $procmux$22676_CMP $procmux$22675_CMP $procmux$22674_CMP $procmux$22673_CMP $procmux$22672_CMP $procmux$22671_CMP $procmux$22670_CMP $procmux$22669_CMP $procmux$22668_CMP $procmux$22667_CMP $procmux$22666_CMP $procmux$22665_CMP $procmux$22664_CMP $procmux$22663_CMP $procmux$22662_CMP $procmux$22661_CMP $procmux$22660_CMP $procmux$22659_CMP $procmux$22658_CMP $procmux$22657_CMP $procmux$22656_CMP $procmux$22655_CMP $procmux$22654_CMP $procmux$22653_CMP $procmux$22652_CMP $procmux$22651_CMP $procmux$22650_CMP $procmux$22649_CMP $procmux$22648_CMP $procmux$22647_CMP $procmux$22646_CMP $procmux$22645_CMP $procmux$22644_CMP $procmux$22643_CMP $procmux$22642_CMP $procmux$22641_CMP $procmux$22640_CMP $procmux$22639_CMP $procmux$22638_CMP $procmux$22637_CMP [7:1] }
    New input vector for $reduce_or cell $auto$opt_reduce.cc:131:opt_pmux$24513: { $procmux$22691_CMP [0] $procmux$22690_CMP $procmux$22689_CMP $procmux$22688_CMP $procmux$22687_CMP $procmux$22686_CMP $procmux$22685_CMP $procmux$22679_CMP $procmux$22678_CMP $procmux$22677_CMP $procmux$22676_CMP $procmux$22675_CMP $procmux$22674_CMP $procmux$22673_CMP $procmux$22672_CMP $procmux$22671_CMP $procmux$22670_CMP $procmux$22669_CMP $procmux$22668_CMP $procmux$22667_CMP $procmux$22666_CMP $procmux$22665_CMP $procmux$22664_CMP $procmux$22663_CMP $procmux$22662_CMP $procmux$22661_CMP $procmux$22660_CMP $procmux$22659_CMP $procmux$22658_CMP $procmux$22657_CMP $procmux$22656_CMP $procmux$22655_CMP $procmux$22654_CMP $procmux$22653_CMP $procmux$22651_CMP $procmux$22650_CMP $procmux$22649_CMP $procmux$22648_CMP $procmux$22647_CMP $procmux$22646_CMP $procmux$22645_CMP $procmux$22644_CMP $procmux$22643_CMP $procmux$22642_CMP $procmux$22641_CMP $procmux$22640_CMP $procmux$22639_CMP $procmux$22638_CMP $procmux$22637_CMP [7:1] }
    New input vector for $reduce_or cell $auto$opt_reduce.cc:131:opt_pmux$24515: { $procmux$22687_CMP $procmux$22686_CMP $procmux$22685_CMP $procmux$22671_CMP $procmux$22668_CMP $procmux$22665_CMP $procmux$22664_CMP $procmux$22663_CMP $procmux$22660_CMP $procmux$22657_CMP $procmux$22656_CMP $procmux$22655_CMP $procmux$22654_CMP $procmux$22652_CMP $procmux$22651_CMP $procmux$22650_CMP $procmux$22649_CMP $procmux$22648_CMP $procmux$22647_CMP $procmux$22646_CMP $procmux$22645_CMP $procmux$22644_CMP $procmux$22643_CMP $procmux$22642_CMP $procmux$22641_CMP }
    New input vector for $reduce_or cell $auto$opt_reduce.cc:131:opt_pmux$24517: { $procmux$22691_CMP [0] $procmux$22690_CMP $procmux$22689_CMP $procmux$22688_CMP $procmux$22687_CMP $procmux$22686_CMP $procmux$22685_CMP $procmux$22679_CMP $procmux$22678_CMP $procmux$22677_CMP $procmux$22676_CMP $procmux$22675_CMP $procmux$22674_CMP $procmux$22673_CMP $procmux$22672_CMP $procmux$22670_CMP $procmux$22669_CMP $procmux$22668_CMP $procmux$22667_CMP $procmux$22665_CMP $procmux$22664_CMP $procmux$22663_CMP $procmux$22661_CMP $procmux$22660_CMP $procmux$22659_CMP $procmux$22658_CMP $procmux$22657_CMP $procmux$22656_CMP $procmux$22655_CMP $procmux$22654_CMP $procmux$22653_CMP $procmux$22652_CMP $procmux$22651_CMP $procmux$22650_CMP $procmux$22649_CMP $procmux$22648_CMP $procmux$22647_CMP $procmux$22646_CMP $procmux$22645_CMP $procmux$22644_CMP $procmux$22643_CMP $procmux$22642_CMP $procmux$22641_CMP $procmux$22640_CMP $procmux$22639_CMP $procmux$22638_CMP $procmux$22637_CMP [7:1] }
    New input vector for $reduce_or cell $auto$opt_reduce.cc:131:opt_pmux$24525: { $procmux$22690_CMP $procmux$22689_CMP $procmux$22688_CMP $procmux$22671_CMP $procmux$22667_CMP $procmux$22666_CMP $procmux$22650_CMP $procmux$22646_CMP $procmux$22645_CMP $procmux$22644_CMP $procmux$22641_CMP $procmux$22638_CMP }
    New input vector for $reduce_or cell $auto$opt_reduce.cc:131:opt_pmux$24527: { $procmux$22687_CMP $procmux$22686_CMP $procmux$22685_CMP $procmux$22668_CMP $procmux$22665_CMP $procmux$22664_CMP $procmux$22663_CMP $procmux$22657_CMP $procmux$22656_CMP $procmux$22655_CMP $procmux$22654_CMP $procmux$22652_CMP $procmux$22651_CMP $procmux$22649_CMP $procmux$22648_CMP $procmux$22647_CMP $procmux$22642_CMP }
    New input vector for $reduce_or cell $auto$opt_reduce.cc:131:opt_pmux$24529: { $procmux$22691_CMP [0] $procmux$22690_CMP $procmux$22689_CMP $procmux$22688_CMP $procmux$22687_CMP $procmux$22686_CMP $procmux$22685_CMP $procmux$22679_CMP $procmux$22678_CMP $procmux$22677_CMP $procmux$22676_CMP $procmux$22675_CMP $procmux$22674_CMP $procmux$22673_CMP $procmux$22672_CMP $procmux$22671_CMP $procmux$22670_CMP $procmux$22669_CMP $procmux$22668_CMP $procmux$22667_CMP $procmux$22666_CMP $procmux$22665_CMP $procmux$22664_CMP $procmux$22663_CMP $procmux$22662_CMP $procmux$22661_CMP $procmux$22660_CMP $procmux$22656_CMP $procmux$22655_CMP $procmux$22654_CMP $procmux$22653_CMP $procmux$22652_CMP $procmux$22651_CMP $procmux$22649_CMP $procmux$22648_CMP $procmux$22646_CMP $procmux$22645_CMP $procmux$22644_CMP $procmux$22643_CMP $procmux$22642_CMP $procmux$22640_CMP $procmux$22639_CMP $procmux$22638_CMP $procmux$22637_CMP [7:1] }
    New input vector for $reduce_or cell $auto$opt_reduce.cc:131:opt_pmux$24531: { $procmux$22691_CMP [0] $procmux$22690_CMP $procmux$22689_CMP $procmux$22688_CMP $procmux$22687_CMP $procmux$22686_CMP $procmux$22685_CMP $procmux$22679_CMP $procmux$22678_CMP $procmux$22677_CMP $procmux$22676_CMP $procmux$22675_CMP $procmux$22674_CMP $procmux$22673_CMP $procmux$22672_CMP $procmux$22671_CMP $procmux$22670_CMP $procmux$22669_CMP $procmux$22668_CMP $procmux$22667_CMP $procmux$22666_CMP $procmux$22665_CMP $procmux$22664_CMP $procmux$22663_CMP $procmux$22662_CMP $procmux$22661_CMP $procmux$22660_CMP $procmux$22659_CMP $procmux$22658_CMP $procmux$22657_CMP $procmux$22656_CMP $procmux$22655_CMP $procmux$22654_CMP $procmux$22653_CMP $procmux$22652_CMP $procmux$22651_CMP $procmux$22649_CMP $procmux$22648_CMP $procmux$22647_CMP $procmux$22646_CMP $procmux$22645_CMP $procmux$22642_CMP $procmux$22640_CMP $procmux$22639_CMP $procmux$22638_CMP $procmux$22637_CMP [7:1] }
    New input vector for $reduce_or cell $auto$opt_reduce.cc:131:opt_pmux$24535: { $procmux$22691_CMP [0] $procmux$22690_CMP $procmux$22689_CMP $procmux$22688_CMP $procmux$22687_CMP $procmux$22686_CMP $procmux$22685_CMP $procmux$22679_CMP $procmux$22678_CMP $procmux$22677_CMP $procmux$22676_CMP $procmux$22675_CMP $procmux$22674_CMP $procmux$22673_CMP $procmux$22672_CMP $procmux$22671_CMP $procmux$22670_CMP $procmux$22669_CMP $procmux$22668_CMP $procmux$22667_CMP $procmux$22666_CMP $procmux$22665_CMP $procmux$22664_CMP $procmux$22663_CMP $procmux$22662_CMP $procmux$22661_CMP $procmux$22660_CMP $procmux$22659_CMP $procmux$22658_CMP $procmux$22657_CMP $procmux$22656_CMP $procmux$22655_CMP $procmux$22654_CMP $procmux$22653_CMP $procmux$22652_CMP $procmux$22650_CMP $procmux$22649_CMP $procmux$22648_CMP $procmux$22647_CMP $procmux$22646_CMP $procmux$22645_CMP $procmux$22644_CMP $procmux$22643_CMP $procmux$22642_CMP $procmux$22641_CMP $procmux$22640_CMP $procmux$22639_CMP $procmux$22638_CMP $procmux$22637_CMP [7:1] }
    New input vector for $reduce_or cell $auto$opt_reduce.cc:131:opt_pmux$24537: { $procmux$22691_CMP [0] $procmux$22690_CMP $procmux$22687_CMP $procmux$22686_CMP $procmux$22685_CMP $procmux$22679_CMP $procmux$22677_CMP $procmux$22676_CMP $procmux$22674_CMP $procmux$22673_CMP $procmux$22668_CMP $procmux$22667_CMP $procmux$22666_CMP $procmux$22665_CMP $procmux$22664_CMP $procmux$22663_CMP $procmux$22662_CMP $procmux$22661_CMP $procmux$22659_CMP $procmux$22658_CMP $procmux$22657_CMP $procmux$22656_CMP $procmux$22655_CMP $procmux$22654_CMP $procmux$22652_CMP $procmux$22651_CMP $procmux$22650_CMP $procmux$22649_CMP $procmux$22648_CMP $procmux$22647_CMP $procmux$22642_CMP $procmux$22638_CMP $procmux$22637_CMP [7:1] }
    New input vector for $reduce_or cell $auto$opt_reduce.cc:131:opt_pmux$24539: { $procmux$22657_CMP $procmux$22647_CMP }
    New input vector for $reduce_or cell $auto$opt_reduce.cc:131:opt_pmux$24541: { $procmux$22691_CMP [0] $procmux$22690_CMP $procmux$22689_CMP $procmux$22688_CMP $procmux$22687_CMP $procmux$22686_CMP $procmux$22685_CMP $procmux$22677_CMP $procmux$22676_CMP $procmux$22675_CMP $procmux$22674_CMP $procmux$22673_CMP $procmux$22672_CMP $procmux$22669_CMP $procmux$22668_CMP $procmux$22667_CMP $procmux$22665_CMP $procmux$22664_CMP $procmux$22663_CMP $procmux$22656_CMP $procmux$22655_CMP $procmux$22654_CMP $procmux$22653_CMP $procmux$22652_CMP $procmux$22651_CMP $procmux$22649_CMP $procmux$22648_CMP $procmux$22646_CMP $procmux$22645_CMP $procmux$22644_CMP $procmux$22643_CMP $procmux$22642_CMP $procmux$22640_CMP $procmux$22639_CMP $procmux$22638_CMP $procmux$22637_CMP [7:1] }
    New input vector for $reduce_or cell $auto$opt_reduce.cc:131:opt_pmux$24543: { $procmux$22691_CMP [0] $procmux$22690_CMP $procmux$22689_CMP $procmux$22688_CMP $procmux$22687_CMP $procmux$22686_CMP $procmux$22685_CMP $procmux$22677_CMP $procmux$22676_CMP $procmux$22675_CMP $procmux$22674_CMP $procmux$22673_CMP $procmux$22672_CMP $procmux$22671_CMP $procmux$22670_CMP $procmux$22669_CMP $procmux$22668_CMP $procmux$22665_CMP $procmux$22664_CMP $procmux$22663_CMP $procmux$22662_CMP $procmux$22657_CMP $procmux$22656_CMP $procmux$22655_CMP $procmux$22654_CMP $procmux$22653_CMP $procmux$22652_CMP $procmux$22651_CMP $procmux$22647_CMP $procmux$22646_CMP $procmux$22644_CMP $procmux$22642_CMP $procmux$22641_CMP $procmux$22640_CMP $procmux$22638_CMP $procmux$22637_CMP [7:1] $procmux$4700_CMP [54:52] $procmux$4700_CMP [50:49] $procmux$4700_CMP [47:45] $procmux$4700_CMP [42] $procmux$4700_CMP [40:38] $procmux$4700_CMP [36:35] $procmux$4700_CMP [33:31] $procmux$4700_CMP [28] $procmux$4700_CMP [26:24] $procmux$4700_CMP [22] $procmux$4700_CMP [19:17] $procmux$4700_CMP [15] $procmux$4700_CMP [12:10] $procmux$4700_CMP [5:3] $procmux$4698_CMP $procmux$4696_CMP [53] $procmux$4696_CMP [51] $procmux$4696_CMP [47:46] $procmux$4696_CMP [44:43] $procmux$4696_CMP [39] $procmux$4696_CMP [37] $procmux$4696_CMP [33:32] $procmux$4696_CMP [30:29] $procmux$4696_CMP [25] $procmux$4696_CMP [23] $procmux$4696_CMP [19:18] $procmux$4696_CMP [16:15] $procmux$4696_CMP [11] $procmux$4696_CMP [9] $procmux$4696_CMP [5:4] $procmux$4696_CMP [2:1] $procmux$4694_CMP }
    New input vector for $reduce_or cell $auto$opt_reduce.cc:131:opt_pmux$24545: { $procmux$22691_CMP [0] $procmux$22690_CMP $procmux$22689_CMP $procmux$22688_CMP $procmux$22687_CMP $procmux$22686_CMP $procmux$22685_CMP $procmux$22679_CMP $procmux$22678_CMP $procmux$22677_CMP $procmux$22676_CMP $procmux$22675_CMP $procmux$22674_CMP $procmux$22673_CMP $procmux$22672_CMP $procmux$22671_CMP $procmux$22670_CMP $procmux$22669_CMP $procmux$22668_CMP $procmux$22667_CMP $procmux$22666_CMP $procmux$22665_CMP $procmux$22664_CMP $procmux$22663_CMP $procmux$22662_CMP $procmux$22661_CMP $procmux$22660_CMP $procmux$22659_CMP $procmux$22658_CMP $procmux$22657_CMP $procmux$22655_CMP $procmux$22654_CMP $procmux$22653_CMP $procmux$22652_CMP $procmux$22651_CMP $procmux$22650_CMP $procmux$22649_CMP $procmux$22648_CMP $procmux$22647_CMP $procmux$22646_CMP $procmux$22645_CMP $procmux$22644_CMP $procmux$22643_CMP $procmux$22642_CMP $procmux$22641_CMP $procmux$22640_CMP $procmux$22639_CMP $procmux$22638_CMP $procmux$22637_CMP [7:1] }
    New input vector for $reduce_or cell $auto$opt_reduce.cc:131:opt_pmux$24547: { $procmux$22691_CMP [0] $procmux$22689_CMP $procmux$22688_CMP $procmux$22687_CMP $procmux$22686_CMP $procmux$22685_CMP $procmux$22679_CMP $procmux$22678_CMP $procmux$22677_CMP $procmux$22676_CMP $procmux$22675_CMP $procmux$22674_CMP $procmux$22673_CMP $procmux$22672_CMP $procmux$22671_CMP $procmux$22670_CMP $procmux$22669_CMP $procmux$22668_CMP $procmux$22667_CMP $procmux$22666_CMP $procmux$22665_CMP $procmux$22664_CMP $procmux$22663_CMP $procmux$22662_CMP $procmux$22661_CMP $procmux$22660_CMP $procmux$22659_CMP $procmux$22658_CMP $procmux$22657_CMP $procmux$22656_CMP $procmux$22655_CMP $procmux$22654_CMP $procmux$22653_CMP $procmux$22652_CMP $procmux$22651_CMP $procmux$22650_CMP $procmux$22649_CMP $procmux$22648_CMP $procmux$22647_CMP $procmux$22646_CMP $procmux$22645_CMP $procmux$22644_CMP $procmux$22643_CMP $procmux$22642_CMP $procmux$22641_CMP $procmux$22640_CMP $procmux$22639_CMP $procmux$22638_CMP $procmux$22637_CMP [7:1] }
    New input vector for $reduce_or cell $auto$opt_reduce.cc:131:opt_pmux$24549: { $procmux$22691_CMP [0] $procmux$22690_CMP $procmux$22688_CMP $procmux$22687_CMP $procmux$22686_CMP $procmux$22685_CMP $procmux$22679_CMP $procmux$22678_CMP $procmux$22674_CMP $procmux$22673_CMP $procmux$22672_CMP $procmux$22671_CMP $procmux$22670_CMP $procmux$22669_CMP $procmux$22668_CMP $procmux$22667_CMP $procmux$22666_CMP $procmux$22665_CMP $procmux$22664_CMP $procmux$22663_CMP $procmux$22662_CMP $procmux$22661_CMP $procmux$22660_CMP $procmux$22659_CMP $procmux$22658_CMP $procmux$22657_CMP $procmux$22656_CMP $procmux$22655_CMP $procmux$22654_CMP $procmux$22653_CMP $procmux$22652_CMP $procmux$22651_CMP $procmux$22650_CMP $procmux$22649_CMP $procmux$22648_CMP $procmux$22647_CMP $procmux$22646_CMP $procmux$22645_CMP $procmux$22644_CMP $procmux$22643_CMP $procmux$22642_CMP $procmux$22641_CMP $procmux$22640_CMP $procmux$22639_CMP $procmux$22638_CMP $procmux$22637_CMP [7:1] }
    New input vector for $reduce_or cell $auto$opt_reduce.cc:131:opt_pmux$24551: { $procmux$22691_CMP [0] $procmux$22690_CMP $procmux$22689_CMP $procmux$22688_CMP $procmux$22687_CMP $procmux$22686_CMP $procmux$22685_CMP $procmux$22677_CMP $procmux$22676_CMP $procmux$22675_CMP $procmux$22674_CMP $procmux$22673_CMP $procmux$22672_CMP $procmux$22671_CMP $procmux$22670_CMP $procmux$22669_CMP $procmux$22668_CMP $procmux$22665_CMP $procmux$22664_CMP $procmux$22663_CMP $procmux$22662_CMP $procmux$22657_CMP $procmux$22656_CMP $procmux$22655_CMP $procmux$22654_CMP $procmux$22653_CMP $procmux$22652_CMP $procmux$22651_CMP $procmux$22647_CMP $procmux$22646_CMP $procmux$22644_CMP $procmux$22642_CMP $procmux$22641_CMP $procmux$22640_CMP $procmux$22638_CMP $procmux$22637_CMP [7:1] $procmux$4700_CMP [54:52] $procmux$4700_CMP [50:49] $procmux$4700_CMP [47:45] $procmux$4700_CMP [42] $procmux$4700_CMP [40:38] $procmux$4700_CMP [36:35] $procmux$4700_CMP [33:31] $procmux$4700_CMP [28] $procmux$4700_CMP [26:24] $procmux$4700_CMP [22] $procmux$4700_CMP [19:17] $procmux$4700_CMP [15] $procmux$4700_CMP [12:10] $procmux$4700_CMP [5:3] $procmux$4698_CMP $procmux$4696_CMP [53] $procmux$4696_CMP [51] $procmux$4696_CMP [47:46] $procmux$4696_CMP [44:43] $procmux$4696_CMP [39] $procmux$4696_CMP [37] $procmux$4696_CMP [33:32] $procmux$4696_CMP [30:29] $procmux$4696_CMP [25] $procmux$4696_CMP [23] $procmux$4696_CMP [19:18] $procmux$4696_CMP [16:15] $procmux$4696_CMP [11] $procmux$4696_CMP [9] $procmux$4696_CMP [5:4] $procmux$4696_CMP [2:1] $procmux$4694_CMP }
    New input vector for $reduce_or cell $auto$opt_reduce.cc:131:opt_pmux$24553: { $procmux$22678_CMP $procmux$4719_CMP $procmux$4695_CMP }
    New input vector for $reduce_or cell $auto$opt_reduce.cc:131:opt_pmux$24555: { $procmux$22691_CMP [0] $procmux$22690_CMP $procmux$22689_CMP $procmux$22688_CMP $procmux$22687_CMP $procmux$22686_CMP $procmux$22685_CMP $procmux$22679_CMP $procmux$22678_CMP $procmux$22677_CMP $procmux$22676_CMP $procmux$22675_CMP $procmux$22674_CMP $procmux$22673_CMP $procmux$22672_CMP $procmux$22671_CMP $procmux$22670_CMP $procmux$22669_CMP $procmux$22668_CMP $procmux$22667_CMP $procmux$22666_CMP $procmux$22665_CMP $procmux$22664_CMP $procmux$22663_CMP $procmux$22662_CMP $procmux$22661_CMP $procmux$22660_CMP $procmux$22659_CMP $procmux$22658_CMP $procmux$22657_CMP $procmux$22656_CMP $procmux$22654_CMP $procmux$22653_CMP $procmux$22652_CMP $procmux$22651_CMP $procmux$22650_CMP $procmux$22649_CMP $procmux$22648_CMP $procmux$22647_CMP $procmux$22646_CMP $procmux$22645_CMP $procmux$22644_CMP $procmux$22643_CMP $procmux$22642_CMP $procmux$22641_CMP $procmux$22640_CMP $procmux$22639_CMP $procmux$22638_CMP $procmux$22637_CMP [7:1] }
    New input vector for $reduce_or cell $auto$opt_reduce.cc:131:opt_pmux$24557: { $procmux$22689_CMP $procmux$22688_CMP $procmux$22687_CMP $procmux$22686_CMP $procmux$22685_CMP $procmux$22679_CMP $procmux$22678_CMP $procmux$22677_CMP $procmux$22676_CMP $procmux$22675_CMP $procmux$22674_CMP $procmux$22673_CMP $procmux$22672_CMP $procmux$22671_CMP $procmux$22670_CMP $procmux$22669_CMP $procmux$22668_CMP $procmux$22665_CMP $procmux$22664_CMP $procmux$22663_CMP $procmux$22661_CMP $procmux$22660_CMP $procmux$22659_CMP $procmux$22658_CMP $procmux$22657_CMP $procmux$22656_CMP $procmux$22655_CMP $procmux$22654_CMP $procmux$22652_CMP $procmux$22651_CMP $procmux$22650_CMP $procmux$22647_CMP $procmux$22646_CMP $procmux$22645_CMP $procmux$22644_CMP $procmux$22643_CMP $procmux$22642_CMP $procmux$22641_CMP }
    New input vector for $reduce_or cell $auto$opt_reduce.cc:131:opt_pmux$24561: { $procmux$22691_CMP [0] $procmux$22690_CMP $procmux$22689_CMP $procmux$22688_CMP $procmux$22687_CMP $procmux$22686_CMP $procmux$22685_CMP $procmux$22678_CMP $procmux$22677_CMP $procmux$22676_CMP $procmux$22675_CMP $procmux$22674_CMP $procmux$22673_CMP $procmux$22672_CMP $procmux$22671_CMP $procmux$22670_CMP $procmux$22669_CMP $procmux$22668_CMP $procmux$22665_CMP $procmux$22664_CMP $procmux$22663_CMP $procmux$22662_CMP $procmux$22657_CMP $procmux$22656_CMP $procmux$22655_CMP $procmux$22654_CMP $procmux$22653_CMP $procmux$22652_CMP $procmux$22651_CMP $procmux$22647_CMP $procmux$22646_CMP $procmux$22644_CMP $procmux$22642_CMP $procmux$22641_CMP $procmux$22640_CMP $procmux$22638_CMP $procmux$22637_CMP [7:1] $procmux$4719_CMP $procmux$4700_CMP [54:52] $procmux$4700_CMP [50:49] $procmux$4700_CMP [47:45] $procmux$4700_CMP [42] $procmux$4700_CMP [40:38] $procmux$4700_CMP [36:35] $procmux$4700_CMP [33:31] $procmux$4700_CMP [28] $procmux$4700_CMP [26:24] $procmux$4700_CMP [22] $procmux$4700_CMP [19:17] $procmux$4700_CMP [15] $procmux$4700_CMP [12:10] $procmux$4700_CMP [5:3] $procmux$4698_CMP $procmux$4697_CMP $procmux$4696_CMP [53] $procmux$4696_CMP [51] $procmux$4696_CMP [47:46] $procmux$4696_CMP [44:43] $procmux$4696_CMP [39] $procmux$4696_CMP [37] $procmux$4696_CMP [33:32] $procmux$4696_CMP [30:29] $procmux$4696_CMP [25] $procmux$4696_CMP [23] $procmux$4696_CMP [19:18] $procmux$4696_CMP [16:15] $procmux$4696_CMP [11] $procmux$4696_CMP [9] $procmux$4696_CMP [5:4] $procmux$4696_CMP [2:1] $procmux$4695_CMP $procmux$4694_CMP }
    New input vector for $reduce_or cell $auto$opt_reduce.cc:131:opt_pmux$24563: { $procmux$22691_CMP [0] $procmux$22690_CMP $procmux$22689_CMP $procmux$22688_CMP $procmux$22687_CMP $procmux$22686_CMP $procmux$22685_CMP $procmux$22677_CMP $procmux$22676_CMP $procmux$22675_CMP $procmux$22674_CMP $procmux$22673_CMP $procmux$22672_CMP $procmux$22671_CMP $procmux$22670_CMP $procmux$22669_CMP $procmux$22668_CMP $procmux$22665_CMP $procmux$22664_CMP $procmux$22663_CMP $procmux$22662_CMP $procmux$22657_CMP $procmux$22656_CMP $procmux$22655_CMP $procmux$22654_CMP $procmux$22653_CMP $procmux$22652_CMP $procmux$22651_CMP $procmux$22647_CMP $procmux$22646_CMP $procmux$22644_CMP $procmux$22642_CMP $procmux$22641_CMP $procmux$22640_CMP $procmux$22638_CMP $procmux$22637_CMP [7:1] $procmux$4700_CMP [54:52] $procmux$4700_CMP [50:49] $procmux$4700_CMP [47:45] $procmux$4700_CMP [42] $procmux$4700_CMP [40:38] $procmux$4700_CMP [36:35] $procmux$4700_CMP [33:31] $procmux$4700_CMP [28] $procmux$4700_CMP [26:24] $procmux$4700_CMP [22] $procmux$4700_CMP [19:17] $procmux$4700_CMP [15] $procmux$4700_CMP [12:10] $procmux$4700_CMP [5:3] $procmux$4698_CMP $procmux$4696_CMP [53] $procmux$4696_CMP [51] $procmux$4696_CMP [47:46] $procmux$4696_CMP [44:43] $procmux$4696_CMP [39] $procmux$4696_CMP [37] $procmux$4696_CMP [33:32] $procmux$4696_CMP [30:29] $procmux$4696_CMP [25] $procmux$4696_CMP [23] $procmux$4696_CMP [19:18] $procmux$4696_CMP [16:15] $procmux$4696_CMP [11] $procmux$4696_CMP [9] $procmux$4696_CMP [5:4] $procmux$4696_CMP [2:1] $procmux$4694_CMP }
    New input vector for $reduce_or cell $auto$opt_reduce.cc:131:opt_pmux$24565: { $procmux$22691_CMP [0] $procmux$22690_CMP $procmux$22689_CMP $procmux$22688_CMP $procmux$22687_CMP $procmux$22686_CMP $procmux$22685_CMP $procmux$22679_CMP $procmux$22678_CMP $procmux$22677_CMP $procmux$22676_CMP $procmux$22675_CMP $procmux$22674_CMP $procmux$22673_CMP $procmux$22672_CMP $procmux$22671_CMP $procmux$22668_CMP $procmux$22667_CMP $procmux$22666_CMP $procmux$22665_CMP $procmux$22664_CMP $procmux$22663_CMP $procmux$22662_CMP $procmux$22661_CMP $procmux$22660_CMP $procmux$22659_CMP $procmux$22658_CMP $procmux$22657_CMP $procmux$22656_CMP $procmux$22655_CMP $procmux$22654_CMP $procmux$22653_CMP $procmux$22652_CMP $procmux$22651_CMP $procmux$22650_CMP $procmux$22649_CMP $procmux$22648_CMP $procmux$22647_CMP $procmux$22646_CMP $procmux$22645_CMP $procmux$22644_CMP $procmux$22643_CMP $procmux$22642_CMP $procmux$22641_CMP $procmux$22640_CMP $procmux$22639_CMP $procmux$22638_CMP $procmux$22637_CMP [7:1] }
    New input vector for $reduce_or cell $auto$opt_reduce.cc:131:opt_pmux$24567: { $procmux$22690_CMP $procmux$22689_CMP $procmux$22688_CMP $procmux$22687_CMP $procmux$22686_CMP $procmux$22685_CMP $procmux$22679_CMP $procmux$22678_CMP $procmux$22677_CMP $procmux$22676_CMP $procmux$22674_CMP $procmux$22673_CMP $procmux$22671_CMP $procmux$22668_CMP $procmux$22667_CMP $procmux$22666_CMP $procmux$22665_CMP $procmux$22664_CMP $procmux$22663_CMP $procmux$22662_CMP $procmux$22661_CMP $procmux$22660_CMP $procmux$22659_CMP $procmux$22658_CMP $procmux$22657_CMP $procmux$22656_CMP $procmux$22655_CMP $procmux$22654_CMP $procmux$22652_CMP $procmux$22651_CMP $procmux$22650_CMP $procmux$22649_CMP $procmux$22648_CMP $procmux$22647_CMP $procmux$22644_CMP $procmux$22643_CMP $procmux$22642_CMP $procmux$22641_CMP }
    New input vector for $reduce_or cell $auto$opt_reduce.cc:131:opt_pmux$24569: { $procmux$22691_CMP [0] $procmux$22690_CMP $procmux$22689_CMP $procmux$22688_CMP $procmux$22687_CMP $procmux$22686_CMP $procmux$22685_CMP $procmux$22679_CMP $procmux$22678_CMP $procmux$22677_CMP $procmux$22676_CMP $procmux$22675_CMP $procmux$22674_CMP $procmux$22673_CMP $procmux$22672_CMP $procmux$22671_CMP $procmux$22670_CMP $procmux$22669_CMP $procmux$22668_CMP $procmux$22667_CMP $procmux$22666_CMP $procmux$22665_CMP $procmux$22663_CMP $procmux$22662_CMP $procmux$22661_CMP $procmux$22660_CMP $procmux$22659_CMP $procmux$22658_CMP $procmux$22657_CMP $procmux$22656_CMP $procmux$22655_CMP $procmux$22654_CMP $procmux$22653_CMP $procmux$22652_CMP $procmux$22651_CMP $procmux$22650_CMP $procmux$22649_CMP $procmux$22648_CMP $procmux$22647_CMP $procmux$22646_CMP $procmux$22645_CMP $procmux$22644_CMP $procmux$22643_CMP $procmux$22642_CMP $procmux$22641_CMP $procmux$22640_CMP $procmux$22639_CMP $procmux$22638_CMP $procmux$22637_CMP [7:1] }
    New input vector for $reduce_or cell $auto$opt_reduce.cc:131:opt_pmux$24581: { $procmux$22691_CMP [0] $procmux$22690_CMP $procmux$22689_CMP $procmux$22688_CMP $procmux$22687_CMP $procmux$22686_CMP $procmux$22685_CMP $procmux$22678_CMP $procmux$22677_CMP $procmux$22676_CMP $procmux$22675_CMP $procmux$22674_CMP $procmux$22673_CMP $procmux$22672_CMP $procmux$22671_CMP $procmux$22670_CMP $procmux$22669_CMP $procmux$22668_CMP $procmux$22667_CMP $procmux$22666_CMP $procmux$22665_CMP $procmux$22664_CMP $procmux$22663_CMP $procmux$22662_CMP $procmux$22661_CMP $procmux$22660_CMP $procmux$22659_CMP $procmux$22658_CMP $procmux$22657_CMP $procmux$22656_CMP $procmux$22655_CMP $procmux$22654_CMP $procmux$22653_CMP $procmux$22652_CMP $procmux$22651_CMP $procmux$22650_CMP $procmux$22649_CMP $procmux$22648_CMP $procmux$22647_CMP $procmux$22646_CMP $procmux$22645_CMP $procmux$22644_CMP $procmux$22643_CMP $procmux$22642_CMP $procmux$22641_CMP $procmux$22640_CMP $procmux$22639_CMP $procmux$22638_CMP $procmux$22637_CMP [7:1] }
    New input vector for $reduce_or cell $auto$opt_reduce.cc:131:opt_pmux$24585: { $procmux$22691_CMP [0] $procmux$22690_CMP $procmux$22689_CMP $procmux$22688_CMP $procmux$22687_CMP $procmux$22686_CMP $procmux$22685_CMP $procmux$22679_CMP $procmux$22678_CMP $procmux$22677_CMP $procmux$22676_CMP $procmux$22675_CMP $procmux$22674_CMP $procmux$22673_CMP $procmux$22672_CMP $procmux$22671_CMP $procmux$22670_CMP $procmux$22669_CMP $procmux$22668_CMP $procmux$22667_CMP $procmux$22666_CMP $procmux$22665_CMP $procmux$22664_CMP $procmux$22663_CMP $procmux$22662_CMP $procmux$22661_CMP $procmux$22660_CMP $procmux$22659_CMP $procmux$22658_CMP $procmux$22657_CMP $procmux$22656_CMP $procmux$22655_CMP $procmux$22654_CMP $procmux$22653_CMP $procmux$22652_CMP $procmux$22651_CMP $procmux$22650_CMP $procmux$22649_CMP $procmux$22648_CMP $procmux$22647_CMP $procmux$22646_CMP $procmux$22645_CMP $procmux$22644_CMP $procmux$22643_CMP $procmux$22642_CMP $procmux$22641_CMP $procmux$22638_CMP $procmux$22637_CMP [7:1] }
    New input vector for $reduce_or cell $auto$opt_reduce.cc:131:opt_pmux$24587: { $procmux$22691_CMP [0] $procmux$22689_CMP $procmux$22687_CMP $procmux$22686_CMP $procmux$22685_CMP $procmux$22677_CMP $procmux$22676_CMP $procmux$22675_CMP $procmux$22671_CMP $procmux$22670_CMP $procmux$22668_CMP $procmux$22666_CMP $procmux$22665_CMP $procmux$22664_CMP $procmux$22663_CMP $procmux$22661_CMP $procmux$22660_CMP $procmux$22657_CMP $procmux$22656_CMP $procmux$22655_CMP $procmux$22654_CMP $procmux$22652_CMP $procmux$22651_CMP $procmux$22650_CMP $procmux$22649_CMP $procmux$22648_CMP $procmux$22647_CMP $procmux$22646_CMP $procmux$22645_CMP $procmux$22644_CMP $procmux$22643_CMP $procmux$22642_CMP $procmux$22641_CMP $procmux$22638_CMP $procmux$22637_CMP [7:1] }
  Optimizing cells in module \tv80_mcode_gate.
Performed a total of 117 changes.

3.6.5. Executing OPT_MERGE pass (detect identical cells).
Finding identical cells in module `\tv80_mcode_gate'.
Computing hashes of 1349 cells of `\tv80_mcode_gate'.
Finding duplicate cells in `\tv80_mcode_gate'.
Computing hashes of 1056 cells of `\tv80_mcode_gate'.
Finding duplicate cells in `\tv80_mcode_gate'.
Computing hashes of 901 cells of `\tv80_mcode_gate'.
Finding duplicate cells in `\tv80_mcode_gate'.
Computing hashes of 836 cells of `\tv80_mcode_gate'.
Finding duplicate cells in `\tv80_mcode_gate'.
Computing hashes of 822 cells of `\tv80_mcode_gate'.
Finding duplicate cells in `\tv80_mcode_gate'.
<suppressed ~1581 debug messages>
Removed a total of 527 cells.

3.6.6. Executing OPT_DFF pass (perform DFF optimizations).

3.6.7. Executing OPT_CLEAN pass (remove unused cells and wires).
Finding unused cells or wires in module \tv80_mcode_gate..
Removed 0 unused cells and 6234 unused wires.
<suppressed ~1 debug messages>

3.6.8. Executing OPT_EXPR pass (perform const folding).
Optimizing module tv80_mcode_gate.
<suppressed ~1 debug messages>

3.6.9. Rerunning OPT passes. (Maybe there is more to do..)

3.6.10. Executing OPT_MUXTREE pass (detect dead branches in mux trees).
Running muxtree optimizer on module \tv80_mcode_gate..
  Creating internal representation of mux trees.
  Evaluating internal representation of mux trees.
  Analyzing evaluation results.
Removed 0 multiplexer ports.
<suppressed ~1838 debug messages>

3.6.11. Executing OPT_REDUCE pass (consolidate $*mux and $reduce_* inputs).
  Optimizing cells in module \tv80_mcode_gate.
    New ctrl vector for $pmux cell $procmux$4644: { $auto$opt_reduce.cc:137:opt_pmux$24590 $auto$opt_reduce.cc:137:opt_pmux$24478 }
    New ctrl vector for $pmux cell $procmux$4608: { $auto$opt_reduce.cc:137:opt_pmux$24594 $auto$opt_reduce.cc:137:opt_pmux$24592 $auto$opt_reduce.cc:137:opt_pmux$24480 }
    New ctrl vector for $pmux cell $procmux$4778: { $procmux$19940_CMP $procmux$19132_CMP $procmux$17014_CTRL $procmux$16334_CMP $procmux$14597_CMP $procmux$13795_CMP $procmux$13256_CMP $procmux$13099_CMP $auto$opt_reduce.cc:137:opt_pmux$24596 $procmux$10085_CMP $auto$opt_reduce.cc:137:opt_pmux$24490 $auto$opt_reduce.cc:137:opt_pmux$24506 }
    New ctrl vector for $pmux cell $procmux$4105: { $auto$opt_reduce.cc:137:opt_pmux$24602 $procmux$1205_CTRL $auto$opt_reduce.cc:137:opt_pmux$24600 $auto$opt_reduce.cc:137:opt_pmux$24598 $procmux$3331_CTRL }
    New ctrl vector for $pmux cell $procmux$23602: { $auto$opt_reduce.cc:137:opt_pmux$24604 $procmux$21725_CMP $auto$opt_reduce.cc:137:opt_pmux$24510 }
    New ctrl vector for $pmux cell $procmux$3724: { $auto$opt_reduce.cc:137:opt_pmux$24452 $auto$opt_reduce.cc:137:opt_pmux$24610 $auto$opt_reduce.cc:137:opt_pmux$24608 $auto$opt_reduce.cc:137:opt_pmux$24606 $procmux$1003_CTRL $procmux$1091_CTRL }
    New ctrl vector for $pmux cell $procmux$22738: { $auto$opt_reduce.cc:137:opt_pmux$24616 $procmux$13795_CMP $auto$opt_reduce.cc:137:opt_pmux$24614 $procmux$10508_CMP $procmux$10085_CMP $auto$opt_reduce.cc:137:opt_pmux$24454 $auto$opt_reduce.cc:137:opt_pmux$24612 $procmux$21725_CMP $procmux$21724_CMP $procmux$21723_CMP $auto$opt_reduce.cc:137:opt_pmux$24456 }
    New ctrl vector for $pmux cell $procmux$3984: { $procmux$1091_CTRL $procmux$1003_CTRL $auto$opt_reduce.cc:137:opt_pmux$24622 $procmux$1310_CTRL $auto$opt_reduce.cc:137:opt_pmux$24620 $procmux$1096_CTRL $procmux$1097_CTRL $auto$opt_reduce.cc:137:opt_pmux$24618 }
    New ctrl vector for $pmux cell $procmux$3952: $auto$opt_reduce.cc:137:opt_pmux$24624
    New ctrl vector for $pmux cell $procmux$22684: { $auto$opt_reduce.cc:137:opt_pmux$24626 $auto$opt_reduce.cc:137:opt_pmux$24512 }
    New ctrl vector for $pmux cell $procmux$4021: { $auto$opt_reduce.cc:137:opt_pmux$24632 $auto$opt_reduce.cc:137:opt_pmux$24630 $auto$opt_reduce.cc:137:opt_pmux$24628 $procmux$2894_CTRL $procmux$1096_CTRL }
    New ctrl vector for $pmux cell $procmux$21930: { $procmux$19940_CMP $procmux$19132_CMP $auto$opt_reduce.cc:137:opt_pmux$24644 $auto$opt_reduce.cc:137:opt_pmux$24642 $procmux$18396_CMP $procmux$17537_CMP $auto$opt_reduce.cc:137:opt_pmux$24640 $auto$opt_reduce.cc:137:opt_pmux$24638 $procmux$13795_CMP $procmux$13256_CMP $auto$opt_reduce.cc:137:opt_pmux$24636 $procmux$10508_CMP $procmux$21724_CMP $procmux$21723_CMP $procmux$21721_CTRL $auto$opt_reduce.cc:137:opt_pmux$24634 $auto$opt_reduce.cc:137:opt_pmux$24516 }
    New ctrl vector for $pmux cell $procmux$3795: { $procmux$1091_CTRL $auto$opt_reduce.cc:137:opt_pmux$24646 }
    New ctrl vector for $pmux cell $procmux$21768: { $procmux$19940_CMP $procmux$19132_CMP $auto$opt_reduce.cc:137:opt_pmux$24520 $procmux$13256_CMP $auto$opt_reduce.cc:137:opt_pmux$24522 $auto$opt_reduce.cc:137:opt_pmux$24648 $procmux$10508_CMP $procmux$21727_CMP $auto$opt_reduce.cc:137:opt_pmux$24524 $procmux$21723_CMP $procmux$21721_CTRL $auto$opt_reduce.cc:137:opt_pmux$24526 $auto$opt_reduce.cc:137:opt_pmux$24528 }
    New ctrl vector for $pmux cell $procmux$3964: { $procmux$1310_CTRL $auto$opt_reduce.cc:137:opt_pmux$24650 }
    New ctrl vector for $pmux cell $procmux$22630: { $procmux$10085_CMP $auto$opt_reduce.cc:137:opt_pmux$24652 $procmux$21725_CMP $auto$opt_reduce.cc:137:opt_pmux$24532 }
    New ctrl vector for $pmux cell $procmux$4994: { $auto$opt_reduce.cc:137:opt_pmux$24656 $auto$opt_reduce.cc:137:opt_pmux$24654 $procmux$13795_CMP $procmux$10508_CMP $auto$opt_reduce.cc:137:opt_pmux$24462 $procmux$21724_CMP $procmux$21723_CMP $auto$opt_reduce.cc:137:opt_pmux$24464 }
    New ctrl vector for $pmux cell $procmux$1090: { $auto$opt_reduce.cc:137:opt_pmux$24662 $procmux$1093_CTRL $auto$opt_reduce.cc:137:opt_pmux$24660 $auto$opt_reduce.cc:137:opt_pmux$24658 $procmux$1098_CTRL }
    New ctrl vector for $pmux cell $procmux$4187: $auto$opt_reduce.cc:137:opt_pmux$24664
    New ctrl vector for $pmux cell $procmux$24170: { $auto$opt_reduce.cc:137:opt_pmux$24670 $auto$opt_reduce.cc:137:opt_pmux$24668 $auto$opt_reduce.cc:137:opt_pmux$24666 $procmux$10508_CMP $procmux$21725_CMP $auto$opt_reduce.cc:137:opt_pmux$24538 }
    New ctrl vector for $pmux cell $procmux$22090: { $procmux$19940_CMP $procmux$19132_CMP $auto$opt_reduce.cc:137:opt_pmux$24674 $procmux$16334_CMP $procmux$14597_CMP $procmux$13795_CMP $procmux$13256_CMP $procmux$13099_CMP $auto$opt_reduce.cc:137:opt_pmux$24672 $auto$opt_reduce.cc:137:opt_pmux$24490 $procmux$21725_CMP $auto$opt_reduce.cc:137:opt_pmux$24542 }
    New ctrl vector for $pmux cell $procmux$4656: { $auto$opt_reduce.cc:137:opt_pmux$24676 $auto$opt_reduce.cc:137:opt_pmux$24544 }
    New ctrl vector for $pmux cell $procmux$4035: { $auto$opt_reduce.cc:137:opt_pmux$24678 $procmux$1400_CMP $procmux$1546_CMP $procmux$1094_CTRL $procmux$1095_CTRL $procmux$2894_CTRL $procmux$1096_CTRL $procmux$1097_CTRL }
    New ctrl vector for $pmux cell $procmux$3782: { $auto$opt_reduce.cc:137:opt_pmux$24682 $procmux$1546_CMP $auto$opt_reduce.cc:137:opt_pmux$24680 $procmux$1096_CTRL }
    New ctrl vector for $pmux cell $procmux$4164: $auto$opt_reduce.cc:137:opt_pmux$24684
    New ctrl vector for $pmux cell $procmux$23981: { $auto$opt_reduce.cc:137:opt_pmux$24686 $procmux$18396_CMP $procmux$10029_CMP $auto$opt_reduce.cc:137:opt_pmux$24550 }
    New ctrl vector for $pmux cell $procmux$891: { $procmux$3331_CTRL $auto$opt_reduce.cc:137:opt_pmux$24692 $procmux$2894_CTRL $auto$opt_reduce.cc:137:opt_pmux$24690 $auto$opt_reduce.cc:137:opt_pmux$24688 $procmux$1205_CTRL }
    New ctrl vector for $pmux cell $procmux$5142: { $auto$opt_reduce.cc:137:opt_pmux$24696 $auto$opt_reduce.cc:137:opt_pmux$24694 $procmux$13795_CMP $procmux$10508_CMP $procmux$21733_CMP $procmux$21732_CMP $procmux$21724_CMP $procmux$21723_CMP $auto$opt_reduce.cc:137:opt_pmux$24464 }
    New ctrl vector for $pmux cell $procmux$4832: { $procmux$19940_CMP $procmux$19132_CMP $auto$opt_reduce.cc:137:opt_pmux$24700 $procmux$17537_CMP $procmux$15619_CMP $procmux$15078_CMP $procmux$13795_CMP $auto$opt_reduce.cc:137:opt_pmux$24698 $procmux$10508_CMP $procmux$10085_CMP $procmux$21725_CMP $procmux$21724_CMP $procmux$21723_CMP $procmux$21720_CTRL $procmux$10466_CMP $auto$opt_reduce.cc:137:opt_pmux$24482 }
    New ctrl vector for $pmux cell $procmux$3877: $auto$opt_reduce.cc:137:opt_pmux$24702
    New ctrl vector for $pmux cell $procmux$4680: { $auto$opt_reduce.cc:137:opt_pmux$24704 $procmux$4403_CTRL $auto$opt_reduce.cc:137:opt_pmux$24544 }
    New ctrl vector for $pmux cell $procmux$24116: { $auto$opt_reduce.cc:137:opt_pmux$24706 $auto$opt_reduce.cc:137:opt_pmux$24566 }
    New ctrl vector for $pmux cell $procmux$3769: { $auto$opt_reduce.cc:137:opt_pmux$24710 $procmux$1093_CTRL $auto$opt_reduce.cc:137:opt_pmux$24708 $procmux$1098_CTRL }
    New ctrl vector for $pmux cell $procmux$2886: { $auto$opt_reduce.cc:137:opt_pmux$24718 $procmux$1093_CTRL $auto$opt_reduce.cc:137:opt_pmux$24716 $auto$opt_reduce.cc:137:opt_pmux$24714 $procmux$2894_CTRL $auto$opt_reduce.cc:137:opt_pmux$24712 $procmux$1098_CTRL }
    New ctrl vector for $pmux cell $procmux$23386: { $auto$opt_reduce.cc:137:opt_pmux$24722 $procmux$10508_CMP $auto$opt_reduce.cc:137:opt_pmux$24720 $auto$opt_reduce.cc:137:opt_pmux$24568 }
    New ctrl vector for $pmux cell $procmux$23818: { $procmux$13256_CMP $procmux$13099_CMP $auto$opt_reduce.cc:137:opt_pmux$24724 $procmux$10085_CMP $auto$opt_reduce.cc:137:opt_pmux$24490 $procmux$21725_CMP $auto$opt_reduce.cc:137:opt_pmux$24492 }
    New ctrl vector for $pmux cell $procmux$5282: { $procmux$19940_CMP $procmux$19132_CMP $auto$opt_reduce.cc:137:opt_pmux$24728 $procmux$17537_CMP $procmux$15619_CMP $procmux$15078_CMP $procmux$13795_CMP $procmux$13256_CMP $procmux$13099_CMP $auto$opt_reduce.cc:137:opt_pmux$24726 $procmux$10508_CMP $procmux$10085_CMP $procmux$21725_CMP $procmux$21724_CMP $procmux$21723_CMP $procmux$21720_CTRL $procmux$10466_CMP $auto$opt_reduce.cc:137:opt_pmux$24484 }
    New ctrl vector for $pmux cell $procmux$23656: { $procmux$10508_CMP $procmux$10015_CMP $procmux$14430_CMP $auto$opt_reduce.cc:137:opt_pmux$24730 $auto$opt_reduce.cc:137:opt_pmux$24474 }
    New ctrl vector for $pmux cell $procmux$23332: { $auto$opt_reduce.cc:137:opt_pmux$24732 $auto$opt_reduce.cc:137:opt_pmux$24486 }
    New ctrl vector for $pmux cell $procmux$23764: { $auto$opt_reduce.cc:137:opt_pmux$24734 $auto$opt_reduce.cc:137:opt_pmux$24488 }
    New ctrl vector for $pmux cell $procmux$23494: { $auto$opt_reduce.cc:137:opt_pmux$24736 $auto$opt_reduce.cc:137:opt_pmux$24586 }
    New ctrl vector for $pmux cell $procmux$21714: { $procmux$19940_CMP $procmux$19132_CMP $procmux$18239_CMP $procmux$18082_CMP $procmux$17537_CMP $auto$opt_reduce.cc:137:opt_pmux$24742 $auto$opt_reduce.cc:137:opt_pmux$24740 $procmux$13795_CMP $auto$opt_reduce.cc:137:opt_pmux$24738 $procmux$10508_CMP $procmux$10466_CMP $auto$opt_reduce.cc:137:opt_pmux$24588 }
    New input vector for $reduce_or cell $auto$opt_reduce.cc:131:opt_pmux$24589: { $procmux$19132_CMP $procmux$4291_CMP $procmux$4207_CMP }
    New input vector for $reduce_or cell $auto$opt_reduce.cc:131:opt_pmux$24591: { $procmux$19132_CMP $procmux$4291_CMP $procmux$4207_CMP }
    New input vector for $reduce_or cell $auto$opt_reduce.cc:131:opt_pmux$24593: { $procmux$21752_CMP $procmux$21741_CMP $procmux$21740_CMP $procmux$21739_CMP $procmux$21738_CMP $procmux$21736_CMP $procmux$21735_CMP $procmux$21731_CMP $procmux$21726_CMP $procmux$21725_CMP $procmux$21724_CMP $procmux$21722_CMP $procmux$21721_CMP $procmux$21720_CMP $procmux$21716_CMP $procmux$21715_CMP $procmux$19019_CMP $procmux$18911_CMP $procmux$18396_CMP $procmux$18239_CMP $procmux$18082_CMP $procmux$17537_CMP $procmux$17014_CMP $procmux$16334_CMP $procmux$15619_CMP $procmux$15027_CMP $procmux$14469_CMP $procmux$14399_CMP $procmux$13795_CMP $procmux$10508_CMP $procmux$10466_CMP $procmux$10052_CMP $procmux$10029_CMP $procmux$10015_CMP $procmux$4574_CMP [54:52] $procmux$4574_CMP [50:49] $procmux$4574_CMP [47:45] $procmux$4574_CMP [42] $procmux$4574_CMP [40:38] $procmux$4574_CMP [36:35] $procmux$4574_CMP [33:31] $procmux$4574_CMP [28] $procmux$4574_CMP [26:24] $procmux$4574_CMP [22] $procmux$4574_CMP [19:17] $procmux$4574_CMP [15] $procmux$4574_CMP [12:10] $procmux$4574_CMP [5:3] $procmux$4368_CMP [53] $procmux$4368_CMP [51] $procmux$4368_CMP [47:46] $procmux$4368_CMP [44:43] $procmux$4368_CMP [39] $procmux$4368_CMP [37] $procmux$4368_CMP [33:32] $procmux$4368_CMP [30:29] $procmux$4368_CMP [25] $procmux$4368_CMP [23] $procmux$4368_CMP [19:18] $procmux$4368_CMP [16:15] $procmux$4368_CMP [11] $procmux$4368_CMP [9] $procmux$4368_CMP [5:4] $procmux$4368_CMP [2:1] $procmux$4260_CMP [55:53] $procmux$4260_CMP [48:46] $procmux$4260_CMP [41:39] $procmux$4260_CMP [34:32] $procmux$4260_CMP [27:0] $procmux$1097_CMP $procmux$1096_CMP $procmux$1091_CMP $procmux$1003_CMP $eq$/home/toshn/slacksmith_work/depth_tv80/run1/gates/O1/gate.v:4725$622_Y }
    New input vector for $reduce_or cell $auto$opt_reduce.cc:131:opt_pmux$24597: { $procmux$1095_CMP $procmux$1094_CMP }
    New input vector for $reduce_or cell $auto$opt_reduce.cc:131:opt_pmux$24601: { $procmux$1091_CMP $procmux$1003_CMP }
    New input vector for $reduce_or cell $auto$opt_reduce.cc:131:opt_pmux$24607: { $procmux$1095_CMP $procmux$1094_CMP }
    New input vector for $reduce_or cell $auto$opt_reduce.cc:131:opt_pmux$24609: { $procmux$1097_CMP $procmux$1096_CMP }
    New input vector for $reduce_or cell $auto$opt_reduce.cc:131:opt_pmux$24615: { $procmux$21721_CMP $procmux$21720_CMP $procmux$15078_CMP }
    New input vector for $reduce_or cell $auto$opt_reduce.cc:131:opt_pmux$24617: { $procmux$3331_CMP $procmux$1098_CMP }
    New input vector for $reduce_or cell $auto$opt_reduce.cc:131:opt_pmux$24621: { $procmux$1205_CMP $procmux$1093_CMP }
    New input vector for $reduce_or cell $auto$opt_reduce.cc:131:opt_pmux$24623: { $procmux$3331_CMP $procmux$1098_CMP }
    New input vector for $reduce_or cell $auto$opt_reduce.cc:131:opt_pmux$24627: { $procmux$1095_CMP $procmux$1094_CMP }
    New input vector for $reduce_or cell $auto$opt_reduce.cc:131:opt_pmux$24631: { $procmux$1091_CMP $procmux$1003_CMP }
    New input vector for $reduce_or cell $auto$opt_reduce.cc:131:opt_pmux$24637: { $procmux$21722_CMP $procmux$21720_CMP $procmux$15078_CMP $procmux$14597_CMP }
    New input vector for $reduce_or cell $auto$opt_reduce.cc:131:opt_pmux$24645: { $procmux$1205_CMP $procmux$1093_CMP $procmux$1003_CMP }
    New input vector for $reduce_or cell $auto$opt_reduce.cc:131:opt_pmux$24649: { $procmux$3331_CMP $procmux$1098_CMP }
    New input vector for $reduce_or cell $auto$opt_reduce.cc:131:opt_pmux$24653: { $procmux$21722_CMP $procmux$21721_CMP $procmux$14597_CMP }
    New input vector for $reduce_or cell $auto$opt_reduce.cc:131:opt_pmux$24655: { $procmux$21720_CMP $procmux$15078_CMP }
    New input vector for $reduce_or cell $auto$opt_reduce.cc:131:opt_pmux$24657: { $procmux$1097_CMP $procmux$1096_CMP }
    New input vector for $reduce_or cell $auto$opt_reduce.cc:131:opt_pmux$24659: { $procmux$1095_CMP $procmux$1094_CMP }
    New input vector for $reduce_or cell $auto$opt_reduce.cc:131:opt_pmux$24661: { $procmux$1091_CMP $procmux$1003_CMP }
    New input vector for $reduce_or cell $auto$opt_reduce.cc:131:opt_pmux$24663: { $procmux$3331_CMP $procmux$1098_CMP }
    New input vector for $reduce_or cell $auto$opt_reduce.cc:131:opt_pmux$24665: { $procmux$21724_CMP $procmux$21723_CMP $procmux$17537_CMP $procmux$17014_CMP $procmux$16334_CMP $procmux$15619_CMP $procmux$14430_CMP }
    New input vector for $reduce_or cell $auto$opt_reduce.cc:131:opt_pmux$24673: { $procmux$17014_CMP $procmux$10085_CMP }
    New input vector for $reduce_or cell $auto$opt_reduce.cc:131:opt_pmux$24675: { $procmux$19132_CMP $procmux$4403_CMP [7] $procmux$4291_CMP $procmux$4207_CMP $procmux$3836_CMP $procmux$3835_CMP $procmux$3834_CMP [0] }
    New input vector for $reduce_or cell $auto$opt_reduce.cc:131:opt_pmux$24677: { $procmux$1091_CMP $procmux$1003_CMP }
    New input vector for $reduce_or cell $auto$opt_reduce.cc:131:opt_pmux$24679: { $procmux$1095_CMP $procmux$1094_CMP }
    New input vector for $reduce_or cell $auto$opt_reduce.cc:131:opt_pmux$24681: { $procmux$1097_CMP $procmux$1091_CMP $procmux$1003_CMP }
    New input vector for $reduce_or cell $auto$opt_reduce.cc:131:opt_pmux$24683: { $procmux$3331_CMP $procmux$1098_CMP }
    New input vector for $reduce_or cell $auto$opt_reduce.cc:131:opt_pmux$24689: { $procmux$1095_CMP $procmux$1094_CMP }
    New input vector for $reduce_or cell $auto$opt_reduce.cc:131:opt_pmux$24691: { $procmux$1097_CMP $procmux$1096_CMP }
    New input vector for $reduce_or cell $auto$opt_reduce.cc:131:opt_pmux$24693: { $procmux$21722_CMP $procmux$21721_CMP $procmux$14597_CMP }
    New input vector for $reduce_or cell $auto$opt_reduce.cc:131:opt_pmux$24695: { $procmux$21720_CMP $procmux$15078_CMP }
    New input vector for $reduce_or cell $auto$opt_reduce.cc:131:opt_pmux$24701: { $procmux$1091_CMP $procmux$1003_CMP }
    New input vector for $reduce_or cell $auto$opt_reduce.cc:131:opt_pmux$24703: { $procmux$19132_CMP $procmux$4291_CMP $procmux$4207_CMP }
    New input vector for $reduce_or cell $auto$opt_reduce.cc:131:opt_pmux$24709: { $procmux$1097_CMP $procmux$1091_CMP $procmux$1003_CMP }
    New input vector for $reduce_or cell $auto$opt_reduce.cc:131:opt_pmux$24711: { $procmux$1097_CMP $procmux$1096_CMP }
    New input vector for $reduce_or cell $auto$opt_reduce.cc:131:opt_pmux$24713: { $procmux$1095_CMP $procmux$1094_CMP }
    New input vector for $reduce_or cell $auto$opt_reduce.cc:131:opt_pmux$24717: { $procmux$1091_CMP $procmux$1003_CMP }
    New input vector for $reduce_or cell $auto$opt_reduce.cc:131:opt_pmux$24719: { $procmux$21722_CMP $procmux$21721_CMP }
    New input vector for $reduce_or cell $auto$opt_reduce.cc:131:opt_pmux$24729: { $procmux$21722_CMP $procmux$21721_CMP }
    New input vector for $reduce_or cell $auto$opt_reduce.cc:131:opt_pmux$24739: { $procmux$21720_CMP $procmux$15078_CMP }
  Optimizing cells in module \tv80_mcode_gate.
Performed a total of 84 changes.

3.6.12. Executing OPT_MERGE pass (detect identical cells).
Finding identical cells in module `\tv80_mcode_gate'.
Computing hashes of 898 cells of `\tv80_mcode_gate'.
Finding duplicate cells in `\tv80_mcode_gate'.
Computing hashes of 850 cells of `\tv80_mcode_gate'.
Finding duplicate cells in `\tv80_mcode_gate'.
<suppressed ~144 debug messages>
Removed a total of 48 cells.

3.6.13. Executing OPT_DFF pass (perform DFF optimizations).

3.6.14. Executing OPT_CLEAN pass (remove unused cells and wires).
Finding unused cells or wires in module \tv80_mcode_gate..
Removed 0 unused cells and 49 unused wires.
<suppressed ~1 debug messages>

3.6.15. Executing OPT_EXPR pass (perform const folding).
Optimizing module tv80_mcode_gate.

3.6.16. Rerunning OPT passes. (Maybe there is more to do..)

3.6.17. Executing OPT_MUXTREE pass (detect dead branches in mux trees).
Running muxtree optimizer on module \tv80_mcode_gate..
  Creating internal representation of mux trees.
  Evaluating internal representation of mux trees.
  Analyzing evaluation results.
Removed 0 multiplexer ports.
<suppressed ~1470 debug messages>

3.6.18. Executing OPT_REDUCE pass (consolidate $*mux and $reduce_* inputs).
  Optimizing cells in module \tv80_mcode_gate.
Performed a total of 0 changes.

3.6.19. Executing OPT_MERGE pass (detect identical cells).
Finding identical cells in module `\tv80_mcode_gate'.
Computing hashes of 850 cells of `\tv80_mcode_gate'.
Finding duplicate cells in `\tv80_mcode_gate'.
Removed a total of 0 cells.

3.6.20. Executing OPT_DFF pass (perform DFF optimizations).

3.6.21. Executing OPT_CLEAN pass (remove unused cells and wires).
Finding unused cells or wires in module \tv80_mcode_gate..

3.6.22. Executing OPT_EXPR pass (perform const folding).
Optimizing module tv80_mcode_gate.

3.6.23. Finished fast OPT passes. (There is nothing left to do.)

3.7. Executing FSM pass (extract and optimize FSM).

3.7.1. Executing FSM_DETECT pass (finding FSMs in design).

3.7.2. Executing FSM_EXTRACT pass (extracting FSM from design).

3.7.3. Executing FSM_OPT pass (simple optimizations of FSMs).

3.7.4. Executing OPT_CLEAN pass (remove unused cells and wires).
Finding unused cells or wires in module \tv80_mcode_gate..

3.7.5. Executing FSM_OPT pass (simple optimizations of FSMs).

3.7.6. Executing FSM_RECODE pass (re-assigning FSM state encoding).

3.7.7. Executing FSM_INFO pass (dumping all available information on FSM cells).

3.7.8. Executing FSM_MAP pass (mapping FSMs to basic logic).

3.8. Executing OPT pass (performing simple optimizations).

3.8.1. Executing OPT_EXPR pass (perform const folding).
Optimizing module tv80_mcode_gate.

3.8.2. Executing OPT_MERGE pass (detect identical cells).
Finding identical cells in module `\tv80_mcode_gate'.
Computing hashes of 850 cells of `\tv80_mcode_gate'.
Finding duplicate cells in `\tv80_mcode_gate'.
Removed a total of 0 cells.

3.8.3. Executing OPT_MUXTREE pass (detect dead branches in mux trees).
Running muxtree optimizer on module \tv80_mcode_gate..
  Creating internal representation of mux trees.
  Evaluating internal representation of mux trees.
  Analyzing evaluation results.
Removed 0 multiplexer ports.
<suppressed ~1470 debug messages>

3.8.4. Executing OPT_REDUCE pass (consolidate $*mux and $reduce_* inputs).
  Optimizing cells in module \tv80_mcode_gate.
Performed a total of 0 changes.

3.8.5. Executing OPT_MERGE pass (detect identical cells).
Finding identical cells in module `\tv80_mcode_gate'.
Computing hashes of 850 cells of `\tv80_mcode_gate'.
Finding duplicate cells in `\tv80_mcode_gate'.
Removed a total of 0 cells.

3.8.6. Executing OPT_DFF pass (perform DFF optimizations).

3.8.7. Executing OPT_CLEAN pass (remove unused cells and wires).
Finding unused cells or wires in module \tv80_mcode_gate..

3.8.8. Executing OPT_EXPR pass (perform const folding).
Optimizing module tv80_mcode_gate.

3.8.9. Finished fast OPT passes. (There is nothing left to do.)

3.9. Executing WREDUCE pass (reducing word size of cells).
Removed top 2 bits (of 3) from mux cell tv80_mcode_gate.$ternary$/home/toshn/slacksmith_work/depth_tv80/run1/gates/O1/gate.v:3429$567 ($mux).
Removed top 2 bits (of 3) from mux cell tv80_mcode_gate.$ternary$/home/toshn/slacksmith_work/depth_tv80/run1/gates/O1/gate.v:3430$569 ($mux).
Removed top 2 bits (of 3) from mux cell tv80_mcode_gate.$ternary$/home/toshn/slacksmith_work/depth_tv80/run1/gates/O1/gate.v:3431$570 ($mux).
Removed top 2 bits (of 3) from mux cell tv80_mcode_gate.$ternary$/home/toshn/slacksmith_work/depth_tv80/run1/gates/O1/gate.v:3432$572 ($mux).
Removed top 1 bits (of 2) from port B of cell tv80_mcode_gate.$ne$/home/toshn/slacksmith_work/depth_tv80/run1/gates/O1/gate.v:4736$624 ($ne).
Removed top 2 bits (of 8) from port B of cell tv80_mcode_gate.$eq$/home/toshn/slacksmith_work/depth_tv80/run1/gates/O1/gate.v:4742$625 ($eq).
Removed top 1 bits (of 2) from port B of cell tv80_mcode_gate.$procmux$685_CMP0 ($eq).
Removed top 1 bits (of 3) from mux cell tv80_mcode_gate.$procmux$1730 ($mux).
Removed top 1 bits (of 3) from mux cell tv80_mcode_gate.$procmux$1732 ($mux).
Removed top 1 bits (of 4) from mux cell tv80_mcode_gate.$procmux$1968 ($mux).
Removed top 1 bits (of 4) from mux cell tv80_mcode_gate.$procmux$1970 ($mux).
Removed top 1 bits (of 4) from mux cell tv80_mcode_gate.$procmux$2499 ($mux).
Removed top 1 bits (of 4) from mux cell tv80_mcode_gate.$procmux$2501 ($mux).
Removed top 1 bits (of 4) from mux cell tv80_mcode_gate.$procmux$2819 ($mux).
Removed top 1 bits (of 4) from mux cell tv80_mcode_gate.$procmux$2821 ($mux).
Removed top 1 bits (of 4) from mux cell tv80_mcode_gate.$procmux$2875 ($mux).
Removed top 1 bits (of 8) from port B of cell tv80_mcode_gate.$procmux$4697_CMP0 ($eq).
Removed top 1 bits (of 8) from port B of cell tv80_mcode_gate.$procmux$4697_CMP1 ($eq).
Removed top 1 bits (of 8) from port B of cell tv80_mcode_gate.$procmux$4697_CMP2 ($eq).
Removed top 1 bits (of 8) from port B of cell tv80_mcode_gate.$procmux$4697_CMP3 ($eq).
Removed top 1 bits (of 8) from port B of cell tv80_mcode_gate.$procmux$4697_CMP4 ($eq).
Removed top 1 bits (of 8) from port B of cell tv80_mcode_gate.$procmux$4697_CMP5 ($eq).
Removed top 1 bits (of 8) from port B of cell tv80_mcode_gate.$procmux$4697_CMP6 ($eq).
Removed top 1 bits (of 8) from port B of cell tv80_mcode_gate.$procmux$4697_CMP7 ($eq).
Removed top 1 bits (of 8) from port B of cell tv80_mcode_gate.$procmux$4698_CMP0 ($eq).
Removed top 1 bits (of 8) from port B of cell tv80_mcode_gate.$procmux$4698_CMP1 ($eq).
Removed top 1 bits (of 8) from port B of cell tv80_mcode_gate.$procmux$4698_CMP2 ($eq).
Removed top 1 bits (of 8) from port B of cell tv80_mcode_gate.$procmux$4698_CMP3 ($eq).
Removed top 1 bits (of 8) from port B of cell tv80_mcode_gate.$procmux$4698_CMP4 ($eq).
Removed top 1 bits (of 8) from port B of cell tv80_mcode_gate.$procmux$4698_CMP5 ($eq).
Removed top 1 bits (of 8) from port B of cell tv80_mcode_gate.$procmux$4698_CMP6 ($eq).
Removed top 1 bits (of 8) from port B of cell tv80_mcode_gate.$procmux$4698_CMP7 ($eq).
Removed top 1 bits (of 8) from port B of cell tv80_mcode_gate.$procmux$4698_CMP8 ($eq).
Removed top 1 bits (of 8) from port B of cell tv80_mcode_gate.$procmux$4698_CMP9 ($eq).
Removed top 1 bits (of 8) from port B of cell tv80_mcode_gate.$procmux$4698_CMP10 ($eq).
Removed top 1 bits (of 8) from port B of cell tv80_mcode_gate.$procmux$4698_CMP11 ($eq).
Removed top 1 bits (of 8) from port B of cell tv80_mcode_gate.$procmux$4698_CMP12 ($eq).
Removed top 1 bits (of 8) from port B of cell tv80_mcode_gate.$procmux$4698_CMP13 ($eq).
Removed top 1 bits (of 8) from port B of cell tv80_mcode_gate.$procmux$4698_CMP14 ($eq).
Removed top 1 bits (of 8) from port B of cell tv80_mcode_gate.$procmux$4698_CMP15 ($eq).
Removed top 1 bits (of 8) from port B of cell tv80_mcode_gate.$procmux$4698_CMP16 ($eq).
Removed top 1 bits (of 8) from port B of cell tv80_mcode_gate.$procmux$4698_CMP17 ($eq).
Removed top 1 bits (of 8) from port B of cell tv80_mcode_gate.$procmux$4698_CMP18 ($eq).
Removed top 1 bits (of 8) from port B of cell tv80_mcode_gate.$procmux$4698_CMP19 ($eq).
Removed top 1 bits (of 8) from port B of cell tv80_mcode_gate.$procmux$4698_CMP20 ($eq).
Removed top 1 bits (of 8) from port B of cell tv80_mcode_gate.$procmux$4698_CMP21 ($eq).
Removed top 1 bits (of 8) from port B of cell tv80_mcode_gate.$procmux$4698_CMP22 ($eq).
Removed top 1 bits (of 8) from port B of cell tv80_mcode_gate.$procmux$4698_CMP23 ($eq).
Removed top 1 bits (of 8) from port B of cell tv80_mcode_gate.$procmux$4698_CMP24 ($eq).
Removed top 1 bits (of 8) from port B of cell tv80_mcode_gate.$procmux$4698_CMP25 ($eq).
Removed top 1 bits (of 8) from port B of cell tv80_mcode_gate.$procmux$4698_CMP26 ($eq).
Removed top 1 bits (of 8) from port B of cell tv80_mcode_gate.$procmux$4698_CMP27 ($eq).
Removed top 1 bits (of 8) from port B of cell tv80_mcode_gate.$procmux$4698_CMP28 ($eq).
Removed top 1 bits (of 8) from port B of cell tv80_mcode_gate.$procmux$4698_CMP29 ($eq).
Removed top 1 bits (of 8) from port B of cell tv80_mcode_gate.$procmux$4698_CMP30 ($eq).
Removed top 1 bits (of 8) from port B of cell tv80_mcode_gate.$procmux$4698_CMP31 ($eq).
Removed top 1 bits (of 8) from port B of cell tv80_mcode_gate.$procmux$4698_CMP32 ($eq).
Removed top 1 bits (of 8) from port B of cell tv80_mcode_gate.$procmux$4698_CMP33 ($eq).
Removed top 1 bits (of 8) from port B of cell tv80_mcode_gate.$procmux$4698_CMP34 ($eq).
Removed top 1 bits (of 8) from port B of cell tv80_mcode_gate.$procmux$4698_CMP35 ($eq).
Removed top 1 bits (of 8) from port B of cell tv80_mcode_gate.$procmux$4698_CMP36 ($eq).
Removed top 1 bits (of 8) from port B of cell tv80_mcode_gate.$procmux$4698_CMP37 ($eq).
Removed top 1 bits (of 8) from port B of cell tv80_mcode_gate.$procmux$4698_CMP38 ($eq).
Removed top 1 bits (of 8) from port B of cell tv80_mcode_gate.$procmux$4698_CMP39 ($eq).
Removed top 1 bits (of 8) from port B of cell tv80_mcode_gate.$procmux$4698_CMP40 ($eq).
Removed top 1 bits (of 8) from port B of cell tv80_mcode_gate.$procmux$4698_CMP41 ($eq).
Removed top 1 bits (of 8) from port B of cell tv80_mcode_gate.$procmux$4698_CMP42 ($eq).
Removed top 1 bits (of 8) from port B of cell tv80_mcode_gate.$procmux$4698_CMP43 ($eq).
Removed top 1 bits (of 8) from port B of cell tv80_mcode_gate.$procmux$4698_CMP44 ($eq).
Removed top 1 bits (of 8) from port B of cell tv80_mcode_gate.$procmux$4698_CMP45 ($eq).
Removed top 1 bits (of 8) from port B of cell tv80_mcode_gate.$procmux$4698_CMP46 ($eq).
Removed top 1 bits (of 8) from port B of cell tv80_mcode_gate.$procmux$4698_CMP47 ($eq).
Removed top 1 bits (of 8) from port B of cell tv80_mcode_gate.$procmux$4698_CMP48 ($eq).
Removed top 1 bits (of 8) from port B of cell tv80_mcode_gate.$procmux$4698_CMP49 ($eq).
Removed top 1 bits (of 8) from port B of cell tv80_mcode_gate.$procmux$4698_CMP50 ($eq).
Removed top 1 bits (of 8) from port B of cell tv80_mcode_gate.$procmux$4698_CMP51 ($eq).
Removed top 1 bits (of 8) from port B of cell tv80_mcode_gate.$procmux$4698_CMP52 ($eq).
Removed top 1 bits (of 8) from port B of cell tv80_mcode_gate.$procmux$4698_CMP53 ($eq).
Removed top 1 bits (of 8) from port B of cell tv80_mcode_gate.$procmux$4698_CMP54 ($eq).
Removed top 1 bits (of 8) from port B of cell tv80_mcode_gate.$procmux$4698_CMP55 ($eq).
Removed top 6 bits (of 8) from port B of cell tv80_mcode_gate.$procmux$4700_CMP3 ($eq).
Removed top 5 bits (of 8) from port B of cell tv80_mcode_gate.$procmux$4700_CMP4 ($eq).
Removed top 5 bits (of 8) from port B of cell tv80_mcode_gate.$procmux$4700_CMP5 ($eq).
Removed top 3 bits (of 8) from port B of cell tv80_mcode_gate.$procmux$4700_CMP10 ($eq).
Removed top 3 bits (of 8) from port B of cell tv80_mcode_gate.$procmux$4700_CMP11 ($eq).
Removed top 3 bits (of 8) from port B of cell tv80_mcode_gate.$procmux$4700_CMP12 ($eq).
Removed top 4 bits (of 8) from port B of cell tv80_mcode_gate.$procmux$4700_CMP15 ($eq).
Removed top 4 bits (of 8) from port B of cell tv80_mcode_gate.$procmux$4700_CMP17 ($eq).
Removed top 4 bits (of 8) from port B of cell tv80_mcode_gate.$procmux$4700_CMP18 ($eq).
Removed top 4 bits (of 8) from port B of cell tv80_mcode_gate.$procmux$4700_CMP19 ($eq).
Removed top 3 bits (of 8) from port B of cell tv80_mcode_gate.$procmux$4700_CMP22 ($eq).
Removed top 3 bits (of 8) from port B of cell tv80_mcode_gate.$procmux$4700_CMP24 ($eq).
Removed top 3 bits (of 8) from port B of cell tv80_mcode_gate.$procmux$4700_CMP25 ($eq).
Removed top 3 bits (of 8) from port B of cell tv80_mcode_gate.$procmux$4700_CMP26 ($eq).
Removed top 2 bits (of 8) from port B of cell tv80_mcode_gate.$procmux$4700_CMP28 ($eq).
Removed top 2 bits (of 8) from port B of cell tv80_mcode_gate.$procmux$4700_CMP31 ($eq).
Removed top 2 bits (of 8) from port B of cell tv80_mcode_gate.$procmux$4700_CMP32 ($eq).
Removed top 2 bits (of 8) from port B of cell tv80_mcode_gate.$procmux$4700_CMP33 ($eq).
Removed top 2 bits (of 8) from port B of cell tv80_mcode_gate.$procmux$4700_CMP35 ($eq).
Removed top 2 bits (of 8) from port B of cell tv80_mcode_gate.$procmux$4700_CMP36 ($eq).
Removed top 2 bits (of 8) from port B of cell tv80_mcode_gate.$procmux$4700_CMP38 ($eq).
Removed top 2 bits (of 8) from port B of cell tv80_mcode_gate.$procmux$4700_CMP39 ($eq).
Removed top 2 bits (of 8) from port B of cell tv80_mcode_gate.$procmux$4700_CMP40 ($eq).
Removed top 2 bits (of 8) from port B of cell tv80_mcode_gate.$procmux$4700_CMP42 ($eq).
Removed top 2 bits (of 8) from port B of cell tv80_mcode_gate.$procmux$4700_CMP45 ($eq).
Removed top 2 bits (of 8) from port B of cell tv80_mcode_gate.$procmux$4700_CMP46 ($eq).
Removed top 2 bits (of 8) from port B of cell tv80_mcode_gate.$procmux$4700_CMP47 ($eq).
Removed top 2 bits (of 8) from port B of cell tv80_mcode_gate.$procmux$4700_CMP49 ($eq).
Removed top 2 bits (of 8) from port B of cell tv80_mcode_gate.$procmux$4700_CMP50 ($eq).
Removed top 2 bits (of 8) from port B of cell tv80_mcode_gate.$procmux$4700_CMP52 ($eq).
Removed top 2 bits (of 8) from port B of cell tv80_mcode_gate.$procmux$4700_CMP53 ($eq).
Removed top 2 bits (of 8) from port B of cell tv80_mcode_gate.$procmux$4700_CMP54 ($eq).
Removed top 1 bits (of 3) from mux cell tv80_mcode_gate.$procmux$4891 ($mux).
Removed top 1 bits (of 3) from mux cell tv80_mcode_gate.$procmux$5346 ($mux).
Removed top 1 bits (of 3) from mux cell tv80_mcode_gate.$procmux$5437 ($mux).
Removed top 1 bits (of 3) from mux cell tv80_mcode_gate.$procmux$6812 ($mux).
Removed top 1 bits (of 3) from mux cell tv80_mcode_gate.$procmux$7618 ($mux).
Removed top 1 bits (of 4) from mux cell tv80_mcode_gate.$procmux$8486 ($mux).
Removed top 1 bits (of 3) from mux cell tv80_mcode_gate.$procmux$8671 ($mux).
Removed top 1 bits (of 3) from port B of cell tv80_mcode_gate.$procmux$8704_CMP0 ($eq).
Removed top 1 bits (of 3) from port B of cell tv80_mcode_gate.$procmux$8705_CMP0 ($eq).
Removed top 2 bits (of 3) from port B of cell tv80_mcode_gate.$procmux$8706_CMP0 ($eq).
Removed top 1 bits (of 4) from mux cell tv80_mcode_gate.$procmux$10418 ($mux).
Removed top 1 bits (of 4) from mux cell tv80_mcode_gate.$procmux$10420 ($mux).
Removed top 1 bits (of 4) from mux cell tv80_mcode_gate.$procmux$10463 ($mux).
Removed top 1 bits (of 3) from mux cell tv80_mcode_gate.$procmux$10933 ($mux).
Removed top 1 bits (of 3) from mux cell tv80_mcode_gate.$procmux$11352 ($mux).
Removed top 1 bits (of 4) from mux cell tv80_mcode_gate.$procmux$11769 ($mux).
Removed top 1 bits (of 4) from mux cell tv80_mcode_gate.$procmux$11771 ($mux).
Removed top 1 bits (of 4) from mux cell tv80_mcode_gate.$procmux$12115 ($mux).
Removed top 1 bits (of 3) from mux cell tv80_mcode_gate.$procmux$12259 ($mux).
Removed top 1 bits (of 4) from mux cell tv80_mcode_gate.$procmux$12868 ($mux).
Removed top 1 bits (of 3) from mux cell tv80_mcode_gate.$procmux$13663 ($mux).
Removed top 1 bits (of 2) from port B of cell tv80_mcode_gate.$procmux$14355_CMP1 ($eq).
Removed top 1 bits (of 4) from mux cell tv80_mcode_gate.$procmux$14884 ($mux).
Removed top 1 bits (of 4) from mux cell tv80_mcode_gate.$procmux$14980 ($mux).
Removed top 1 bits (of 4) from mux cell tv80_mcode_gate.$procmux$15820 ($mux).
Removed top 1 bits (of 4) from mux cell tv80_mcode_gate.$procmux$15822 ($mux).
Removed top 1 bits (of 4) from mux cell tv80_mcode_gate.$procmux$15824 ($mux).
Removed top 2 bits (of 3) from mux cell tv80_mcode_gate.$procmux$16432 ($mux).
Removed top 1 bits (of 4) from mux cell tv80_mcode_gate.$procmux$17694 ($mux).
Removed top 1 bits (of 4) from mux cell tv80_mcode_gate.$procmux$18340 ($mux).
Removed top 2 bits (of 3) from mux cell tv80_mcode_gate.$procmux$18446 ($mux).
Removed top 1 bits (of 4) from mux cell tv80_mcode_gate.$procmux$19650 ($mux).
Removed top 2 bits (of 3) from mux cell tv80_mcode_gate.$procmux$19762 ($mux).
Removed top 1 bits (of 3) from mux cell tv80_mcode_gate.$procmux$20446 ($mux).
Removed top 1 bits (of 3) from mux cell tv80_mcode_gate.$procmux$21067 ($mux).
Removed top 1 bits (of 4) from mux cell tv80_mcode_gate.$procmux$21247 ($mux).
Removed top 1 bits (of 3) from mux cell tv80_mcode_gate.$procmux$21421 ($mux).
Removed top 1 bits (of 4) from mux cell tv80_mcode_gate.$procmux$21649 ($mux).
Removed top 1 bits (of 3) from mux cell tv80_mcode_gate.$procmux$22078 ($mux).
Removed top 1 bits (of 3) from mux cell tv80_mcode_gate.$procmux$22080 ($mux).
Removed top 1 bits (of 3) from mux cell tv80_mcode_gate.$procmux$22082 ($mux).
Removed top 3 bits (of 8) from port B of cell tv80_mcode_gate.$procmux$22641_CMP0 ($eq).
Removed top 2 bits (of 6) from port B of cell tv80_mcode_gate.$procmux$22643_CMP0 ($eq).
Removed top 3 bits (of 8) from port B of cell tv80_mcode_gate.$procmux$22644_CMP0 ($eq).
Removed top 5 bits (of 8) from port B of cell tv80_mcode_gate.$procmux$22647_CMP0 ($eq).
Removed top 3 bits (of 8) from port B of cell tv80_mcode_gate.$procmux$22647_CMP1 ($eq).
Removed top 4 bits (of 8) from port B of cell tv80_mcode_gate.$procmux$22647_CMP2 ($eq).
Removed top 3 bits (of 8) from port B of cell tv80_mcode_gate.$procmux$22647_CMP3 ($eq).
Removed top 2 bits (of 6) from port B of cell tv80_mcode_gate.$procmux$22648_CMP0 ($eq).
Removed top 4 bits (of 6) from port B of cell tv80_mcode_gate.$procmux$22649_CMP0 ($eq).
Removed top 2 bits (of 6) from port B of cell tv80_mcode_gate.$procmux$22650_CMP0 ($eq).
Removed top 2 bits (of 8) from port B of cell tv80_mcode_gate.$procmux$22654_CMP0 ($eq).
Removed top 2 bits (of 8) from port B of cell tv80_mcode_gate.$procmux$22655_CMP0 ($eq).
Removed top 2 bits (of 8) from port B of cell tv80_mcode_gate.$procmux$22656_CMP0 ($eq).
Removed top 2 bits (of 8) from port B of cell tv80_mcode_gate.$procmux$22657_CMP0 ($eq).
Removed top 2 bits (of 5) from port B of cell tv80_mcode_gate.$procmux$22658_CMP0 ($eq).
Removed top 2 bits (of 5) from port B of cell tv80_mcode_gate.$procmux$22659_CMP0 ($eq).
Removed top 4 bits (of 8) from port B of cell tv80_mcode_gate.$procmux$22664_CMP0 ($eq).
Removed top 2 bits (of 8) from port B of cell tv80_mcode_gate.$procmux$22669_CMP0 ($eq).
Removed top 2 bits (of 8) from port B of cell tv80_mcode_gate.$procmux$22670_CMP0 ($eq).
Removed top 7 bits (of 8) from port B of cell tv80_mcode_gate.$procmux$22671_CMP0 ($eq).
Removed top 3 bits (of 8) from port B of cell tv80_mcode_gate.$procmux$22671_CMP1 ($eq).
Removed top 2 bits (of 8) from port B of cell tv80_mcode_gate.$procmux$22671_CMP2 ($eq).
Removed top 2 bits (of 8) from port B of cell tv80_mcode_gate.$procmux$22671_CMP3 ($eq).
Removed top 2 bits (of 8) from port B of cell tv80_mcode_gate.$procmux$22672_CMP0 ($eq).
Removed top 3 bits (of 8) from port B of cell tv80_mcode_gate.$procmux$22673_CMP0 ($eq).
Removed top 6 bits (of 8) from port B of cell tv80_mcode_gate.$procmux$22674_CMP0 ($eq).
Removed top 2 bits (of 8) from port B of cell tv80_mcode_gate.$procmux$22675_CMP0 ($eq).
Removed top 3 bits (of 8) from port B of cell tv80_mcode_gate.$procmux$22676_CMP0 ($eq).
Removed top 4 bits (of 8) from port B of cell tv80_mcode_gate.$procmux$22677_CMP0 ($eq).
Removed top 2 bits (of 5) from port B of cell tv80_mcode_gate.$procmux$22678_CMP0 ($eq).
Removed top 1 bits (of 2) from port B of cell tv80_mcode_gate.$procmux$22679_CMP0 ($eq).
Removed top 1 bits (of 2) from port B of cell tv80_mcode_gate.$procmux$24106_CMP0 ($eq).
Removed top 1 bits (of 2) from port B of cell tv80_mcode_gate.$procmux$24260_CMP0 ($eq).
Removed top 1 bits (of 3) from wire tv80_mcode_gate.$procmux$22076_Y.
Removed top 1 bits (of 3) from wire tv80_mcode_gate.$procmux$10498_Y.
Removed top 1 bits (of 4) from wire tv80_mcode_gate.$procmux$2499_Y.
Removed top 1 bits (of 4) from wire tv80_mcode_gate.$procmux$12513_Y.
Removed top 1 bits (of 4) from wire tv80_mcode_gate.$10\ALU_Op[3:0].
Removed top 1 bits (of 4) from wire tv80_mcode_gate.$27\ALU_Op[3:0].
Removed top 2 bits (of 3) from wire tv80_mcode_gate.$ternary$/home/toshn/slacksmith_work/depth_tv80/run1/gates/O1/gate.v:3432$572_Y.
Removed top 2 bits (of 3) from wire tv80_mcode_gate.$ternary$/home/toshn/slacksmith_work/depth_tv80/run1/gates/O1/gate.v:3431$570_Y.
Removed top 2 bits (of 3) from wire tv80_mcode_gate.$ternary$/home/toshn/slacksmith_work/depth_tv80/run1/gates/O1/gate.v:3430$569_Y.
Removed top 2 bits (of 3) from wire tv80_mcode_gate.$ternary$/home/toshn/slacksmith_work/depth_tv80/run1/gates/O1/gate.v:3429$567_Y.
Removed top 1 bits (of 4) from wire tv80_mcode_gate.$procmux$11769_Y.
Removed top 2 bits (of 3) from wire tv80_mcode_gate.$procmux$15768_Y.
Removed top 1 bits (of 4) from wire tv80_mcode_gate.$25\ALU_Op[3:0].
Removed top 1 bits (of 4) from wire tv80_mcode_gate.$procmux$13881_Y.
Removed top 1 bits (of 4) from wire tv80_mcode_gate.$24\ALU_Op[3:0].
Removed top 1 bits (of 4) from wire tv80_mcode_gate.$7\ALU_Op[3:0].
Removed top 1 bits (of 3) from wire tv80_mcode_gate.$34\Set_Addr_To[2:0].
Removed top 1 bits (of 3) from wire tv80_mcode_gate.$32\Set_Addr_To[2:0].
Removed top 1 bits (of 4) from wire tv80_mcode_gate.$6\ALU_Op[3:0].
Removed top 1 bits (of 4) from wire tv80_mcode_gate.$5\ALU_Op[3:0].
Removed top 1 bits (of 3) from wire tv80_mcode_gate.$13\MCycles[2:0].
Removed top 1 bits (of 4) from wire tv80_mcode_gate.$3\ALU_Op[3:0].
Removed top 1 bits (of 3) from wire tv80_mcode_gate.$12\MCycles[2:0].
Removed top 1 bits (of 3) from wire tv80_mcode_gate.$24\Set_Addr_To[2:0].
Removed top 1 bits (of 4) from wire tv80_mcode_gate.$16\Set_BusA_To[3:0].
Removed top 1 bits (of 3) from wire tv80_mcode_gate.$22\Set_Addr_To[2:0].
Removed top 1 bits (of 4) from wire tv80_mcode_gate.$50\Set_BusB_To[3:0].
Removed top 1 bits (of 4) from wire tv80_mcode_gate.$13\Set_BusB_To[3:0].
Removed top 1 bits (of 3) from wire tv80_mcode_gate.$55\Set_Addr_To[2:0].
Removed top 1 bits (of 4) from wire tv80_mcode_gate.$procmux$15822_Y.
Removed top 1 bits (of 4) from wire tv80_mcode_gate.$procmux$1356_Y.
Removed top 1 bits (of 3) from wire tv80_mcode_gate.$31\MCycles[2:0].
Removed top 1 bits (of 3) from wire tv80_mcode_gate.$53\Set_Addr_To[2:0].
Removed top 1 bits (of 4) from wire tv80_mcode_gate.$procmux$1968_Y.
Removed top 1 bits (of 4) from wire tv80_mcode_gate.$11\Set_BusB_To[3:0].
Removed top 1 bits (of 4) from wire tv80_mcode_gate.$10\Set_BusB_To[3:0].
Removed top 1 bits (of 4) from wire tv80_mcode_gate.$procmux$2553_Y.
Removed top 2 bits (of 3) from wire tv80_mcode_gate.$12\Set_Addr_To[2:0].
Removed top 1 bits (of 4) from wire tv80_mcode_gate.$procmux$10418_Y.
Removed top 2 bits (of 3) from wire tv80_mcode_gate.$6\MCycles[2:0].
Removed top 1 bits (of 4) from wire tv80_mcode_gate.$7\Set_BusB_To[3:0].
Removed top 1 bits (of 4) from wire tv80_mcode_gate.$6\Set_BusB_To[3:0].
Removed top 1 bits (of 3) from wire tv80_mcode_gate.$5\MCycles[2:0].
Removed top 1 bits (of 4) from wire tv80_mcode_gate.$5\Set_BusB_To[3:0].
Removed top 1 bits (of 3) from wire tv80_mcode_gate.$4\MCycles[2:0].
Removed top 1 bits (of 4) from wire tv80_mcode_gate.$4\Set_BusB_To[3:0].
Removed top 1 bits (of 3) from wire tv80_mcode_gate.$3\MCycles[2:0].
Removed top 1 bits (of 4) from wire tv80_mcode_gate.$3\Set_BusB_To[3:0].
Removed top 1 bits (of 4) from wire tv80_mcode_gate.$procmux$14884_Y.
Removed top 1 bits (of 3) from wire tv80_mcode_gate.$28\MCycles[2:0].
Removed top 1 bits (of 3) from wire tv80_mcode_gate.$procmux$22080_Y.
Removed top 1 bits (of 3) from wire tv80_mcode_gate.$procmux$22078_Y.
Removed top 1 bits (of 3) from wire tv80_mcode_gate.$45\Set_Addr_To[2:0].

3.10. Executing PEEPOPT pass (run peephole optimizers).

3.11. Executing OPT_CLEAN pass (remove unused cells and wires).
Finding unused cells or wires in module \tv80_mcode_gate..
Removed 0 unused cells and 53 unused wires.
<suppressed ~1 debug messages>

3.12. Executing ALUMACC pass (create $alu and $macc cells).
Extracting $alu and $macc cells in module tv80_mcode_gate:
  created 0 $alu and 0 $macc cells.

3.13. Executing SHARE pass (SAT-based resource sharing).

3.14. Executing OPT pass (performing simple optimizations).

3.14.1. Executing OPT_EXPR pass (perform const folding).
Optimizing module tv80_mcode_gate.

3.14.2. Executing OPT_MERGE pass (detect identical cells).
Finding identical cells in module `\tv80_mcode_gate'.
Computing hashes of 850 cells of `\tv80_mcode_gate'.
Finding duplicate cells in `\tv80_mcode_gate'.
Removed a total of 0 cells.

3.14.3. Executing OPT_MUXTREE pass (detect dead branches in mux trees).
Running muxtree optimizer on module \tv80_mcode_gate..
  Creating internal representation of mux trees.
  Evaluating internal representation of mux trees.
  Analyzing evaluation results.
Removed 0 multiplexer ports.
<suppressed ~1438 debug messages>

3.14.4. Executing OPT_REDUCE pass (consolidate $*mux and $reduce_* inputs).
  Optimizing cells in module \tv80_mcode_gate.
    New ctrl vector for $pmux cell $procmux$4832: { $auto$opt_reduce.cc:137:opt_pmux$24797 $procmux$21720_CTRL $procmux$21723_CMP $procmux$21724_CMP $procmux$21725_CMP $procmux$10085_CMP $procmux$10508_CMP $auto$opt_reduce.cc:137:opt_pmux$24596 $procmux$13795_CMP $procmux$15078_CMP }
    New input vector for $reduce_or cell $auto$opt_reduce.cc:131:opt_pmux$24796: { $procmux$21752_CMP $procmux$21741_CMP $procmux$21740_CMP $procmux$21739_CMP $procmux$21738_CMP $procmux$21736_CMP $procmux$21735_CMP $procmux$21733_CMP $procmux$21732_CMP $procmux$21731_CMP $procmux$21727_CMP $procmux$21726_CMP $procmux$21722_CMP $procmux$21721_CMP $procmux$21716_CMP $procmux$21715_CMP $procmux$19940_CMP $procmux$19132_CMP $procmux$19019_CMP $procmux$18911_CMP $procmux$18396_CMP $procmux$18239_CMP $procmux$18082_CMP $procmux$17537_CMP $procmux$17014_CMP $procmux$16334_CMP $procmux$15619_CMP $procmux$15027_CMP $procmux$14597_CMP $procmux$14469_CMP $procmux$14430_CMP $procmux$14399_CMP $procmux$13256_CMP $procmux$13099_CMP $procmux$10466_CMP $procmux$10052_CMP $procmux$10029_CMP $procmux$10015_CMP $eq$/home/toshn/slacksmith_work/depth_tv80/run1/gates/O1/gate.v:4725$622_Y }
  Optimizing cells in module \tv80_mcode_gate.
Performed a total of 2 changes.

3.14.5. Executing OPT_MERGE pass (detect identical cells).
Finding identical cells in module `\tv80_mcode_gate'.
Computing hashes of 851 cells of `\tv80_mcode_gate'.
Finding duplicate cells in `\tv80_mcode_gate'.
Computing hashes of 848 cells of `\tv80_mcode_gate'.
Finding duplicate cells in `\tv80_mcode_gate'.
Computing hashes of 847 cells of `\tv80_mcode_gate'.
Finding duplicate cells in `\tv80_mcode_gate'.
<suppressed ~12 debug messages>
Removed a total of 4 cells.

3.14.6. Executing OPT_DFF pass (perform DFF optimizations).

3.14.7. Executing OPT_CLEAN pass (remove unused cells and wires).
Finding unused cells or wires in module \tv80_mcode_gate..
Removed 1 unused cells and 5 unused wires.
<suppressed ~2 debug messages>

3.14.8. Executing OPT_EXPR pass (perform const folding).
Optimizing module tv80_mcode_gate.

3.14.9. Rerunning OPT passes. (Maybe there is more to do..)

3.14.10. Executing OPT_MUXTREE pass (detect dead branches in mux trees).
Running muxtree optimizer on module \tv80_mcode_gate..
  Creating internal representation of mux trees.
  Evaluating internal representation of mux trees.
  Analyzing evaluation results.
Removed 0 multiplexer ports.
<suppressed ~1443 debug messages>

3.14.11. Executing OPT_REDUCE pass (consolidate $*mux and $reduce_* inputs).
  Optimizing cells in module \tv80_mcode_gate.
Performed a total of 0 changes.

3.14.12. Executing OPT_MERGE pass (detect identical cells).
Finding identical cells in module `\tv80_mcode_gate'.
Computing hashes of 846 cells of `\tv80_mcode_gate'.
Finding duplicate cells in `\tv80_mcode_gate'.
Removed a total of 0 cells.

3.14.13. Executing OPT_DFF pass (perform DFF optimizations).

3.14.14. Executing OPT_CLEAN pass (remove unused cells and wires).
Finding unused cells or wires in module \tv80_mcode_gate..

3.14.15. Executing OPT_EXPR pass (perform const folding).
Optimizing module tv80_mcode_gate.

3.14.16. Finished fast OPT passes. (There is nothing left to do.)

3.15. Executing MEMORY pass.

3.15.1. Executing OPT_MEM pass (optimize memories).
Performed a total of 0 transformations.

3.15.2. Executing OPT_MEM_PRIORITY pass (removing unnecessary memory write priority relations).
Performed a total of 0 transformations.

3.15.3. Executing OPT_MEM_FEEDBACK pass (finding memory read-to-write feedback paths).

3.15.4. Executing MEMORY_BMUX2ROM pass (converting muxes to ROMs).

3.15.5. Executing MEMORY_DFF pass (merging $dff cells to $memrd).

3.15.6. Executing OPT_CLEAN pass (remove unused cells and wires).
Finding unused cells or wires in module \tv80_mcode_gate..

3.15.7. Executing MEMORY_SHARE pass (consolidating $memrd/$memwr cells).

3.15.8. Executing OPT_MEM_WIDEN pass (optimize memories where all ports are wide).
Performed a total of 0 transformations.

3.15.9. Executing OPT_CLEAN pass (remove unused cells and wires).
Finding unused cells or wires in module \tv80_mcode_gate..

3.15.10. Executing MEMORY_COLLECT pass (generating $mem cells).

3.16. Executing OPT_CLEAN pass (remove unused cells and wires).
Finding unused cells or wires in module \tv80_mcode_gate..

3.17. Executing OPT pass (performing simple optimizations).

3.17.1. Executing OPT_EXPR pass (perform const folding).
Optimizing module tv80_mcode_gate.
<suppressed ~131 debug messages>

3.17.2. Executing OPT_MERGE pass (detect identical cells).
Finding identical cells in module `\tv80_mcode_gate'.
Computing hashes of 812 cells of `\tv80_mcode_gate'.
Finding duplicate cells in `\tv80_mcode_gate'.
Computing hashes of 808 cells of `\tv80_mcode_gate'.
Finding duplicate cells in `\tv80_mcode_gate'.
<suppressed ~12 debug messages>
Removed a total of 4 cells.

3.17.3. Executing OPT_DFF pass (perform DFF optimizations).

3.17.4. Executing OPT_CLEAN pass (remove unused cells and wires).
Finding unused cells or wires in module \tv80_mcode_gate..
Removed 30 unused cells and 68 unused wires.
<suppressed ~31 debug messages>

3.17.5. Finished fast OPT passes.

3.18. Executing MEMORY_MAP pass (converting memories to logic and flip-flops).

3.19. Executing OPT pass (performing simple optimizations).

3.19.1. Executing OPT_EXPR pass (perform const folding).
Optimizing module tv80_mcode_gate.

3.19.2. Executing OPT_MERGE pass (detect identical cells).
Finding identical cells in module `\tv80_mcode_gate'.
Computing hashes of 778 cells of `\tv80_mcode_gate'.
Finding duplicate cells in `\tv80_mcode_gate'.
Removed a total of 0 cells.

3.19.3. Executing OPT_MUXTREE pass (detect dead branches in mux trees).
Running muxtree optimizer on module \tv80_mcode_gate..
  Creating internal representation of mux trees.
  Evaluating internal representation of mux trees.
  Analyzing evaluation results.
Removed 0 multiplexer ports.
<suppressed ~1006 debug messages>

3.19.4. Executing OPT_REDUCE pass (consolidate $*mux and $reduce_* inputs).
  Optimizing cells in module \tv80_mcode_gate.
    Consolidated identical input bits for $mux cell $procmux$7193:
      Old ports: A={ 1'1 $auto$wreduce.cc:514:run$24743 [1:0] }, B={ 1'1 $45\Set_Addr_To[2:0] }, Y=$procmux$7193_Y
      New ports: A=$auto$wreduce.cc:514:run$24743 [1:0], B=$45\Set_Addr_To[2:0], Y=$procmux$7193_Y [1:0]
      New connections: $procmux$7193_Y [2] = 1'1
    Consolidated identical input bits for $mux cell $procmux$2555:
      Old ports: A={ 1'0 $auto$wreduce.cc:514:run$24779 [2:0] }, B=4'0000, Y=$58\Set_BusB_To[3:0]
      New ports: A=$auto$wreduce.cc:514:run$24779 [2:0], B=3'000, Y=$58\Set_BusB_To[3:0] [2:0]
      New connections: $58\Set_BusB_To[3:0] [3] = 1'0
    Consolidated identical input bits for $mux cell $procmux$12259:
      Old ports: A=2'01, B=2'11, Y=$13\MCycles[2:0]
      New ports: A=1'0, B=1'1, Y=$13\MCycles[2:0] [1]
      New connections: $13\MCycles[2:0] [0] = 1'1
    Consolidated identical input bits for $mux cell $procmux$7689:
      Old ports: A=4'0000, B=4'1101, Y=$44\Set_BusB_To[3:0]
      New ports: A=1'0, B=1'1, Y=$44\Set_BusB_To[3:0] [0]
      New connections: $44\Set_BusB_To[3:0] [3:1] = { $44\Set_BusB_To[3:0] [0] $44\Set_BusB_To[3:0] [0] 1'0 }
    Consolidated identical input bits for $mux cell $procmux$13251:
      Old ports: A=3'111, B=3'010, Y=$27\Set_Addr_To[2:0]
      New ports: A=1'1, B=1'0, Y=$27\Set_Addr_To[2:0] [0]
      New connections: $27\Set_Addr_To[2:0] [2:1] = { $27\Set_Addr_To[2:0] [0] 1'1 }
    Consolidated identical input bits for $mux cell $procmux$11853:
      Old ports: A=4'0000, B=4'1010, Y=$procmux$11853_Y
      New ports: A=1'0, B=1'1, Y=$procmux$11853_Y [1]
      New connections: { $procmux$11853_Y [3:2] $procmux$11853_Y [0] } = { $procmux$11853_Y [1] 2'00 }
    Consolidated identical input bits for $mux cell $procmux$18079:
      Old ports: A=3'111, B=3'001, Y=$11\Set_Addr_To[2:0]
      New ports: A=1'1, B=1'0, Y=$11\Set_Addr_To[2:0] [1]
      New connections: { $11\Set_Addr_To[2:0] [2] $11\Set_Addr_To[2:0] [0] } = { $11\Set_Addr_To[2:0] [1] 1'1 }
    Consolidated identical input bits for $mux cell $procmux$11069:
      Old ports: A=3'001, B=3'101, Y=$16\MCycles[2:0]
      New ports: A=1'0, B=1'1, Y=$16\MCycles[2:0] [2]
      New connections: $16\MCycles[2:0] [1:0] = 2'01
    Consolidated identical input bits for $mux cell $procmux$7664:
      Old ports: A=4'0000, B=4'1111, Y=$procmux$7241_Y
      New ports: A=1'0, B=1'1, Y=$procmux$7241_Y [0]
      New connections: $procmux$7241_Y [3:1] = { $procmux$7241_Y [0] $procmux$7241_Y [0] $procmux$7241_Y [0] }
    Consolidated identical input bits for $mux cell $procmux$14021:
      Old ports: A=4'0000, B=4'1111, Y=$procmux$14021_Y
      New ports: A=1'0, B=1'1, Y=$procmux$14021_Y [0]
      New connections: $procmux$14021_Y [3:1] = { $procmux$14021_Y [0] $procmux$14021_Y [0] $procmux$14021_Y [0] }
    Consolidated identical input bits for $mux cell $procmux$11179:
      Old ports: A=4'0000, B=4'1111, Y=$procmux$10540_Y
      New ports: A=1'0, B=1'1, Y=$procmux$10540_Y [0]
      New connections: $procmux$10540_Y [3:1] = { $procmux$10540_Y [0] $procmux$10540_Y [0] $procmux$10540_Y [0] }
    Consolidated identical input bits for $mux cell $procmux$8671:
      Old ports: A=2'11, B=2'01, Y=$45\Set_Addr_To[2:0]
      New ports: A=1'1, B=1'0, Y=$45\Set_Addr_To[2:0] [1]
      New connections: $45\Set_Addr_To[2:0] [0] = 1'1
    Consolidated identical input bits for $mux cell $procmux$17327:
      Old ports: A=4'0000, B={ $10\Set_BusA_To[3:0] [3:1] $10\Set_BusA_To[3:0] [3] }, Y=$procmux$17327_Y
      New ports: A=3'000, B={ $10\Set_BusA_To[3:0] [2:1] $10\Set_BusA_To[3:0] [3] }, Y=$procmux$17327_Y [2:0]
      New connections: $procmux$17327_Y [3] = $procmux$17327_Y [0]
    Consolidated identical input bits for $mux cell $procmux$18288:
      Old ports: A=3'111, B=3'000, Y=$10\Set_Addr_To[2:0]
      New ports: A=1'1, B=1'0, Y=$10\Set_Addr_To[2:0] [0]
      New connections: $10\Set_Addr_To[2:0] [2:1] = { $10\Set_Addr_To[2:0] [0] $10\Set_Addr_To[2:0] [0] }
    Consolidated identical input bits for $mux cell $procmux$5581:
      Old ports: A={ 1'0 $auto$wreduce.cc:514:run$24773 [2:0] }, B=4'0111, Y=$procmux$1358_Y
      New ports: A=$auto$wreduce.cc:514:run$24773 [2:0], B=3'111, Y=$procmux$1358_Y [2:0]
      New connections: $procmux$1358_Y [3] = 1'0
    Consolidated identical input bits for $mux cell $procmux$1911:
      Old ports: A=3'000, B=3'100, Y=$procmux$10328_Y
      New ports: A=1'0, B=1'1, Y=$procmux$10328_Y [2]
      New connections: $procmux$10328_Y [1:0] = 2'00
    Consolidated identical input bits for $mux cell $procmux$7641:
      Old ports: A=4'0000, B=4'1100, Y=$procmux$7216_Y
      New ports: A=1'0, B=1'1, Y=$procmux$7216_Y [2]
      New connections: { $procmux$7216_Y [3] $procmux$7216_Y [1:0] } = { $procmux$7216_Y [2] 2'00 }
    Consolidated identical input bits for $mux cell $procmux$2920:
      Old ports: A=4'0110, B=4'1110, Y=$21\IncDec_16[3:0]
      New ports: A=1'0, B=1'1, Y=$21\IncDec_16[3:0] [3]
      New connections: $21\IncDec_16[3:0] [2:0] = 3'110
    Consolidated identical input bits for $mux cell $procmux$7483:
      Old ports: A=4'0000, B=4'1100, Y=$procmux$11105_Y
      New ports: A=1'0, B=1'1, Y=$procmux$11105_Y [2]
      New connections: { $procmux$11105_Y [3] $procmux$11105_Y [1:0] } = { $procmux$11105_Y [2] 2'00 }
    Consolidated identical input bits for $mux cell $procmux$13930:
      Old ports: A={ 1'0 $auto$wreduce.cc:514:run$24756 [2:0] }, B=4'0000, Y=$procmux$13883_Y
      New ports: A=$auto$wreduce.cc:514:run$24756 [2:0], B=3'000, Y=$procmux$13883_Y [2:0]
      New connections: $procmux$13883_Y [3] = 1'0
    Consolidated identical input bits for $mux cell $procmux$1892:
      Old ports: A=4'0000, B={ $32\Set_BusB_To[3:0] [3:1] $32\Set_BusB_To[3:0] [3] }, Y=$procmux$10298_Y
      New ports: A=3'000, B={ $32\Set_BusB_To[3:0] [2:1] $32\Set_BusB_To[3:0] [3] }, Y=$procmux$10298_Y [2:0]
      New connections: $procmux$10298_Y [3] = $procmux$10298_Y [0]
    Consolidated identical input bits for $mux cell $procmux$7622:
      Old ports: A={ 1'1 $auto$wreduce.cc:514:run$24794 [1:0] }, B=3'111, Y=$42\Set_Addr_To[2:0]
      New ports: A=$auto$wreduce.cc:514:run$24794 [1:0], B=2'11, Y=$42\Set_Addr_To[2:0] [1:0]
      New connections: $42\Set_Addr_To[2:0] [2] = 1'1
    Consolidated identical input bits for $mux cell $procmux$2673:
      Old ports: A=3'111, B=3'001, Y=$procmux$2673_Y
      New ports: A=1'1, B=1'0, Y=$procmux$2673_Y [1]
      New connections: { $procmux$2673_Y [2] $procmux$2673_Y [0] } = { $procmux$2673_Y [1] 1'1 }
    New ctrl vector for $pmux cell $procmux$24170: { $auto$opt_reduce.cc:137:opt_pmux$24538 $procmux$21725_CMP $procmux$10508_CMP $auto$opt_reduce.cc:137:opt_pmux$24799 }
    Consolidated identical input bits for $mux cell $procmux$2581:
      Old ports: A=4'0101, B=4'1101, Y=$22\IncDec_16[3:0]
      New ports: A=1'0, B=1'1, Y=$22\IncDec_16[3:0] [3]
      New connections: $22\IncDec_16[3:0] [2:0] = 3'101
    Consolidated identical input bits for $mux cell $procmux$7618:
      Old ports: A=2'11, B=2'01, Y=$auto$wreduce.cc:514:run$24743 [1:0]
      New ports: A=1'1, B=1'0, Y=$auto$wreduce.cc:514:run$24743 [1]
      New connections: $auto$wreduce.cc:514:run$24743 [0] = 1'1
    Consolidated identical input bits for $mux cell $procmux$3259:
      Old ports: A=4'0000, B={ $10\Set_BusA_To[3:0] [3:1] $10\Set_BusA_To[3:0] [3] }, Y=$procmux$3259_Y
      New ports: A=3'000, B={ $10\Set_BusA_To[3:0] [2:1] $10\Set_BusA_To[3:0] [3] }, Y=$procmux$3259_Y [2:0]
      New connections: $procmux$3259_Y [3] = $procmux$3259_Y [0]
    Consolidated identical input bits for $mux cell $procmux$16484:
      Old ports: A=3'000, B=3'100, Y=$procmux$16484_Y
      New ports: A=1'0, B=1'1, Y=$procmux$16484_Y [2]
      New connections: $procmux$16484_Y [1:0] = 2'00
    Consolidated identical input bits for $mux cell $procmux$5346:
      Old ports: A=2'01, B=2'11, Y=$31\MCycles[2:0]
      New ports: A=1'0, B=1'1, Y=$31\MCycles[2:0] [1]
      New connections: $31\MCycles[2:0] [0] = 1'1
    Consolidated identical input bits for $mux cell $procmux$2243:
      Old ports: A={ 1'0 $auto$wreduce.cc:514:run$24781 [2:0] }, B=4'0001, Y=$26\ALU_Op[3:0]
      New ports: A=$auto$wreduce.cc:514:run$24781 [2:0], B=3'001, Y=$26\ALU_Op[3:0] [2:0]
      New connections: $26\ALU_Op[3:0] [3] = 1'0
    Consolidated identical input bits for $mux cell $procmux$1694:
      Old ports: A=3'000, B=3'110, Y=$procmux$1504_Y
      New ports: A=1'0, B=1'1, Y=$procmux$1504_Y [1]
      New connections: { $procmux$1504_Y [2] $procmux$1504_Y [0] } = { $procmux$1504_Y [1] 1'0 }
    Consolidated identical input bits for $mux cell $procmux$6866:
      Old ports: A=3'011, B=3'101, Y=$27\MCycles[2:0]
      New ports: A=2'01, B=2'10, Y=$27\MCycles[2:0] [2:1]
      New connections: $27\MCycles[2:0] [0] = 1'1
    Consolidated identical input bits for $pmux cell $procmux$4668:
      Old ports: A=3'011, B=6'001010, Y=$34\MCycles[2:0]
      New ports: A=2'11, B=4'0110, Y=$34\MCycles[2:0] [1:0]
      New connections: $34\MCycles[2:0] [2] = 1'0
    Consolidated identical input bits for $mux cell $procmux$3618:
      Old ports: A={ 2'11 $auto$wreduce.cc:514:run$24754 [0] }, B=3'110, Y=$procmux$15770_Y
      New ports: A=$auto$wreduce.cc:514:run$24754 [0], B=1'0, Y=$procmux$15770_Y [0]
      New connections: $procmux$15770_Y [2:1] = 2'11
    Consolidated identical input bits for $mux cell $procmux$5458:
      Old ports: A={ 1'1 $auto$wreduce.cc:514:run$24744 [1:0] }, B={ 1'1 $45\Set_Addr_To[2:0] }, Y=$47\Set_Addr_To[2:0]
      New ports: A=$auto$wreduce.cc:514:run$24744 [1:0], B=$45\Set_Addr_To[2:0], Y=$47\Set_Addr_To[2:0] [1:0]
      New connections: $47\Set_Addr_To[2:0] [2] = 1'1
    Consolidated identical input bits for $mux cell $procmux$1675:
      Old ports: A=3'000, B=3'111, Y=$auto$wreduce.cc:514:run$24773 [2:0]
      New ports: A=1'0, B=1'1, Y=$auto$wreduce.cc:514:run$24773 [0]
      New connections: $auto$wreduce.cc:514:run$24773 [2:1] = { $auto$wreduce.cc:514:run$24773 [0] $auto$wreduce.cc:514:run$24773 [0] }
    Consolidated identical input bits for $mux cell $procmux$1372:
      Old ports: A=4'0010, B=4'1010, Y=$30\IncDec_16[3:0]
      New ports: A=1'0, B=1'1, Y=$30\IncDec_16[3:0] [3]
      New connections: $30\IncDec_16[3:0] [2:0] = 3'010
    Consolidated identical input bits for $mux cell $procmux$18340:
      Old ports: A=3'000, B=3'111, Y=$10\Set_BusB_To[3:0]
      New ports: A=1'0, B=1'1, Y=$10\Set_BusB_To[3:0] [0]
      New connections: $10\Set_BusB_To[3:0] [2:1] = { $10\Set_BusB_To[3:0] [0] $10\Set_BusB_To[3:0] [0] }
    Consolidated identical input bits for $mux cell $procmux$788:
      Old ports: A=3'111, B=3'000, Y=$procmux$788_Y
      New ports: A=1'1, B=1'0, Y=$procmux$788_Y [0]
      New connections: $procmux$788_Y [2:1] = { $procmux$788_Y [0] $procmux$788_Y [0] }
    Consolidated identical input bits for $mux cell $procmux$4400:
      Old ports: A=3'111, B=3'010, Y=$61\Set_Addr_To[2:0]
      New ports: A=1'1, B=1'0, Y=$61\Set_Addr_To[2:0] [0]
      New connections: $61\Set_Addr_To[2:0] [2:1] = { $61\Set_Addr_To[2:0] [0] 1'1 }
    Consolidated identical input bits for $pmux cell $procmux$24103:
      Old ports: A={ 2'01 $auto$wreduce.cc:514:run$24752 [0] }, B={ 2'01 \F [6] 2'01 $auto$wreduce.cc:514:run$24750 [0] 2'01 \F [0] }, Y=$22\MCycles[2:0]
      New ports: A=$auto$wreduce.cc:514:run$24752 [0], B={ \F [6] $auto$wreduce.cc:514:run$24750 [0] \F [0] }, Y=$22\MCycles[2:0] [0]
      New connections: $22\MCycles[2:0] [2:1] = 2'01
    Consolidated identical input bits for $mux cell $procmux$13702:
      Old ports: A=3'111, B=3'010, Y=$9\Set_Addr_To[2:0]
      New ports: A=1'1, B=1'0, Y=$9\Set_Addr_To[2:0] [0]
      New connections: $9\Set_Addr_To[2:0] [2:1] = { $9\Set_Addr_To[2:0] [0] 1'1 }
    Consolidated identical input bits for $mux cell $procmux$1730:
      Old ports: A=2'11, B=2'01, Y=$auto$wreduce.cc:514:run$24744 [1:0]
      New ports: A=1'1, B=1'0, Y=$auto$wreduce.cc:514:run$24744 [1]
      New connections: $auto$wreduce.cc:514:run$24744 [0] = 1'1
    Consolidated identical input bits for $mux cell $procmux$6839:
      Old ports: A=4'0000, B=4'1111, Y=$14\IncDec_16[3:0]
      New ports: A=1'0, B=1'1, Y=$14\IncDec_16[3:0] [0]
      New connections: $14\IncDec_16[3:0] [3:1] = { $14\IncDec_16[3:0] [0] $14\IncDec_16[3:0] [0] $14\IncDec_16[3:0] [0] }
    Consolidated identical input bits for $mux cell $procmux$17641:
      Old ports: A={ 2'11 $12\Set_Addr_To[2:0] }, B=3'111, Y=$16\Set_Addr_To[2:0]
      New ports: A=$12\Set_Addr_To[2:0], B=1'1, Y=$16\Set_Addr_To[2:0] [0]
      New connections: $16\Set_Addr_To[2:0] [2:1] = 2'11
    Consolidated identical input bits for $mux cell $procmux$13744:
      Old ports: A=3'000, B=3'111, Y=$21\Set_BusA_To[2:0]
      New ports: A=1'0, B=1'1, Y=$21\Set_BusA_To[2:0] [0]
      New connections: $21\Set_BusA_To[2:0] [2:1] = { $21\Set_BusA_To[2:0] [0] $21\Set_BusA_To[2:0] [0] }
    Consolidated identical input bits for $mux cell $procmux$3646:
      Old ports: A=4'0000, B={ $10\Set_BusA_To[3:0] [3:1] $10\Set_BusA_To[3:0] [3] }, Y=$procmux$3646_Y
      New ports: A=3'000, B={ $10\Set_BusA_To[3:0] [2:1] $10\Set_BusA_To[3:0] [3] }, Y=$procmux$3646_Y [2:0]
      New connections: $procmux$3646_Y [3] = $procmux$3646_Y [0]
    Consolidated identical input bits for $mux cell $procmux$4891:
      Old ports: A=2'11, B=2'00, Y=$55\Set_Addr_To[2:0]
      New ports: A=1'1, B=1'0, Y=$55\Set_Addr_To[2:0] [0]
      New connections: $55\Set_Addr_To[2:0] [1] = $55\Set_Addr_To[2:0] [0]
    Consolidated identical input bits for $mux cell $procmux$7778:
      Old ports: A=4'0000, B=4'1010, Y=$38\Set_BusB_To[3:0]
      New ports: A=1'0, B=1'1, Y=$38\Set_BusB_To[3:0] [1]
      New connections: { $38\Set_BusB_To[3:0] [3:2] $38\Set_BusB_To[3:0] [0] } = { $38\Set_BusB_To[3:0] [1] 2'00 }
    Consolidated identical input bits for $mux cell $procmux$15820:
      Old ports: A=3'000, B=3'100, Y=$auto$wreduce.cc:514:run$24756 [2:0]
      New ports: A=1'0, B=1'1, Y=$auto$wreduce.cc:514:run$24756 [2]
      New connections: $auto$wreduce.cc:514:run$24756 [1:0] = 2'00
    Consolidated identical input bits for $mux cell $procmux$2875:
      Old ports: A=3'000, B=3'110, Y=$auto$wreduce.cc:514:run$24779 [2:0]
      New ports: A=1'0, B=1'1, Y=$auto$wreduce.cc:514:run$24779 [1]
      New connections: { $auto$wreduce.cc:514:run$24779 [2] $auto$wreduce.cc:514:run$24779 [0] } = { $auto$wreduce.cc:514:run$24779 [1] 1'0 }
    Consolidated identical input bits for $mux cell $procmux$24445:
      Old ports: A=3'011, B=3'100, Y=$1\TStates[2:0]
      New ports: A=2'01, B=2'10, Y={ $1\TStates[2:0] [2] $1\TStates[2:0] [0] }
      New connections: $1\TStates[2:0] [1] = $1\TStates[2:0] [0]
    Consolidated identical input bits for $mux cell $procmux$1748:
      Old ports: A=3'111, B=3'010, Y=$procmux$1541_Y
      New ports: A=1'1, B=1'0, Y=$procmux$1541_Y [0]
      New connections: $procmux$1541_Y [2:1] = { $procmux$1541_Y [0] 1'1 }
    New input vector for $reduce_or cell $auto$opt_reduce.cc:131:opt_pmux$24798: { $procmux$21724_CMP $procmux$21723_CMP $procmux$18396_CMP $procmux$17537_CMP $procmux$17014_CMP $procmux$16334_CMP $procmux$15619_CMP $procmux$14430_CMP $procmux$10015_CMP }
  Optimizing cells in module \tv80_mcode_gate.
    Consolidated identical input bits for $mux cell $procmux$7193:
      Old ports: A=$auto$wreduce.cc:514:run$24743 [1:0], B=$45\Set_Addr_To[2:0], Y=$procmux$7193_Y [1:0]
      New ports: A=$auto$wreduce.cc:514:run$24743 [1], B=$45\Set_Addr_To[2:0] [1], Y=$procmux$7193_Y [1]
      New connections: $procmux$7193_Y [0] = 1'1
    Consolidated identical input bits for $mux cell $procmux$2555:
      Old ports: A=$auto$wreduce.cc:514:run$24779 [2:0], B=3'000, Y=$58\Set_BusB_To[3:0] [2:0]
      New ports: A=$auto$wreduce.cc:514:run$24779 [1], B=1'0, Y=$58\Set_BusB_To[3:0] [1]
      New connections: { $58\Set_BusB_To[3:0] [2] $58\Set_BusB_To[3:0] [0] } = { $58\Set_BusB_To[3:0] [1] 1'0 }
    Consolidated identical input bits for $mux cell $procmux$11445:
      Old ports: A=$16\MCycles[2:0], B=3'011, Y=$15\MCycles[2:0]
      New ports: A={ $16\MCycles[2:0] [2] 1'0 }, B=2'01, Y=$15\MCycles[2:0] [2:1]
      New connections: $15\MCycles[2:0] [0] = 1'1
    Consolidated identical input bits for $mux cell $procmux$11855:
      Old ports: A=$procmux$11853_Y, B=4'0000, Y=$24\Set_BusB_To[3:0]
      New ports: A=$procmux$11853_Y [1], B=1'0, Y=$24\Set_BusB_To[3:0] [1]
      New connections: { $24\Set_BusB_To[3:0] [3:2] $24\Set_BusB_To[3:0] [0] } = { $24\Set_BusB_To[3:0] [1] 2'00 }
    Consolidated identical input bits for $mux cell $procmux$7118:
      Old ports: A=3'101, B=$27\MCycles[2:0], Y=$procmux$7118_Y
      New ports: A=2'10, B=$27\MCycles[2:0] [2:1], Y=$procmux$7118_Y [2:1]
      New connections: $procmux$7118_Y [0] = 1'1
    Consolidated identical input bits for $mux cell $procmux$8284:
      Old ports: A=3'011, B=$22\MCycles[2:0], Y=$20\MCycles[2:0]
      New ports: A=1'1, B=$22\MCycles[2:0] [0], Y=$20\MCycles[2:0] [0]
      New connections: $20\MCycles[2:0] [2:1] = 2'01
    Consolidated identical input bits for $mux cell $procmux$7666:
      Old ports: A=$procmux$7241_Y, B=4'1111, Y=$procmux$7666_Y
      New ports: A=$procmux$7241_Y [0], B=1'1, Y=$procmux$7666_Y [0]
      New connections: $procmux$7666_Y [3:1] = { $procmux$7666_Y [0] $procmux$7666_Y [0] $procmux$7666_Y [0] }
    Consolidated identical input bits for $mux cell $procmux$20317:
      Old ports: A=3'111, B=$27\Set_Addr_To[2:0], Y=$6\Set_Addr_To[2:0]
      New ports: A=1'1, B=$27\Set_Addr_To[2:0] [0], Y=$6\Set_Addr_To[2:0] [0]
      New connections: $6\Set_Addr_To[2:0] [2:1] = { $6\Set_Addr_To[2:0] [0] 1'1 }
    Consolidated identical input bits for $mux cell $procmux$4716:
      Old ports: A=$9\Set_Addr_To[2:0], B=3'010, Y=$60\Set_Addr_To[2:0]
      New ports: A=$9\Set_Addr_To[2:0] [0], B=1'0, Y=$60\Set_Addr_To[2:0] [0]
      New connections: $60\Set_Addr_To[2:0] [2:1] = { $60\Set_Addr_To[2:0] [0] 1'1 }
    Consolidated identical input bits for $mux cell $procmux$5581:
      Old ports: A=$auto$wreduce.cc:514:run$24773 [2:0], B=3'111, Y=$procmux$1358_Y [2:0]
      New ports: A=$auto$wreduce.cc:514:run$24773 [0], B=1'1, Y=$procmux$1358_Y [0]
      New connections: $procmux$1358_Y [2:1] = { $procmux$1358_Y [0] $procmux$1358_Y [0] }
    Consolidated identical input bits for $mux cell $procmux$7485:
      Old ports: A=$procmux$11105_Y, B=4'1101, Y=$28\Set_BusB_To[3:0]
      New ports: A={ $procmux$11105_Y [2] 1'0 }, B=2'11, Y={ $28\Set_BusB_To[3:0] [2] $28\Set_BusB_To[3:0] [0] }
      New connections: { $28\Set_BusB_To[3:0] [3] $28\Set_BusB_To[3:0] [1] } = { $28\Set_BusB_To[3:0] [2] 1'0 }
    Consolidated identical input bits for $mux cell $procmux$7643:
      Old ports: A=$procmux$7216_Y, B=4'1101, Y=$procmux$7643_Y
      New ports: A={ $procmux$7216_Y [2] 1'0 }, B=2'11, Y={ $procmux$7643_Y [2] $procmux$7643_Y [0] }
      New connections: { $procmux$7643_Y [3] $procmux$7643_Y [1] } = { $procmux$7643_Y [2] 1'0 }
    Consolidated identical input bits for $mux cell $procmux$15772:
      Old ports: A=$procmux$15770_Y, B=3'111, Y=$18\Set_Addr_To[2:0]
      New ports: A=$procmux$15770_Y [0], B=1'1, Y=$18\Set_Addr_To[2:0] [0]
      New connections: $18\Set_Addr_To[2:0] [2:1] = 2'11
    Consolidated identical input bits for $mux cell $procmux$13932:
      Old ports: A=$procmux$13883_Y, B=4'0101, Y=$procmux$13885_Y
      New ports: A=$procmux$13883_Y [2:0], B=3'101, Y=$procmux$13885_Y [2:0]
      New connections: $procmux$13885_Y [3] = 1'0
    Consolidated identical input bits for $mux cell $procmux$2849:
      Old ports: A=$21\Set_BusA_To[2:0], B=3'000, Y=$20\Set_BusA_To[2:0]
      New ports: A=$21\Set_BusA_To[2:0] [0], B=1'0, Y=$20\Set_BusA_To[2:0] [0]
      New connections: $20\Set_BusA_To[2:0] [2:1] = { $20\Set_BusA_To[2:0] [0] $20\Set_BusA_To[2:0] [0] }
    Consolidated identical input bits for $mux cell $procmux$13930:
      Old ports: A=$auto$wreduce.cc:514:run$24756 [2:0], B=3'000, Y=$procmux$13883_Y [2:0]
      New ports: A=$auto$wreduce.cc:514:run$24756 [2], B=1'0, Y=$procmux$13883_Y [2]
      New connections: $procmux$13883_Y [1:0] = 2'00
    New ctrl vector for $pmux cell $procmux$1090: { $procmux$1098_CTRL $auto$opt_reduce.cc:137:opt_pmux$24598 $procmux$1093_CTRL $auto$opt_reduce.cc:137:opt_pmux$24602 }
    Consolidated identical input bits for $mux cell $procmux$16486:
      Old ports: A=$procmux$16484_Y, B=3'101, Y=$procmux$16486_Y
      New ports: A={ $procmux$16484_Y [2] 1'0 }, B=2'11, Y={ $procmux$16486_Y [2] $procmux$16486_Y [0] }
      New connections: $procmux$16486_Y [1] = 1'0
    Consolidated identical input bits for $mux cell $procmux$1077:
      Old ports: A=4'0000, B=$21\IncDec_16[3:0], Y=$procmux$1077_Y
      New ports: A=2'00, B={ $21\IncDec_16[3:0] [3] 1'1 }, Y={ $procmux$1077_Y [3] $procmux$1077_Y [1] }
      New connections: { $procmux$1077_Y [2] $procmux$1077_Y [0] } = { $procmux$1077_Y [1] 1'0 }
    Consolidated identical input bits for $mux cell $procmux$1875:
      Old ports: A=$1\TStates[2:0], B=3'100, Y=$15\TStates[2:0]
      New ports: A={ $1\TStates[2:0] [2] $1\TStates[2:0] [0] }, B=2'10, Y={ $15\TStates[2:0] [2] $15\TStates[2:0] [0] }
      New connections: $15\TStates[2:0] [1] = $15\TStates[2:0] [0]
    Consolidated identical input bits for $mux cell $procmux$19594:
      Old ports: A=3'111, B=$9\Set_Addr_To[2:0], Y=$8\Set_Addr_To[2:0]
      New ports: A=1'1, B=$9\Set_Addr_To[2:0] [0], Y=$8\Set_Addr_To[2:0] [0]
      New connections: $8\Set_Addr_To[2:0] [2:1] = { $8\Set_Addr_To[2:0] [0] 1'1 }
    Consolidated identical input bits for $mux cell $procmux$2306:
      Old ports: A=4'0000, B=$21\IncDec_16[3:0], Y=$procmux$2306_Y
      New ports: A=2'00, B={ $21\IncDec_16[3:0] [3] 1'1 }, Y={ $procmux$2306_Y [3] $procmux$2306_Y [1] }
      New connections: { $procmux$2306_Y [2] $procmux$2306_Y [0] } = { $procmux$2306_Y [1] 1'0 }
    Consolidated identical input bits for $mux cell $procmux$984:
      Old ports: A=$9\Set_Addr_To[2:0], B=3'000, Y=$74\Set_Addr_To[2:0]
      New ports: A={ 1'1 $9\Set_Addr_To[2:0] [0] }, B=2'00, Y=$74\Set_Addr_To[2:0] [1:0]
      New connections: $74\Set_Addr_To[2:0] [2] = $74\Set_Addr_To[2:0] [0]
    Consolidated identical input bits for $mux cell $procmux$969:
      Old ports: A={ 1'0 $auto$wreduce.cc:514:run$24779 [2:0] }, B=4'1010, Y=$70\Set_BusB_To[3:0]
      New ports: A={ 1'0 $auto$wreduce.cc:514:run$24779 [1] $auto$wreduce.cc:514:run$24779 [1] }, B=3'101, Y=$70\Set_BusB_To[3:0] [3:1]
      New connections: $70\Set_BusB_To[3:0] [0] = 1'0
    Consolidated identical input bits for $mux cell $procmux$1677:
      Old ports: A=$auto$wreduce.cc:514:run$24773 [2:0], B=3'000, Y=$11\Set_BusB_To[3:0]
      New ports: A=$auto$wreduce.cc:514:run$24773 [0], B=1'0, Y=$11\Set_BusB_To[3:0] [0]
      New connections: $11\Set_BusB_To[3:0] [2:1] = { $11\Set_BusB_To[3:0] [0] $11\Set_BusB_To[3:0] [0] }
    Consolidated identical input bits for $mux cell $procmux$11181:
      Old ports: A=$procmux$10540_Y, B=4'1111, Y=$10\IncDec_16[3:0]
      New ports: A=$procmux$10540_Y [0], B=1'1, Y=$10\IncDec_16[3:0] [0]
      New connections: $10\IncDec_16[3:0] [3:1] = { $10\IncDec_16[3:0] [0] $10\IncDec_16[3:0] [0] $10\IncDec_16[3:0] [0] }
    Consolidated identical input bits for $mux cell $procmux$13468:
      Old ports: A=3'111, B=$27\Set_Addr_To[2:0], Y=$26\Set_Addr_To[2:0]
      New ports: A=1'1, B=$27\Set_Addr_To[2:0] [0], Y=$26\Set_Addr_To[2:0] [0]
      New connections: $26\Set_Addr_To[2:0] [2:1] = { $26\Set_Addr_To[2:0] [0] 1'1 }
    Consolidated identical input bits for $mux cell $procmux$7218:
      Old ports: A=$procmux$7216_Y, B=$44\Set_BusB_To[3:0], Y=$procmux$7218_Y
      New ports: A={ $procmux$7216_Y [2] 1'0 }, B={ $44\Set_BusB_To[3:0] [0] $44\Set_BusB_To[3:0] [0] }, Y={ $procmux$7218_Y [2] $procmux$7218_Y [0] }
      New connections: { $procmux$7218_Y [3] $procmux$7218_Y [1] } = { $procmux$7218_Y [2] 1'0 }
    Consolidated identical input bits for $mux cell $procmux$1543:
      Old ports: A=$procmux$1541_Y, B=3'010, Y=$69\Set_Addr_To[2:0]
      New ports: A=$procmux$1541_Y [0], B=1'0, Y=$69\Set_Addr_To[2:0] [0]
      New connections: $69\Set_Addr_To[2:0] [2:1] = { $69\Set_Addr_To[2:0] [0] 1'1 }
    Consolidated identical input bits for $mux cell $procmux$878:
      Old ports: A=4'0000, B=$30\IncDec_16[3:0], Y=$procmux$878_Y
      New ports: A=2'00, B={ $30\IncDec_16[3:0] [3] 1'1 }, Y={ $procmux$878_Y [3] $procmux$878_Y [1] }
      New connections: { $procmux$878_Y [2] $procmux$878_Y [0] } = 2'00
    Consolidated identical input bits for $mux cell $procmux$11215:
      Old ports: A=$1\TStates[2:0], B=3'100, Y=$procmux$10581_Y
      New ports: A={ $1\TStates[2:0] [2] $1\TStates[2:0] [0] }, B=2'10, Y={ $procmux$10581_Y [2] $procmux$10581_Y [0] }
      New connections: $procmux$10581_Y [1] = $procmux$10581_Y [0]
    Consolidated identical input bits for $mux cell $procmux$5458:
      Old ports: A=$auto$wreduce.cc:514:run$24744 [1:0], B=$45\Set_Addr_To[2:0], Y=$47\Set_Addr_To[2:0] [1:0]
      New ports: A=$auto$wreduce.cc:514:run$24744 [1], B=$45\Set_Addr_To[2:0] [1], Y=$47\Set_Addr_To[2:0] [1]
      New connections: $47\Set_Addr_To[2:0] [0] = 1'1
    Consolidated identical input bits for $mux cell $procmux$7195:
      Old ports: A=$procmux$7193_Y, B=3'111, Y=$43\Set_Addr_To[2:0]
      New ports: A=$procmux$7193_Y [1:0], B=2'11, Y=$43\Set_Addr_To[2:0] [1:0]
      New connections: $43\Set_Addr_To[2:0] [2] = 1'1
    Consolidated identical input bits for $mux cell $procmux$790:
      Old ports: A=$procmux$788_Y, B=3'010, Y=$75\Set_Addr_To[2:0]
      New ports: A={ $procmux$788_Y [0] $procmux$788_Y [0] }, B=2'10, Y=$75\Set_Addr_To[2:0] [1:0]
      New connections: $75\Set_Addr_To[2:0] [2] = $75\Set_Addr_To[2:0] [0]
    Consolidated identical input bits for $mux cell $procmux$1732:
      Old ports: A=$auto$wreduce.cc:514:run$24744 [1:0], B=2'01, Y=$22\Set_Addr_To[2:0]
      New ports: A=$auto$wreduce.cc:514:run$24744 [1], B=1'0, Y=$22\Set_Addr_To[2:0] [1]
      New connections: $22\Set_Addr_To[2:0] [0] = 1'1
    Consolidated identical input bits for $mux cell $procmux$2643:
      Old ports: A=4'0000, B=$22\IncDec_16[3:0], Y=$procmux$2643_Y
      New ports: A=2'00, B={ $22\IncDec_16[3:0] [3] 1'1 }, Y={ $procmux$2643_Y [3] $procmux$2643_Y [0] }
      New connections: $procmux$2643_Y [2:1] = { $procmux$2643_Y [0] 1'0 }
    Consolidated identical input bits for $mux cell $procmux$5437:
      Old ports: A=2'11, B=$31\MCycles[2:0], Y=$28\MCycles[2:0]
      New ports: A=1'1, B=$31\MCycles[2:0] [1], Y=$28\MCycles[2:0] [1]
      New connections: $28\MCycles[2:0] [0] = 1'1
    Consolidated identical input bits for $mux cell $procmux$13704:
      Old ports: A=$9\Set_Addr_To[2:0], B=3'010, Y=$29\Set_Addr_To[2:0]
      New ports: A=$9\Set_Addr_To[2:0] [0], B=1'0, Y=$29\Set_Addr_To[2:0] [0]
      New connections: $29\Set_Addr_To[2:0] [2:1] = { $29\Set_Addr_To[2:0] [0] 1'1 }
    Consolidated identical input bits for $mux cell $procmux$14023:
      Old ports: A=$procmux$14021_Y, B=4'0000, Y=$procmux$14023_Y
      New ports: A=$procmux$14021_Y [0], B=1'0, Y=$procmux$14023_Y [0]
      New connections: $procmux$14023_Y [3:1] = { $procmux$14023_Y [0] $procmux$14023_Y [0] $procmux$14023_Y [0] }
    Consolidated identical input bits for $mux cell $procmux$6785:
      Old ports: A=$1\TStates[2:0], B=3'100, Y=$26\TStates[2:0]
      New ports: A={ $1\TStates[2:0] [2] $1\TStates[2:0] [0] }, B=2'10, Y={ $26\TStates[2:0] [2] $26\TStates[2:0] [0] }
      New connections: $26\TStates[2:0] [1] = $26\TStates[2:0] [0]
    Consolidated identical input bits for $mux cell $procmux$22078:
      Old ports: A=$auto$wreduce.cc:514:run$24743 [1:0], B=2'01, Y=$auto$wreduce.cc:514:run$24794 [1:0]
      New ports: A=$auto$wreduce.cc:514:run$24743 [1], B=1'0, Y=$auto$wreduce.cc:514:run$24794 [1]
      New connections: $auto$wreduce.cc:514:run$24794 [0] = 1'1
    Consolidated identical input bits for $mux cell $procmux$1360:
      Old ports: A=$procmux$1358_Y, B=4'0000, Y=$15\IncDec_16[3:0]
      New ports: A=$procmux$1358_Y [2:0], B=3'000, Y=$15\IncDec_16[3:0] [2:0]
      New connections: $15\IncDec_16[3:0] [3] = 1'0
    Consolidated identical input bits for $mux cell $procmux$15822:
      Old ports: A=$auto$wreduce.cc:514:run$24756 [2:0], B=3'101, Y=$auto$wreduce.cc:514:run$24772 [2:0]
      New ports: A={ $auto$wreduce.cc:514:run$24756 [2] 1'0 }, B=2'11, Y={ $auto$wreduce.cc:514:run$24772 [2] $auto$wreduce.cc:514:run$24772 [0] }
      New connections: $auto$wreduce.cc:514:run$24772 [1] = 1'0
    Consolidated identical input bits for $mux cell $procmux$1696:
      Old ports: A=$procmux$1504_Y, B=3'000, Y=$66\Set_BusB_To[2:0]
      New ports: A=$procmux$1504_Y [1], B=1'0, Y=$66\Set_BusB_To[2:0] [1]
      New connections: { $66\Set_BusB_To[2:0] [2] $66\Set_BusB_To[2:0] [0] } = { $66\Set_BusB_To[2:0] [1] 1'0 }
    Consolidated identical input bits for $mux cell $procmux$7243:
      Old ports: A=$procmux$7241_Y, B=$14\IncDec_16[3:0], Y=$procmux$7243_Y
      New ports: A=$procmux$7241_Y [0], B=$14\IncDec_16[3:0] [0], Y=$procmux$7243_Y [0]
      New connections: $procmux$7243_Y [3:1] = { $procmux$7243_Y [0] $procmux$7243_Y [0] $procmux$7243_Y [0] }
    Consolidated identical input bits for $mux cell $procmux$10330:
      Old ports: A=$procmux$10328_Y, B=3'101, Y=$26\Set_BusA_To[2:0]
      New ports: A={ $procmux$10328_Y [2] 1'0 }, B=2'11, Y={ $26\Set_BusA_To[2:0] [2] $26\Set_BusA_To[2:0] [0] }
      New connections: $26\Set_BusA_To[2:0] [1] = 1'0
  Optimizing cells in module \tv80_mcode_gate.
    Consolidated identical input bits for $mux cell $procmux$12942:
      Old ports: A=4'1010, B=$24\Set_BusB_To[3:0], Y=$23\Set_BusB_To[3:0]
      New ports: A=1'1, B=$24\Set_BusB_To[3:0] [1], Y=$23\Set_BusB_To[3:0] [1]
      New connections: { $23\Set_BusB_To[3:0] [3:2] $23\Set_BusB_To[3:0] [0] } = { $23\Set_BusB_To[3:0] [1] 2'00 }
    Consolidated identical input bits for $mux cell $procmux$4215:
      Old ports: A=$15\TStates[2:0], B=$1\TStates[2:0], Y=$31\TStates[2:0]
      New ports: A={ $15\TStates[2:0] [2] $15\TStates[2:0] [0] }, B={ $1\TStates[2:0] [2] $1\TStates[2:0] [0] }, Y={ $31\TStates[2:0] [2] $31\TStates[2:0] [0] }
      New connections: $31\TStates[2:0] [1] = $31\TStates[2:0] [0]
    Consolidated identical input bits for $mux cell $procmux$7120:
      Old ports: A=$procmux$7118_Y, B=3'101, Y=$25\MCycles[2:0]
      New ports: A=$procmux$7118_Y [2:1], B=2'10, Y=$25\MCycles[2:0] [2:1]
      New connections: $25\MCycles[2:0] [0] = 1'1
    Consolidated identical input bits for $mux cell $procmux$7094:
      Old ports: A=$1\TStates[2:0], B=$26\TStates[2:0], Y=$procmux$7094_Y
      New ports: A={ $1\TStates[2:0] [2] $1\TStates[2:0] [0] }, B={ $26\TStates[2:0] [2] $26\TStates[2:0] [0] }, Y={ $procmux$7094_Y [2] $procmux$7094_Y [0] }
      New connections: $procmux$7094_Y [1] = $procmux$7094_Y [0]
    Consolidated identical input bits for $mux cell $procmux$7668:
      Old ports: A=$procmux$7666_Y, B=4'0000, Y=$11\IncDec_16[3:0]
      New ports: A=$procmux$7666_Y [0], B=1'0, Y=$11\IncDec_16[3:0] [0]
      New connections: $11\IncDec_16[3:0] [3:1] = { $11\IncDec_16[3:0] [0] $11\IncDec_16[3:0] [0] $11\IncDec_16[3:0] [0] }
    Consolidated identical input bits for $mux cell $procmux$12757:
      Old ports: A=3'111, B=$29\Set_Addr_To[2:0], Y=$28\Set_Addr_To[2:0]
      New ports: A=1'1, B=$29\Set_Addr_To[2:0] [0], Y=$28\Set_Addr_To[2:0] [0]
      New connections: $28\Set_Addr_To[2:0] [2:1] = { $28\Set_Addr_To[2:0] [0] 1'1 }
    Consolidated identical input bits for $mux cell $procmux$7645:
      Old ports: A=$procmux$7643_Y, B=4'0000, Y=$41\Set_BusB_To[3:0]
      New ports: A={ $procmux$7643_Y [2] $procmux$7643_Y [0] }, B=2'00, Y={ $41\Set_BusB_To[3:0] [2] $41\Set_BusB_To[3:0] [0] }
      New connections: { $41\Set_BusB_To[3:0] [3] $41\Set_BusB_To[3:0] [1] } = { $41\Set_BusB_To[3:0] [2] 1'0 }
    Consolidated identical input bits for $mux cell $procmux$13934:
      Old ports: A=$procmux$13885_Y, B=4'0000, Y=$17\Set_BusA_To[3:0]
      New ports: A=$procmux$13885_Y [2:0], B=3'000, Y=$17\Set_BusA_To[3:0] [2:0]
      New connections: $17\Set_BusA_To[3:0] [3] = 1'0
    Consolidated identical input bits for $mux cell $procmux$13932:
      Old ports: A=$procmux$13883_Y [2:0], B=3'101, Y=$procmux$13885_Y [2:0]
      New ports: A={ $procmux$13883_Y [2] 1'0 }, B=2'11, Y={ $procmux$13885_Y [2] $procmux$13885_Y [0] }
      New connections: $procmux$13885_Y [1] = 1'0
    Consolidated identical input bits for $mux cell $procmux$16488:
      Old ports: A=$procmux$16486_Y, B=3'000, Y=$procmux$16488_Y
      New ports: A={ $procmux$16486_Y [2] $procmux$16486_Y [0] }, B=2'00, Y={ $procmux$16488_Y [2] $procmux$16488_Y [0] }
      New connections: $procmux$16488_Y [1] = 1'0
    Consolidated identical input bits for $mux cell $procmux$1600:
      Old ports: A=$procmux$10581_Y, B=$1\TStates[2:0], Y=$23\TStates[2:0]
      New ports: A={ $procmux$10581_Y [2] $procmux$10581_Y [0] }, B={ $1\TStates[2:0] [2] $1\TStates[2:0] [0] }, Y={ $23\TStates[2:0] [2] $23\TStates[2:0] [0] }
      New connections: $23\TStates[2:0] [1] = $23\TStates[2:0] [0]
    Consolidated identical input bits for $mux cell $procmux$1079:
      Old ports: A=$procmux$1077_Y, B=4'0000, Y=$procmux$1079_Y
      New ports: A={ $procmux$1077_Y [3] $procmux$1077_Y [1] }, B=2'00, Y={ $procmux$1079_Y [3] $procmux$1079_Y [1] }
      New connections: { $procmux$1079_Y [2] $procmux$1079_Y [0] } = { $procmux$1079_Y [1] 1'0 }
    Consolidated identical input bits for $mux cell $procmux$7622:
      Old ports: A=$auto$wreduce.cc:514:run$24794 [1:0], B=2'11, Y=$42\Set_Addr_To[2:0] [1:0]
      New ports: A=$auto$wreduce.cc:514:run$24794 [1], B=1'1, Y=$42\Set_Addr_To[2:0] [1]
      New connections: $42\Set_Addr_To[2:0] [0] = 1'1
    Consolidated identical input bits for $mux cell $procmux$11645:
      Old ports: A=$15\TStates[2:0], B=$1\TStates[2:0], Y=$10\TStates[2:0]
      New ports: A={ $15\TStates[2:0] [2] $15\TStates[2:0] [0] }, B={ $1\TStates[2:0] [2] $1\TStates[2:0] [0] }, Y={ $10\TStates[2:0] [2] $10\TStates[2:0] [0] }
      New connections: $10\TStates[2:0] [1] = $10\TStates[2:0] [0]
    Consolidated identical input bits for $mux cell $procmux$2308:
      Old ports: A=$procmux$2306_Y, B=4'1100, Y=$23\IncDec_16[3:0]
      New ports: A={ $procmux$2306_Y [3] $procmux$2306_Y [1] $procmux$2306_Y [1] }, B=3'110, Y=$23\IncDec_16[3:0] [3:1]
      New connections: $23\IncDec_16[3:0] [0] = 1'0
    Consolidated identical input bits for $mux cell $procmux$11217:
      Old ports: A=$procmux$10581_Y, B=3'100, Y=$procmux$10583_Y
      New ports: A={ $procmux$10581_Y [2] $procmux$10581_Y [0] }, B=2'10, Y={ $procmux$10583_Y [2] $procmux$10583_Y [0] }
      New connections: $procmux$10583_Y [1] = $procmux$10583_Y [0]
    Consolidated identical input bits for $mux cell $procmux$14025:
      Old ports: A=$procmux$14023_Y, B=4'0111, Y=$procmux$14025_Y
      New ports: A={ $procmux$14023_Y [0] $procmux$14023_Y [0] }, B=2'01, Y={ $procmux$14025_Y [3] $procmux$14025_Y [0] }
      New connections: $procmux$14025_Y [2:1] = { $procmux$14025_Y [0] $procmux$14025_Y [0] }
    Consolidated identical input bits for $mux cell $procmux$11001:
      Old ports: A=4'0000, B=$10\IncDec_16[3:0], Y=$9\IncDec_16[3:0]
      New ports: A=1'0, B=$10\IncDec_16[3:0] [0], Y=$9\IncDec_16[3:0] [0]
      New connections: $9\IncDec_16[3:0] [3:1] = { $9\IncDec_16[3:0] [0] $9\IncDec_16[3:0] [0] $9\IncDec_16[3:0] [0] }
    Consolidated identical input bits for $mux cell $procmux$21007:
      Old ports: A=$6\Set_Addr_To[2:0], B=$27\Set_Addr_To[2:0], Y=$4\Set_Addr_To[2:0]
      New ports: A=$6\Set_Addr_To[2:0] [0], B=$27\Set_Addr_To[2:0] [0], Y=$4\Set_Addr_To[2:0] [0]
      New connections: $4\Set_Addr_To[2:0] [2:1] = { $4\Set_Addr_To[2:0] [0] 1'1 }
    Consolidated identical input bits for $mux cell $procmux$880:
      Old ports: A=$procmux$878_Y, B=$21\IncDec_16[3:0], Y=$procmux$880_Y
      New ports: A={ $procmux$878_Y [3] 1'0 $procmux$878_Y [1] }, B={ $21\IncDec_16[3:0] [3] 2'11 }, Y=$procmux$880_Y [3:1]
      New connections: $procmux$880_Y [0] = 1'0
    Consolidated identical input bits for $mux cell $procmux$10967:
      Old ports: A=4'0000, B=$28\Set_BusB_To[3:0], Y=$29\Set_BusB_To[3:0]
      New ports: A=2'00, B={ $28\Set_BusB_To[3:0] [2] $28\Set_BusB_To[3:0] [0] }, Y={ $29\Set_BusB_To[3:0] [2] $29\Set_BusB_To[3:0] [0] }
      New connections: { $29\Set_BusB_To[3:0] [3] $29\Set_BusB_To[3:0] [1] } = { $29\Set_BusB_To[3:0] [2] 1'0 }
    Consolidated identical input bits for $mux cell $procmux$7195:
      Old ports: A=$procmux$7193_Y [1:0], B=2'11, Y=$43\Set_Addr_To[2:0] [1:0]
      New ports: A=$procmux$7193_Y [1], B=1'1, Y=$43\Set_Addr_To[2:0] [1]
      New connections: $43\Set_Addr_To[2:0] [0] = 1'1
    Consolidated identical input bits for $mux cell $procmux$7220:
      Old ports: A=$procmux$7218_Y, B=4'0000, Y=$42\Set_BusB_To[3:0]
      New ports: A={ $procmux$7218_Y [2] $procmux$7218_Y [0] }, B=2'00, Y={ $42\Set_BusB_To[3:0] [2] $42\Set_BusB_To[3:0] [0] }
      New connections: { $42\Set_BusB_To[3:0] [3] $42\Set_BusB_To[3:0] [1] } = { $42\Set_BusB_To[3:0] [2] 1'0 }
    Consolidated identical input bits for $mux cell $procmux$13546:
      Old ports: A=3'111, B=$20\Set_BusA_To[2:0], Y=$19\Set_BusA_To[2:0]
      New ports: A=1'1, B=$20\Set_BusA_To[2:0] [0], Y=$19\Set_BusA_To[2:0] [0]
      New connections: $19\Set_BusA_To[2:0] [2:1] = { $19\Set_BusA_To[2:0] [0] $19\Set_BusA_To[2:0] [0] }
    Consolidated identical input bits for $pmux cell $procmux$4680:
      Old ports: A=$60\Set_Addr_To[2:0], B={ $61\Set_Addr_To[2:0] 3'111 }, Y=$59\Set_Addr_To[2:0]
      New ports: A=$60\Set_Addr_To[2:0] [0], B={ $61\Set_Addr_To[2:0] [0] 1'1 }, Y=$59\Set_Addr_To[2:0] [0]
      New connections: $59\Set_Addr_To[2:0] [2:1] = { $59\Set_Addr_To[2:0] [0] 1'1 }
    Consolidated identical input bits for $mux cell $procmux$15824:
      Old ports: A=$auto$wreduce.cc:514:run$24772 [2:0], B=3'000, Y=$13\Set_BusB_To[3:0]
      New ports: A={ $auto$wreduce.cc:514:run$24772 [2] $auto$wreduce.cc:514:run$24772 [0] }, B=2'00, Y={ $13\Set_BusB_To[3:0] [2] $13\Set_BusB_To[3:0] [0] }
      New connections: $13\Set_BusB_To[3:0] [1] = 1'0
    Consolidated identical input bits for $mux cell $procmux$10933:
      Old ports: A=2'11, B=$22\Set_Addr_To[2:0], Y=$34\Set_Addr_To[2:0]
      New ports: A=1'1, B=$22\Set_Addr_To[2:0] [1], Y=$34\Set_Addr_To[2:0] [1]
      New connections: $34\Set_Addr_To[2:0] [0] = 1'1
    Consolidated identical input bits for $mux cell $procmux$7245:
      Old ports: A=$procmux$7243_Y, B=4'0000, Y=$12\IncDec_16[3:0]
      New ports: A=$procmux$7243_Y [0], B=1'0, Y=$12\IncDec_16[3:0] [0]
      New connections: $12\IncDec_16[3:0] [3:1] = { $12\IncDec_16[3:0] [0] $12\IncDec_16[3:0] [0] $12\IncDec_16[3:0] [0] }
    Consolidated identical input bits for $mux cell $procmux$22080:
      Old ports: A=$auto$wreduce.cc:514:run$24794 [1:0], B=2'01, Y=$auto$wreduce.cc:514:run$24793 [1:0]
      New ports: A=$auto$wreduce.cc:514:run$24794 [1], B=1'0, Y=$auto$wreduce.cc:514:run$24793 [1]
      New connections: $auto$wreduce.cc:514:run$24793 [0] = 1'1
    Consolidated identical input bits for $mux cell $procmux$1360:
      Old ports: A=$procmux$1358_Y [2:0], B=3'000, Y=$15\IncDec_16[3:0] [2:0]
      New ports: A=$procmux$1358_Y [0], B=1'0, Y=$15\IncDec_16[3:0] [0]
      New connections: $15\IncDec_16[3:0] [2:1] = { $15\IncDec_16[3:0] [0] $15\IncDec_16[3:0] [0] }
  Optimizing cells in module \tv80_mcode_gate.
    Consolidated identical input bits for $mux cell $procmux$7096:
      Old ports: A=$procmux$7094_Y, B=$1\TStates[2:0], Y=$24\TStates[2:0]
      New ports: A={ $procmux$7094_Y [2] $procmux$7094_Y [0] }, B={ $1\TStates[2:0] [2] $1\TStates[2:0] [0] }, Y={ $24\TStates[2:0] [2] $24\TStates[2:0] [0] }
      New connections: $24\TStates[2:0] [1] = $24\TStates[2:0] [0]
    Consolidated identical input bits for $mux cell $procmux$11383:
      Old ports: A=$29\Set_BusB_To[3:0], B=$28\Set_BusB_To[3:0], Y=$27\Set_BusB_To[3:0]
      New ports: A={ $29\Set_BusB_To[3:0] [2] $29\Set_BusB_To[3:0] [0] }, B={ $28\Set_BusB_To[3:0] [2] $28\Set_BusB_To[3:0] [0] }, Y={ $27\Set_BusB_To[3:0] [2] $27\Set_BusB_To[3:0] [0] }
      New connections: { $27\Set_BusB_To[3:0] [3] $27\Set_BusB_To[3:0] [1] } = { $27\Set_BusB_To[3:0] [2] 1'0 }
    Consolidated identical input bits for $mux cell $procmux$16490:
      Old ports: A=$procmux$16488_Y, B=3'000, Y=$12\Set_BusA_To[2:0]
      New ports: A={ $procmux$16488_Y [2] $procmux$16488_Y [0] }, B=2'00, Y={ $12\Set_BusA_To[2:0] [2] $12\Set_BusA_To[2:0] [0] }
      New connections: $12\Set_BusA_To[2:0] [1] = 1'0
    Consolidated identical input bits for $mux cell $procmux$12720:
      Old ports: A=$1\TStates[2:0], B=$10\TStates[2:0], Y=$7\TStates[2:0]
      New ports: A={ $1\TStates[2:0] [2] $1\TStates[2:0] [0] }, B={ $10\TStates[2:0] [2] $10\TStates[2:0] [0] }, Y={ $7\TStates[2:0] [2] $7\TStates[2:0] [0] }
      New connections: $7\TStates[2:0] [1] = $7\TStates[2:0] [0]
    New ctrl vector for $pmux cell $procmux$4724: { $procmux$17014_CTRL $procmux$14597_CMP }
    Consolidated identical input bits for $mux cell $procmux$21535:
      Old ports: A=$4\Set_Addr_To[2:0], B=3'111, Y=$3\Set_Addr_To[2:0]
      New ports: A=$4\Set_Addr_To[2:0] [0], B=1'1, Y=$3\Set_Addr_To[2:0] [0]
      New connections: $3\Set_Addr_To[2:0] [2:1] = { $3\Set_Addr_To[2:0] [0] 1'1 }
    Consolidated identical input bits for $mux cell $procmux$11352:
      Old ports: A=$34\Set_Addr_To[2:0], B=$22\Set_Addr_To[2:0], Y=$32\Set_Addr_To[2:0]
      New ports: A=$34\Set_Addr_To[2:0] [1], B=$22\Set_Addr_To[2:0] [1], Y=$32\Set_Addr_To[2:0] [1]
      New connections: $32\Set_Addr_To[2:0] [0] = 1'1
    Consolidated identical input bits for $mux cell $procmux$13934:
      Old ports: A=$procmux$13885_Y [2:0], B=3'000, Y=$17\Set_BusA_To[3:0] [2:0]
      New ports: A={ $procmux$13885_Y [2] $procmux$13885_Y [0] }, B=2'00, Y={ $17\Set_BusA_To[3:0] [2] $17\Set_BusA_To[3:0] [0] }
      New connections: $17\Set_BusA_To[3:0] [1] = 1'0
    Consolidated identical input bits for $mux cell $procmux$22082:
      Old ports: A=$auto$wreduce.cc:514:run$24793 [1:0], B=2'01, Y=$24\Set_Addr_To[2:0]
      New ports: A=$auto$wreduce.cc:514:run$24793 [1], B=1'0, Y=$24\Set_Addr_To[2:0] [1]
      New connections: $24\Set_Addr_To[2:0] [0] = 1'1
    Consolidated identical input bits for $mux cell $procmux$1081:
      Old ports: A=$procmux$1079_Y, B=4'0000, Y=$26\IncDec_16[3:0]
      New ports: A={ $procmux$1079_Y [3] $procmux$1079_Y [1] }, B=2'00, Y={ $26\IncDec_16[3:0] [3] $26\IncDec_16[3:0] [1] }
      New connections: { $26\IncDec_16[3:0] [2] $26\IncDec_16[3:0] [0] } = { $26\IncDec_16[3:0] [1] 1'0 }
    Consolidated identical input bits for $mux cell $procmux$4656:
      Old ports: A=$31\TStates[2:0], B=$1\TStates[2:0], Y=$30\TStates[2:0]
      New ports: A={ $31\TStates[2:0] [2] $31\TStates[2:0] [0] }, B={ $1\TStates[2:0] [2] $1\TStates[2:0] [0] }, Y={ $30\TStates[2:0] [2] $30\TStates[2:0] [0] }
      New connections: $30\TStates[2:0] [1] = $30\TStates[2:0] [0]
    Consolidated identical input bits for $mux cell $procmux$882:
      Old ports: A=$procmux$880_Y, B=4'0000, Y=$28\IncDec_16[3:0]
      New ports: A=$procmux$880_Y [3:1], B=3'000, Y=$28\IncDec_16[3:0] [3:1]
      New connections: $28\IncDec_16[3:0] [0] = 1'0
    Consolidated identical input bits for $mux cell $procmux$14027:
      Old ports: A=$procmux$14025_Y, B=4'0000, Y=$procmux$14027_Y
      New ports: A={ $procmux$14025_Y [3] $procmux$14025_Y [0] }, B=2'00, Y={ $procmux$14027_Y [3] $procmux$14027_Y [0] }
      New connections: $procmux$14027_Y [2:1] = { $procmux$14027_Y [0] $procmux$14027_Y [0] }
    New ctrl vector for $pmux cell $procmux$4832: { $procmux$15078_CMP $auto$opt_reduce.cc:137:opt_pmux$24596 $procmux$10508_CMP $procmux$10085_CMP $procmux$21725_CMP $procmux$21724_CMP $procmux$21723_CMP $procmux$21720_CTRL }
    Consolidated identical input bits for $mux cell $procmux$11414:
      Old ports: A=$9\IncDec_16[3:0], B=$10\IncDec_16[3:0], Y=$7\IncDec_16[3:0]
      New ports: A=$9\IncDec_16[3:0] [0], B=$10\IncDec_16[3:0] [0], Y=$7\IncDec_16[3:0] [0]
      New connections: $7\IncDec_16[3:0] [3:1] = { $7\IncDec_16[3:0] [0] $7\IncDec_16[3:0] [0] $7\IncDec_16[3:0] [0] }
  Optimizing cells in module \tv80_mcode_gate.
    Consolidated identical input bits for $mux cell $procmux$14029:
      Old ports: A=$procmux$14027_Y, B=4'0000, Y=$5\IncDec_16[3:0]
      New ports: A={ $procmux$14027_Y [3] $procmux$14027_Y [0] }, B=2'00, Y={ $5\IncDec_16[3:0] [3] $5\IncDec_16[3:0] [0] }
      New connections: $5\IncDec_16[3:0] [2:1] = { $5\IncDec_16[3:0] [0] $5\IncDec_16[3:0] [0] }
  Optimizing cells in module \tv80_mcode_gate.
Performed a total of 146 changes.

3.19.5. Executing OPT_MERGE pass (detect identical cells).
Finding identical cells in module `\tv80_mcode_gate'.
Computing hashes of 779 cells of `\tv80_mcode_gate'.
Finding duplicate cells in `\tv80_mcode_gate'.
Computing hashes of 759 cells of `\tv80_mcode_gate'.
Finding duplicate cells in `\tv80_mcode_gate'.
Computing hashes of 752 cells of `\tv80_mcode_gate'.
Finding duplicate cells in `\tv80_mcode_gate'.
Computing hashes of 751 cells of `\tv80_mcode_gate'.
Finding duplicate cells in `\tv80_mcode_gate'.
<suppressed ~84 debug messages>
Removed a total of 28 cells.

3.19.6. Executing OPT_SHARE pass.
    Found cells that share an operand and can be merged by moving the $pmux $procmux$21714 in front of them:
        $procmux$11935
        $procmux$19538

3.19.7. Executing OPT_DFF pass (perform DFF optimizations).

3.19.8. Executing OPT_CLEAN pass (remove unused cells and wires).
Finding unused cells or wires in module \tv80_mcode_gate..
Removed 2 unused cells and 32 unused wires.
<suppressed ~3 debug messages>

3.19.9. Executing OPT_EXPR pass (perform const folding).
Optimizing module tv80_mcode_gate.
<suppressed ~25 debug messages>

3.19.10. Rerunning OPT passes. (Maybe there is more to do..)

3.19.11. Executing OPT_MUXTREE pass (detect dead branches in mux trees).
Running muxtree optimizer on module \tv80_mcode_gate..
  Creating internal representation of mux trees.
  Evaluating internal representation of mux trees.
  Analyzing evaluation results.
Removed 0 multiplexer ports.
<suppressed ~716 debug messages>

3.19.12. Executing OPT_REDUCE pass (consolidate $*mux and $reduce_* inputs).
  Optimizing cells in module \tv80_mcode_gate.
    New ctrl vector for $pmux cell $procmux$5282: { $auto$opt_reduce.cc:137:opt_pmux$24484 $procmux$10466_CMP $procmux$21720_CTRL $procmux$21723_CMP $auto$opt_reduce.cc:137:opt_pmux$24804 $procmux$21725_CMP $procmux$10085_CMP $procmux$10508_CMP $auto$opt_reduce.cc:137:opt_pmux$24596 $procmux$13099_CMP $procmux$13256_CMP $procmux$13795_CMP $procmux$15078_CMP $procmux$17537_CMP $auto$opt_reduce.cc:137:opt_pmux$24700 $procmux$19132_CMP }
    New ctrl vector for $pmux cell $procmux$21714: { $auto$opt_reduce.cc:137:opt_pmux$24588 $procmux$10466_CMP $procmux$10508_CMP $auto$opt_reduce.cc:137:opt_pmux$24806 $procmux$13795_CMP $auto$opt_reduce.cc:137:opt_pmux$24656 $auto$opt_reduce.cc:137:opt_pmux$24742 $procmux$17537_CMP $procmux$18082_CMP $procmux$18239_CMP }
    New input vector for $reduce_or cell $auto$opt_reduce.cc:131:opt_pmux$24805: { $procmux$19132_CMP $procmux$12348_CMP $procmux$11608_CMP }
  Optimizing cells in module \tv80_mcode_gate.
Performed a total of 3 changes.

3.19.13. Executing OPT_MERGE pass (detect identical cells).
Finding identical cells in module `\tv80_mcode_gate'.
Computing hashes of 742 cells of `\tv80_mcode_gate'.
Finding duplicate cells in `\tv80_mcode_gate'.
Computing hashes of 733 cells of `\tv80_mcode_gate'.
Finding duplicate cells in `\tv80_mcode_gate'.
Computing hashes of 728 cells of `\tv80_mcode_gate'.
Finding duplicate cells in `\tv80_mcode_gate'.
Computing hashes of 727 cells of `\tv80_mcode_gate'.
Finding duplicate cells in `\tv80_mcode_gate'.
<suppressed ~45 debug messages>
Removed a total of 15 cells.

3.19.14. Executing OPT_SHARE pass.

3.19.15. Executing OPT_DFF pass (perform DFF optimizations).

3.19.16. Executing OPT_CLEAN pass (remove unused cells and wires).
Finding unused cells or wires in module \tv80_mcode_gate..
Removed 0 unused cells and 24 unused wires.
<suppressed ~1 debug messages>

3.19.17. Executing OPT_EXPR pass (perform const folding).
Optimizing module tv80_mcode_gate.

3.19.18. Rerunning OPT passes. (Maybe there is more to do..)

3.19.19. Executing OPT_MUXTREE pass (detect dead branches in mux trees).
Running muxtree optimizer on module \tv80_mcode_gate..
  Creating internal representation of mux trees.
  Evaluating internal representation of mux trees.
  Analyzing evaluation results.
Removed 0 multiplexer ports.
<suppressed ~686 debug messages>

3.19.20. Executing OPT_REDUCE pass (consolidate $*mux and $reduce_* inputs).
  Optimizing cells in module \tv80_mcode_gate.
Performed a total of 0 changes.

3.19.21. Executing OPT_MERGE pass (detect identical cells).
Finding identical cells in module `\tv80_mcode_gate'.
Computing hashes of 727 cells of `\tv80_mcode_gate'.
Finding duplicate cells in `\tv80_mcode_gate'.
Removed a total of 0 cells.

3.19.22. Executing OPT_SHARE pass.

3.19.23. Executing OPT_DFF pass (perform DFF optimizations).

3.19.24. Executing OPT_CLEAN pass (remove unused cells and wires).
Finding unused cells or wires in module \tv80_mcode_gate..

3.19.25. Executing OPT_EXPR pass (perform const folding).
Optimizing module tv80_mcode_gate.

3.19.26. Finished fast OPT passes. (There is nothing left to do.)

3.20. Executing TECHMAP pass (map to technology primitives).

3.20.1. Executing Verilog-2005 frontend: /home/toshn/tools/oss-cad-suite/lib/../share/yosys/techmap.v
Parsing Verilog input from `/home/toshn/tools/oss-cad-suite/lib/../share/yosys/techmap.v' to AST representation.
Generating RTLIL representation for module `\_90_simplemap_bool_ops'.
Generating RTLIL representation for module `\_90_simplemap_reduce_ops'.
Generating RTLIL representation for module `\_90_simplemap_logic_ops'.
Generating RTLIL representation for module `\_90_simplemap_compare_ops'.
Generating RTLIL representation for module `\_90_simplemap_various'.
Generating RTLIL representation for module `\_90_simplemap_registers'.
Generating RTLIL representation for module `\_90_shift_ops_shr_shl_sshl_sshr'.
Generating RTLIL representation for module `\_90_shift_shiftx'.
Generating RTLIL representation for module `\_90_fa'.
Generating RTLIL representation for module `\_90_lcu_brent_kung'.
Generating RTLIL representation for module `\_90_alu'.
Generating RTLIL representation for module `\_90_macc'.
Generating RTLIL representation for module `\_90_alumacc'.
Generating RTLIL representation for module `$__div_mod_u'.
Generating RTLIL representation for module `$__div_mod_trunc'.
Generating RTLIL representation for module `\_90_div'.
Generating RTLIL representation for module `\_90_mod'.
Generating RTLIL representation for module `$__div_mod_floor'.
Generating RTLIL representation for module `\_90_divfloor'.
Generating RTLIL representation for module `\_90_modfloor'.
Generating RTLIL representation for module `\_90_pow'.
Generating RTLIL representation for module `\_90_demux'.
Generating RTLIL representation for module `\_90_lut'.
Generating RTLIL representation for module `$connect'.
Generating RTLIL representation for module `$input_port'.
Successfully finished Verilog frontend.

3.20.2. Continuing TECHMAP pass.
Using extmapper simplemap for cells of type $reduce_or.
Using extmapper simplemap for cells of type $mux.
Using extmapper simplemap for cells of type $eq.
Using extmapper simplemap for cells of type $not.
Using extmapper simplemap for cells of type $ne.
Using extmapper simplemap for cells of type $logic_or.
Using extmapper simplemap for cells of type $or.
Using extmapper simplemap for cells of type $pmux.
Using extmapper simplemap for cells of type $and.
Using extmapper simplemap for cells of type $logic_not.
No more expansions possible.
<suppressed ~804 debug messages>

3.21. Executing OPT pass (performing simple optimizations).

3.21.1. Executing OPT_EXPR pass (perform const folding).
Optimizing module tv80_mcode_gate.
<suppressed ~2525 debug messages>

3.21.2. Executing OPT_MERGE pass (detect identical cells).
Finding identical cells in module `\tv80_mcode_gate'.
Computing hashes of 7029 cells of `\tv80_mcode_gate'.
Finding duplicate cells in `\tv80_mcode_gate'.
Computing hashes of 4694 cells of `\tv80_mcode_gate'.
Finding duplicate cells in `\tv80_mcode_gate'.
Computing hashes of 3537 cells of `\tv80_mcode_gate'.
Finding duplicate cells in `\tv80_mcode_gate'.
Computing hashes of 2971 cells of `\tv80_mcode_gate'.
Finding duplicate cells in `\tv80_mcode_gate'.
Computing hashes of 2940 cells of `\tv80_mcode_gate'.
Finding duplicate cells in `\tv80_mcode_gate'.
Computing hashes of 2933 cells of `\tv80_mcode_gate'.
Finding duplicate cells in `\tv80_mcode_gate'.
Computing hashes of 2932 cells of `\tv80_mcode_gate'.
Finding duplicate cells in `\tv80_mcode_gate'.
<suppressed ~12291 debug messages>
Removed a total of 4097 cells.

3.21.3. Executing OPT_DFF pass (perform DFF optimizations).

3.21.4. Executing OPT_CLEAN pass (remove unused cells and wires).
Finding unused cells or wires in module \tv80_mcode_gate..
Removed 0 unused cells and 2682 unused wires.
<suppressed ~1 debug messages>

3.21.5. Finished fast OPT passes.

3.22. Executing ABC pass (technology mapping using ABC).

3.22.1. Extracting gate netlist of module `\tv80_mcode_gate' to `<abc-temp-dir>/input.blif'..

3.22.1.1. Executed ABC.
Extracted 2932 gates and 2957 wires to a netlist network with 23 inputs and 68 outputs.
Running ABC script: <abc-temp-dir>/abc.script
ABC: UC Berkeley, ABC 1.01 (compiled Jul 25 2026 03:54:11)
ABC: abc 01> empty
ABC: abc 01> source <abc-temp-dir>/abc.script
ABC: + read_blif <abc-temp-dir>/input.blif 
ABC: + read_library <abc-temp-dir>/stdcells.genlib 
ABC: + strash 
ABC: + &get -n 
ABC: + &fraig -x 
ABC: + &put 
ABC: + scorr 
ABC: Warning: The network is combinational (run "fraig" or "fraig_sweep").
ABC: + dc2 
ABC: + dretime 
ABC: + strash 
ABC: + &get -n 
ABC: + &dch -f 
ABC: + &nf 
ABC: + &put 
ABC: + write_blif <abc-temp-dir>/output.blif 
ABC: 
ABC: YOSYS_ABC_DONE 

3.22.1.2. Re-integrating ABC results.
ABC RESULTS:               AND cells:      510
ABC RESULTS:            ANDNOT cells:      106
ABC RESULTS:               MUX cells:       11
ABC RESULTS:              NAND cells:      419
ABC RESULTS:               NOR cells:       28
ABC RESULTS:               NOT cells:       11
ABC RESULTS:                OR cells:       80
ABC RESULTS:             ORNOT cells:       62
ABC RESULTS:              XNOR cells:        2
ABC RESULTS:               XOR cells:        2
ABC RESULTS:        internal signals:     2866
ABC RESULTS:           input signals:       23
ABC RESULTS:          output signals:       68
Removing temp directory.
Removing global temp directory.

3.23. Executing OPT pass (performing simple optimizations).

3.23.1. Executing OPT_EXPR pass (perform const folding).
Optimizing module tv80_mcode_gate.
<suppressed ~1 debug messages>

3.23.2. Executing OPT_MERGE pass (detect identical cells).
Finding identical cells in module `\tv80_mcode_gate'.
Computing hashes of 1231 cells of `\tv80_mcode_gate'.
Finding duplicate cells in `\tv80_mcode_gate'.
Removed a total of 0 cells.

3.23.3. Executing OPT_DFF pass (perform DFF optimizations).

3.23.4. Executing OPT_CLEAN pass (remove unused cells and wires).
Finding unused cells or wires in module \tv80_mcode_gate..
Removed 0 unused cells and 1683 unused wires.
<suppressed ~1 debug messages>

3.23.5. Finished fast OPT passes.

3.24. Executing HIERARCHY pass (managing design hierarchy).
Attribute `top' found on module `tv80_mcode_gate'. Setting top module to tv80_mcode_gate.

3.24.1. Analyzing design hierarchy..
Top module:  \tv80_mcode_gate

3.24.2. Analyzing design hierarchy..
Top module:  \tv80_mcode_gate
Removed 0 unused modules.

3.25. Printing statistics.

=== tv80_mcode_gate ===

        +----------Local Count, excluding submodules.
        | 
     1224 wires
     1299 wire bits
       61 public wires
      136 public wire bits
       52 ports
       95 port bits
     1231 cells
      106   $_ANDNOT_
      510   $_AND_
       11   $_MUX_
      419   $_NAND_
       28   $_NOR_
       11   $_NOT_
       62   $_ORNOT_
       80   $_OR_
        2   $_XNOR_
        2   $_XOR_

3.26. Executing CHECK pass (checking for obvious problems).
Checking module tv80_mcode_gate...
Found and reported 0 problems.

4. Printing statistics.

=== tv80_mcode_gate ===

        +----------Local Count, excluding submodules.
        | 
     1224 wires
     1299 wire bits
       61 public wires
      136 public wire bits
       52 ports
       95 port bits
     1231 cells
      106   $_ANDNOT_
      510   $_AND_
       11   $_MUX_
      419   $_NAND_
       28   $_NOR_
       11   $_NOT_
       62   $_ORNOT_
       80   $_OR_
        2   $_XNOR_
        2   $_XOR_

Warnings: 1 unique messages, 1 total
End of script. Logfile hash: a7970541a3, time: 1.99s, user: 1.74s, system: 0.08s, MEM: 63.16 MB peak
Yosys 0.67+94 (git sha1 7defa5186-dirty, Release, Clang /usr/bin/clang++ 18.1.8)
Time spent: 28% 1x proc_mux (0 sec), 20% 18x opt_expr (0 sec), ...
