
 /----------------------------------------------------------------------------\
 |  yosys -- Yosys Open SYnthesis Suite                                       |
 |  Copyright (C) 2012 - 2026  Claire Xenia Wolf <claire@yosyshq.com>         |
 |  Distributed under an ISC-like license, type "license" to see terms        |
 \----------------------------------------------------------------------------/
 Yosys 0.67+94 (git sha1 7defa5186-dirty, Release, Clang /usr/bin/clang++ 18.1.8)

-- Running command `read_verilog /home/toshn/slacksmith_work/depth_tv80/run3/gates/O1/gate.v; hierarchy -check -top tv80_mcode_gate; synth -top tv80_mcode_gate; stat' --

1. Executing Verilog-2005 frontend: /home/toshn/slacksmith_work/depth_tv80/run3/gates/O1/gate.v
Parsing Verilog input from `/home/toshn/slacksmith_work/depth_tv80/run3/gates/O1/gate.v' to AST representation.
Warning: Encountered `translate_off' comment! Such legacy hot comments are supported by Yosys, but are not part of any formal language specification. Using a portable and standards-compliant construct such as `ifdef is recommended!
Generating RTLIL representation for module `\tv80s_gate'.
Generating RTLIL representation for module `\tv80_core_gate'.
Note: Assuming pure combinatorial block at /home/toshn/slacksmith_work/depth_tv80/run3/gates/O1/gate.v:490.3-513.8 in
compliance with IEC 62142(E):2005 / IEEE Std. 1364.1(E):2002. Recommending
use of @* instead of @(...) for better match of synthesis and simulation.
Note: Assuming pure combinatorial block at /home/toshn/slacksmith_work/depth_tv80/run3/gates/O1/gate.v:516.3-540.8 in
compliance with IEC 62142(E):2005 / IEEE Std. 1364.1(E):2002. Recommending
use of @* instead of @(...) for better match of synthesis and simulation.
Note: Assuming pure combinatorial block at /home/toshn/slacksmith_work/depth_tv80/run3/gates/O1/gate.v:1105.3-1123.8 in
compliance with IEC 62142(E):2005 / IEEE Std. 1364.1(E):2002. Recommending
use of @* instead of @(...) for better match of synthesis and simulation.
Note: Assuming pure combinatorial block at /home/toshn/slacksmith_work/depth_tv80/run3/gates/O1/gate.v:1126.3-1164.8 in
compliance with IEC 62142(E):2005 / IEEE Std. 1364.1(E):2002. Recommending
use of @* instead of @(...) for better match of synthesis and simulation.
Note: Assuming pure combinatorial block at /home/toshn/slacksmith_work/depth_tv80/run3/gates/O1/gate.v:1167.3-1188.8 in
compliance with IEC 62142(E):2005 / IEEE Std. 1364.1(E):2002. Recommending
use of @* instead of @(...) for better match of synthesis and simulation.
Note: Assuming pure combinatorial block at /home/toshn/slacksmith_work/depth_tv80/run3/gates/O1/gate.v:1312.3-1324.8 in
compliance with IEC 62142(E):2005 / IEEE Std. 1364.1(E):2002. Recommending
use of @* instead of @(...) for better match of synthesis and simulation.
Note: Assuming pure combinatorial block at /home/toshn/slacksmith_work/depth_tv80/run3/gates/O1/gate.v:1507.3-1547.8 in
compliance with IEC 62142(E):2005 / IEEE Std. 1364.1(E):2002. Recommending
use of @* instead of @(...) for better match of synthesis and simulation.
Note: Assuming pure combinatorial block at /home/toshn/slacksmith_work/depth_tv80/run3/gates/O1/gate.v:1550.3-1560.8 in
compliance with IEC 62142(E):2005 / IEEE Std. 1364.1(E):2002. Recommending
use of @* instead of @(...) for better match of synthesis and simulation.
Generating RTLIL representation for module `\tv80_alu_gate'.
Note: Assuming pure combinatorial block at /home/toshn/slacksmith_work/depth_tv80/run3/gates/O1/gate.v:1662.3-1686.8 in
compliance with IEC 62142(E):2005 / IEEE Std. 1364.1(E):2002. Recommending
use of @* instead of @(...) for better match of synthesis and simulation.
Note: Assuming pure combinatorial block at /home/toshn/slacksmith_work/depth_tv80/run3/gates/O1/gate.v:1691.3-2012.8 in
compliance with IEC 62142(E):2005 / IEEE Std. 1364.1(E):2002. Recommending
use of @* instead of @(...) for better match of synthesis and simulation.
Generating RTLIL representation for module `\tv80_reg_gate'.
Generating RTLIL representation for module `\tv80_mcode_gate'.
Note: Assuming pure combinatorial block at /home/toshn/slacksmith_work/depth_tv80/run3/gates/O1/gate.v:2299.3-4750.8 in
compliance with IEC 62142(E):2005 / IEEE Std. 1364.1(E):2002. Recommending
use of @* instead of @(...) for better match of synthesis and simulation.
Successfully finished Verilog frontend.

2. Executing HIERARCHY pass (managing design hierarchy).

2.1. Analyzing design hierarchy..
Top module:  \tv80_mcode_gate

2.2. Analyzing design hierarchy..
Top module:  \tv80_mcode_gate
Removing unused module `\tv80_reg_gate'.
Removing unused module `\tv80_alu_gate'.
Removing unused module `\tv80_core_gate'.
Removing unused module `\tv80s_gate'.
Removed 4 unused modules.

3. Executing SYNTH pass.

3.1. Executing HIERARCHY pass (managing design hierarchy).

3.1.1. Analyzing design hierarchy..
Top module:  \tv80_mcode_gate

3.1.2. Analyzing design hierarchy..
Top module:  \tv80_mcode_gate
Removed 0 unused modules.

3.2. Executing PROC pass (convert processes to netlists).

3.2.1. Executing PROC_CLEAN pass (remove empty switches from decision trees).
Found and cleaned up 24 empty switches in `\tv80_mcode_gate.$proc$/home/toshn/slacksmith_work/depth_tv80/run3/gates/O1/gate.v:2299$506'.
Cleaned up 24 empty switches.

3.2.2. Executing PROC_RMDEAD pass (remove dead branches from decision trees).
Removed 8 dead cases from process $proc$/home/toshn/slacksmith_work/depth_tv80/run3/gates/O1/gate.v:2299$506 in module tv80_mcode_gate.
Marked 132 switch rules as full_case in process $proc$/home/toshn/slacksmith_work/depth_tv80/run3/gates/O1/gate.v:2299$506 in module tv80_mcode_gate.
Removed a total of 8 dead cases.

3.2.3. Executing PROC_PRUNE pass (remove redundant assignments in processes).
Removed 0 redundant assignments.
Promoted 58 assignments to connections.

3.2.4. Executing PROC_INIT pass (extract init attributes).

3.2.5. Executing PROC_ARST pass (detect async resets in processes).

3.2.6. Executing PROC_ROM pass (convert switches to ROMs).
Converted 0 switches.
<suppressed ~132 debug messages>

3.2.7. Executing PROC_MUX pass (convert decision trees to multiplexers).
Creating decoders for process `\tv80_mcode_gate.$proc$/home/toshn/slacksmith_work/depth_tv80/run3/gates/O1/gate.v:2299$506'.
     1/829: $23\NoRead[0:0]
     2/829: $51\Inc_PC[0:0]
     3/829: $73\Set_BusB_To[3:0] [3]
     4/829: $73\Set_BusB_To[3:0] [2:0]
     5/829: $46\TStates[2:0]
     6/829: $45\TStates[2:0]
     7/829: $79\Set_Addr_To[2:0]
     8/829: $78\Set_Addr_To[2:0]
     9/829: $77\Set_Addr_To[2:0]
    10/829: $22\NoRead[0:0]
    11/829: $50\Inc_PC[0:0]
    12/829: $72\Set_BusB_To[3:0]
    13/829: $44\TStates[2:0]
    14/829: $76\Set_Addr_To[2:0]
    15/829: $34\Set_BusA_To[3:0] [3]
    16/829: $29\IncDec_16[3:0]
    17/829: $31\ALU_Op[3:0]
    18/829: $31\Save_ALU[0:0]
    19/829: $46\Read_To_Reg[0:0]
    20/829: $47\Set_BusA_To[3:0]
    21/829: $71\Set_BusB_To[3:0]
    22/829: $75\Set_Addr_To[2:0]
    23/829: $43\TStates[2:0]
    24/829: $50\Write[0:0]
    25/829: $21\NoRead[0:0]
    26/829: $15\IORQ[0:0]
    27/829: $4\I_BTR[0:0]
    28/829: $28\IncDec_16[3:0]
    29/829: $34\Set_BusA_To[3:0] [2:0]
    30/829: $30\ALU_Op[3:0]
    31/829: $30\Save_ALU[0:0]
    32/829: $45\Read_To_Reg[0:0]
    33/829: $46\Set_BusA_To[3:0]
    34/829: $70\Set_BusB_To[3:0]
    35/829: $74\Set_Addr_To[2:0]
    36/829: $49\Write[0:0]
    37/829: $20\NoRead[0:0]
    38/829: $14\IORQ[0:0]
    39/829: $42\TStates[2:0]
    40/829: $3\I_BTR[0:0]
    41/829: $26\IncDec_16[3:0]
    42/829: $54\Set_BusB_To[3:0] [3]
    43/829: $68\Set_BusB_To[3:0] [2:0]
    44/829: $69\Set_BusB_To[3:3]
    45/829: $73\Set_Addr_To[2:0]
    46/829: $48\Write[0:0]
    47/829: $13\IORQ[0:0]
    48/829: $27\IncDec_16[3:0]
    49/829: $44\Read_To_Reg[0:0]
    50/829: $72\Set_Addr_To[2:0]
    51/829: $12\IORQ[0:0]
    52/829: $3\I_INRC[0:0]
    53/829: $44\Set_BusA_To[2:0]
    54/829: $43\Read_To_Reg[0:0]
    55/829: $68\Set_BusB_To[3:0] [3]
    56/829: $3\I_RETN[0:0]
    57/829: $31\LDZ[0:0]
    58/829: $14\Jump[0:0]
    59/829: $25\IncDec_16[3:0]
    60/829: $30\IncDec_16[3:0]
    61/829: $47\Write[0:0]
    62/829: $41\TStates[2:0]
    63/829: $3\I_RRD[0:0]
    64/829: $29\Save_ALU[0:0]
    65/829: $29\ALU_Op[3:0]
    66/829: $43\Set_BusA_To[2:0]
    67/829: $67\Set_BusB_To[2:0]
    68/829: $42\Read_To_Reg[0:0]
    69/829: $69\Set_Addr_To[2:0]
    70/829: $19\NoRead[0:0]
    71/829: $46\Write[0:0]
    72/829: $40\TStates[2:0]
    73/829: $3\I_RLD[0:0]
    74/829: $28\Save_ALU[0:0]
    75/829: $28\ALU_Op[3:0]
    76/829: $42\Set_BusA_To[2:0]
    77/829: $66\Set_BusB_To[2:0]
    78/829: $41\Read_To_Reg[0:0]
    79/829: $71\Set_Addr_To[2:0]
    80/829: $70\Set_Addr_To[2:0]
    81/829: $65\Set_BusB_To[3:0] [0]
    82/829: $65\Set_BusB_To[3:0] [2:1]
    83/829: $64\Set_BusB_To[3:0] [3]
    84/829: $64\Set_BusB_To[3:0] [0]
    85/829: $64\Set_BusB_To[3:0] [2:1]
    86/829: $39\TStates[2:0]
    87/829: $63\Set_BusB_To[3:0]
    88/829: $41\Set_BusA_To[2:0]
    89/829: $27\Save_ALU[0:0]
    90/829: $40\Read_To_Reg[0:0]
    91/829: $27\ALU_Op[3:0]
    92/829: $18\NoRead[0:0]
    93/829: $62\Set_BusB_To[3:0] [3]
    94/829: $62\Set_BusB_To[3:0] [0]
    95/829: $62\Set_BusB_To[3:0] [2:1]
    96/829: $61\Set_BusB_To[3:0] [3]
    97/829: $61\Set_BusB_To[3:0] [0]
    98/829: $61\Set_BusB_To[3:0] [2:1]
    99/829: $38\TStates[2:0]
   100/829: $60\Set_BusB_To[3:0]
   101/829: $40\Set_BusA_To[2:0]
   102/829: $26\Save_ALU[0:0]
   103/829: $39\Read_To_Reg[0:0]
   104/829: $26\ALU_Op[3:0]
   105/829: $17\NoRead[0:0]
   106/829: $45\Set_BusA_To[2:0]
   107/829: $23\IncDec_16[3:0]
   108/829: $68\Set_Addr_To[2:0]
   109/829: $16\NoRead[0:0]
   110/829: $37\TStates[2:0]
   111/829: $3\I_BC[0:0]
   112/829: $8\PreserveC[0:0]
   113/829: $25\Save_ALU[0:0]
   114/829: $25\ALU_Op[3:0]
   115/829: $39\Set_BusA_To[2:0]
   116/829: $59\Set_BusB_To[3:0]
   117/829: $22\IncDec_16[3:0]
   118/829: $21\IncDec_16[3:0]
   119/829: $20\IncDec_16[3:0]
   120/829: $67\Set_Addr_To[2:0]
   121/829: $45\Write[0:0]
   122/829: $15\NoRead[0:0]
   123/829: $36\TStates[2:0]
   124/829: $3\I_BT[0:0]
   125/829: $24\ALU_Op[3:0]
   126/829: $38\Set_BusA_To[2:0]
   127/829: $58\Set_BusB_To[3:0]
   128/829: $54\Set_BusB_To[3:0] [2:0]
   129/829: $24\IncDec_16[3:0]
   130/829: $57\Set_BusB_To[3:0] [2:1]
   131/829: $57\Set_BusB_To[3:0] [0]
   132/829: $56\Set_BusB_To[3:0] [3]
   133/829: $56\Set_BusB_To[3:0] [2:1]
   134/829: $56\Set_BusB_To[3:0] [0]
   135/829: $30\LDZ[0:0]
   136/829: $49\Inc_PC[0:0]
   137/829: $44\Write[0:0]
   138/829: $15\LDW[0:0]
   139/829: $66\Set_Addr_To[2:0]
   140/829: $55\Set_BusB_To[3:0]
   141/829: $12\Inc_WZ[0:0]
   142/829: $37\Set_BusA_To[3:0] [2:1]
   143/829: $37\Set_BusA_To[3:0] [0]
   144/829: $37\Set_BusA_To[3:0] [3]
   145/829: $36\Set_BusA_To[3:0] [2:1]
   146/829: $36\Set_BusA_To[3:0] [0]
   147/829: $36\Set_BusA_To[3:0] [3]
   148/829: $29\LDZ[0:0]
   149/829: $48\Inc_PC[0:0]
   150/829: $14\LDW[0:0]
   151/829: $65\Set_Addr_To[2:0]
   152/829: $35\Set_BusA_To[3:0]
   153/829: $38\Read_To_Reg[0:0]
   154/829: $11\Inc_WZ[0:0]
   155/829: $35\TStates[2:0]
   156/829: $2\Special_LD[2:0]
   157/829: $43\Write[0:0]
   158/829: $14\NoRead[0:0]
   159/829: $11\IORQ[0:0]
   160/829: $35\MCycles[2:0]
   161/829: $2\IMode[1:0]
   162/829: $2\I_INRC[0:0]
   163/829: $2\I_RRD[0:0]
   164/829: $2\I_RLD[0:0]
   165/829: $2\I_BTR[0:0]
   166/829: $2\I_BC[0:0]
   167/829: $2\I_BT[0:0]
   168/829: $2\I_RETN[0:0]
   169/829: $13\LDW[0:0]
   170/829: $28\LDZ[0:0]
   171/829: $13\Jump[0:0]
   172/829: $64\Set_Addr_To[2:0]
   173/829: $7\PreserveC[0:0]
   174/829: $24\Save_ALU[0:0]
   175/829: $23\ALU_Op[3:0]
   176/829: $57\Set_BusB_To[3:0] [3]
   177/829: $65\Set_BusB_To[3:0] [3]
   178/829: $37\Read_To_Reg[0:0]
   179/829: $16\Read_To_Acc[0:0]
   180/829: $19\IncDec_16[3:0]
   181/829: $10\Inc_WZ[0:0]
   182/829: $47\Inc_PC[0:0]
   183/829: $1\Set_BusA_To[3:0] [3]
   184/829: $42\Write[0:0]
   185/829: $34\TStates[2:0]
   186/829: $23\Save_ALU[0:0]
   187/829: $22\ALU_Op[3:0]
   188/829: $36\Read_To_Reg[0:0]
   189/829: $22\Save_ALU[0:0]
   190/829: $35\Read_To_Reg[0:0]
   191/829: $21\ALU_Op[3:0]
   192/829: $62\Set_Addr_To[2:0]
   193/829: $41\Write[0:0]
   194/829: $33\TStates[2:0]
   195/829: $21\Save_ALU[0:0]
   196/829: $20\ALU_Op[3:0]
   197/829: $34\Read_To_Reg[0:0]
   198/829: $20\Save_ALU[0:0]
   199/829: $33\Read_To_Reg[0:0]
   200/829: $19\ALU_Op[3:0]
   201/829: $61\Set_Addr_To[2:0]
   202/829: $32\TStates[2:0]
   203/829: $18\ALU_Op[3:0]
   204/829: $17\ALU_Op[3:0]
   205/829: $53\Set_BusB_To[2:0]
   206/829: $60\Set_Addr_To[2:0]
   207/829: $40\Write[0:0]
   208/829: $31\TStates[2:0]
   209/829: $19\Save_ALU[0:0]
   210/829: $16\ALU_Op[3:0]
   211/829: $32\Read_To_Reg[0:0]
   212/829: $18\Save_ALU[0:0]
   213/829: $31\Read_To_Reg[0:0]
   214/829: $15\ALU_Op[3:0]
   215/829: $17\Save_ALU[0:0]
   216/829: $14\ALU_Op[3:0]
   217/829: $30\Read_To_Reg[0:0]
   218/829: $39\Write[0:0]
   219/829: $30\TStates[2:0]
   220/829: $34\MCycles[2:0]
   221/829: $59\Set_Addr_To[2:0]
   222/829: $52\Set_BusB_To[2:0]
   223/829: $1\Set_BusA_To[3:0] [2:0]
   224/829: $1\Set_BusB_To[3:0] [3]
   225/829: $63\Set_Addr_To[2:0]
   226/829: $2\Set_BusA_To[3:0] [3]
   227/829: $2\Set_BusA_To[3:0] [2:0]
   228/829: $2\Set_BusB_To[3:0] [3]
   229/829: $58\Set_Addr_To[2:0]
   230/829: $46\Inc_PC[0:0]
   231/829: $38\Write[0:0]
   232/829: $10\IORQ[0:0]
   233/829: $37\Write[0:0]
   234/829: $9\IORQ[0:0]
   235/829: $57\Set_Addr_To[2:0]
   236/829: $50\Set_BusB_To[3:0]
   237/829: $45\Inc_PC[0:0]
   238/829: $33\MCycles[2:0]
   239/829: $2\IncDec_16[3:0] [1:0]
   240/829: $44\Inc_PC[0:0]
   241/829: $8\IORQ[0:0]
   242/829: $15\Read_To_Acc[0:0]
   243/829: $7\IORQ[0:0]
   244/829: $55\Set_Addr_To[2:0]
   245/829: $14\Read_To_Acc[0:0]
   246/829: $43\Inc_PC[0:0]
   247/829: $32\MCycles[2:0]
   248/829: $2\IncDec_16[3:0] [3:2]
   249/829: $54\Set_Addr_To[2:0]
   250/829: $18\IncDec_16[3:0]
   251/829: $29\TStates[2:0]
   252/829: $36\Write[0:0]
   253/829: $3\RstP[0:0]
   254/829: $2\Set_BusB_To[3:0] [2:0]
   255/829: $31\MCycles[2:0]
   256/829: $6\is_cc_true$func$/home/toshn/slacksmith_work/depth_tv80/run3/gates/O1/gate.v:3715$505.$result[0:0]$600
   257/829: $5\is_cc_true$func$/home/toshn/slacksmith_work/depth_tv80/run3/gates/O1/gate.v:3715$505.$result[0:0]$599
   258/829: $28\TStates[2:0]
   259/829: $30\MCycles[2:0]
   260/829: $52\Set_Addr_To[2:0]
   261/829: $4\is_cc_true$func$/home/toshn/slacksmith_work/depth_tv80/run3/gates/O1/gate.v:3715$505.$result[0:0]$596
   262/829: $4\is_cc_true$func$/home/toshn/slacksmith_work/depth_tv80/run3/gates/O1/gate.v:3715$505.cc[2:0]$598
   263/829: $4\is_cc_true$func$/home/toshn/slacksmith_work/depth_tv80/run3/gates/O1/gate.v:3715$505.FF[7:0]$597
   264/829: $27\LDZ[0:0]
   265/829: $12\Jump[0:0]
   266/829: $17\IncDec_16[3:0]
   267/829: $26\LDZ[0:0]
   268/829: $42\Inc_PC[0:0]
   269/829: $12\LDW[0:0]
   270/829: $51\Set_Addr_To[2:0]
   271/829: $33\Set_BusA_To[2:0]
   272/829: $29\Read_To_Reg[0:0]
   273/829: $9\Inc_WZ[0:0]
   274/829: $31\Set_BusA_To[3:0] [3]
   275/829: $31\Set_BusA_To[3:0] [2:0]
   276/829: $41\Inc_PC[0:0]
   277/829: $13\Read_To_Acc[0:0]
   278/829: $48\Set_BusB_To[3:0]
   279/829: $32\Set_BusA_To[3:0]
   280/829: $16\Save_ALU[0:0]
   281/829: $28\Read_To_Reg[0:0]
   282/829: $40\Inc_PC[0:0]
   283/829: $13\ALU_Op[3:0]
   284/829: $13\NoRead[0:0]
   285/829: $47\Set_BusB_To[3:0]
   286/829: $49\Set_Addr_To[2:0]
   287/829: $39\Inc_PC[0:0]
   288/829: $35\Write[0:0]
   289/829: $34\Write[0:0]
   290/829: $48\Set_Addr_To[2:0]
   291/829: $46\Set_BusB_To[3:0]
   292/829: $38\Inc_PC[0:0]
   293/829: $29\MCycles[2:0]
   294/829: $12\NoRead[0:0]
   295/829: $11\LDW[0:0]
   296/829: $25\LDZ[0:0]
   297/829: $15\Save_ALU[0:0]
   298/829: $12\ALU_Op[3:0]
   299/829: $50\Set_Addr_To[2:0]
   300/829: $27\Read_To_Reg[0:0]
   301/829: $12\Read_To_Acc[0:0]
   302/829: $8\Inc_WZ[0:0]
   303/829: $33\Write[0:0]
   304/829: $11\NoRead[0:0]
   305/829: $28\MCycles[2:0]
   306/829: $10\LDW[0:0]
   307/829: $24\LDZ[0:0]
   308/829: $47\Set_Addr_To[2:0]
   309/829: $14\Save_ALU[0:0]
   310/829: $11\ALU_Op[3:0]
   311/829: $30\Set_BusA_To[3:0]
   312/829: $45\Set_BusB_To[3:0]
   313/829: $26\Read_To_Reg[0:0]
   314/829: $11\Read_To_Acc[0:0]
   315/829: $7\Inc_WZ[0:0]
   316/829: $37\Inc_PC[0:0]
   317/829: $3\is_cc_true$func$/home/toshn/slacksmith_work/depth_tv80/run3/gates/O1/gate.v:3715$505.cc[2:0]$595
   318/829: $3\is_cc_true$func$/home/toshn/slacksmith_work/depth_tv80/run3/gates/O1/gate.v:3715$505.FF[7:0]$594
   319/829: $3\is_cc_true$func$/home/toshn/slacksmith_work/depth_tv80/run3/gates/O1/gate.v:3715$505.$result[0:0]$593
   320/829: $27\TStates[2:0]
   321/829: $11\Jump[0:0]
   322/829: $16\IncDec_16[3:0]
   323/829: $4\Prefix[1:0]
   324/829: $23\LDZ[0:0]
   325/829: $10\Jump[0:0]
   326/829: $15\IncDec_16[3:0]
   327/829: $3\Prefix[1:0]
   328/829: $26\TStates[2:0]
   329/829: $45\Set_Addr_To[2:0]
   330/829: $14\IncDec_16[3:0]
   331/829: $27\MCycles[2:0]
   332/829: $6\is_cc_true$func$/home/toshn/slacksmith_work/depth_tv80/run3/gates/O1/gate.v:3541$504.$result[0:0]$582
   333/829: $5\is_cc_true$func$/home/toshn/slacksmith_work/depth_tv80/run3/gates/O1/gate.v:3541$504.$result[0:0]$581
   334/829: $22\LDZ[0:0]
   335/829: $36\Inc_PC[0:0]
   336/829: $4\is_cc_true$func$/home/toshn/slacksmith_work/depth_tv80/run3/gates/O1/gate.v:3541$504.cc[2:0]$580
   337/829: $4\is_cc_true$func$/home/toshn/slacksmith_work/depth_tv80/run3/gates/O1/gate.v:3541$504.FF[7:0]$579
   338/829: $4\is_cc_true$func$/home/toshn/slacksmith_work/depth_tv80/run3/gates/O1/gate.v:3541$504.$result[0:0]$578
   339/829: $32\Write[0:0]
   340/829: $25\TStates[2:0]
   341/829: $26\MCycles[2:0]
   342/829: $9\LDW[0:0]
   343/829: $5\Call[0:0]
   344/829: $44\Set_Addr_To[2:0]
   345/829: $43\Set_BusB_To[3:0]
   346/829: $13\IncDec_16[3:0]
   347/829: $3\is_cc_true$func$/home/toshn/slacksmith_work/depth_tv80/run3/gates/O1/gate.v:3541$504.cc[2:0]$577
   348/829: $3\is_cc_true$func$/home/toshn/slacksmith_work/depth_tv80/run3/gates/O1/gate.v:3541$504.FF[7:0]$576
   349/829: $3\is_cc_true$func$/home/toshn/slacksmith_work/depth_tv80/run3/gates/O1/gate.v:3541$504.$result[0:0]$575
   350/829: $31\Write[0:0]
   351/829: $24\TStates[2:0]
   352/829: $25\MCycles[2:0]
   353/829: $8\LDW[0:0]
   354/829: $21\LDZ[0:0]
   355/829: $4\Call[0:0]
   356/829: $43\Set_Addr_To[2:0]
   357/829: $42\Set_BusB_To[3:0]
   358/829: $12\IncDec_16[3:0]
   359/829: $35\Inc_PC[0:0]
   360/829: $49\Set_BusB_To[3:0]
   361/829: $34\Inc_PC[0:0]
   362/829: $30\Write[0:0]
   363/829: $23\TStates[2:0]
   364/829: $7\LDW[0:0]
   365/829: $3\Call[0:0]
   366/829: $42\Set_Addr_To[2:0]
   367/829: $41\Set_BusB_To[3:0]
   368/829: $11\IncDec_16[3:0]
   369/829: $44\Set_BusB_To[3:0]
   370/829: $13\Save_ALU[0:0]
   371/829: $25\Read_To_Reg[0:0]
   372/829: $29\Set_BusA_To[2:0]
   373/829: $40\Set_BusB_To[3:0]
   374/829: $5\I_DJNZ[0:0]
   375/829: $22\TStates[2:0]
   376/829: $10\NoRead[0:0]
   377/829: $9\JumpE[0:0]
   378/829: $33\Inc_PC[0:0]
   379/829: $9\NoRead[0:0]
   380/829: $21\TStates[2:0]
   381/829: $4\I_DJNZ[0:0]
   382/829: $8\JumpE[0:0]
   383/829: $12\Save_ALU[0:0]
   384/829: $9\ALU_Op[3:0]
   385/829: $28\Set_BusA_To[2:0]
   386/829: $39\Set_BusB_To[3:0]
   387/829: $24\Read_To_Reg[0:0]
   388/829: $32\Inc_PC[0:0]
   389/829: $24\MCycles[2:0]
   390/829: $8\NoRead[0:0]
   391/829: $20\TStates[2:0]
   392/829: $23\MCycles[2:0]
   393/829: $3\I_DJNZ[0:0]
   394/829: $7\JumpE[0:0]
   395/829: $11\Save_ALU[0:0]
   396/829: $8\ALU_Op[3:0]
   397/829: $27\Set_BusA_To[2:0]
   398/829: $38\Set_BusB_To[3:0]
   399/829: $23\Read_To_Reg[0:0]
   400/829: $31\Inc_PC[0:0]
   401/829: $46\Set_Addr_To[2:0]
   402/829: $21\MCycles[2:0]
   403/829: $30\Inc_PC[0:0]
   404/829: $7\NoRead[0:0]
   405/829: $19\TStates[2:0]
   406/829: $6\JumpE[0:0]
   407/829: $6\NoRead[0:0]
   408/829: $18\TStates[2:0]
   409/829: $20\MCycles[2:0]
   410/829: $5\JumpE[0:0]
   411/829: $29\Inc_PC[0:0]
   412/829: $10\ALU_Op[3:0]
   413/829: $5\NoRead[0:0]
   414/829: $17\TStates[2:0]
   415/829: $4\JumpE[0:0]
   416/829: $4\NoRead[0:0]
   417/829: $16\TStates[2:0]
   418/829: $3\JumpE[0:0]
   419/829: $27\Inc_PC[0:0]
   420/829: $19\MCycles[2:0]
   421/829: $53\Set_Addr_To[2:0]
   422/829: $6\is_cc_true$func$/home/toshn/slacksmith_work/depth_tv80/run3/gates/O1/gate.v:3386$503.$result[0:0]$558
   423/829: $5\is_cc_true$func$/home/toshn/slacksmith_work/depth_tv80/run3/gates/O1/gate.v:3386$503.$result[0:0]$557
   424/829: $19\LDZ[0:0]
   425/829: $26\Inc_PC[0:0]
   426/829: $4\is_cc_true$func$/home/toshn/slacksmith_work/depth_tv80/run3/gates/O1/gate.v:3386$503.cc[2:0]$556
   427/829: $4\is_cc_true$func$/home/toshn/slacksmith_work/depth_tv80/run3/gates/O1/gate.v:3386$503.FF[7:0]$555
   428/829: $4\is_cc_true$func$/home/toshn/slacksmith_work/depth_tv80/run3/gates/O1/gate.v:3386$503.$result[0:0]$554
   429/829: $8\Jump[0:0]
   430/829: $18\LDZ[0:0]
   431/829: $25\Inc_PC[0:0]
   432/829: $41\Set_Addr_To[2:0]
   433/829: $10\Read_To_Acc[0:0]
   434/829: $40\Set_Addr_To[2:0]
   435/829: $6\IORQ[0:0]
   436/829: $9\Read_To_Acc[0:0]
   437/829: $17\LDZ[0:0]
   438/829: $24\Inc_PC[0:0]
   439/829: $29\Write[0:0]
   440/829: $39\Set_Addr_To[2:0]
   441/829: $37\Set_BusB_To[3:0]
   442/829: $36\Set_BusB_To[3:0]
   443/829: $38\Set_Addr_To[2:0]
   444/829: $28\Write[0:0]
   445/829: $5\IORQ[0:0]
   446/829: $27\Write[0:0]
   447/829: $4\IORQ[0:0]
   448/829: $37\Set_Addr_To[2:0]
   449/829: $35\Set_BusB_To[3:0]
   450/829: $18\MCycles[2:0]
   451/829: $16\LDZ[0:0]
   452/829: $8\Read_To_Acc[0:0]
   453/829: $23\Inc_PC[0:0]
   454/829: $26\Write[0:0]
   455/829: $3\IORQ[0:0]
   456/829: $17\MCycles[2:0]
   457/829: $15\LDZ[0:0]
   458/829: $36\Set_Addr_To[2:0]
   459/829: $34\Set_BusB_To[3:0]
   460/829: $7\Read_To_Acc[0:0]
   461/829: $22\Inc_PC[0:0]
   462/829: $3\is_cc_true$func$/home/toshn/slacksmith_work/depth_tv80/run3/gates/O1/gate.v:3386$503.cc[2:0]$553
   463/829: $3\is_cc_true$func$/home/toshn/slacksmith_work/depth_tv80/run3/gates/O1/gate.v:3386$503.FF[7:0]$552
   464/829: $3\is_cc_true$func$/home/toshn/slacksmith_work/depth_tv80/run3/gates/O1/gate.v:3386$503.$result[0:0]$551
   465/829: $7\Jump[0:0]
   466/829: $20\LDZ[0:0]
   467/829: $21\Inc_PC[0:0]
   468/829: $14\LDZ[0:0]
   469/829: $20\Inc_PC[0:0]
   470/829: $56\Set_Addr_To[2:0]
   471/829: $28\Inc_PC[0:0]
   472/829: $33\Set_BusB_To[3:0] [0]
   473/829: $33\Set_BusB_To[3:0] [2:1]
   474/829: $32\Set_BusB_To[3:0] [3]
   475/829: $32\Set_BusB_To[3:0] [0]
   476/829: $32\Set_BusB_To[3:0] [2:1]
   477/829: $3\Arith16[0:0]
   478/829: $15\TStates[2:0]
   479/829: $31\Set_BusB_To[3:0]
   480/829: $26\Set_BusA_To[2:0]
   481/829: $10\Save_ALU[0:0]
   482/829: $22\Read_To_Reg[0:0]
   483/829: $7\ALU_Op[3:0]
   484/829: $3\NoRead[0:0]
   485/829: $51\Set_BusB_To[3:0]
   486/829: $35\Set_Addr_To[2:0]
   487/829: $10\IncDec_16[3:0]
   488/829: $14\TStates[2:0]
   489/829: $13\LDZ[0:0]
   490/829: $25\Write[0:0]
   491/829: $5\Jump[0:0]
   492/829: $19\Inc_PC[0:0]
   493/829: $24\Write[0:0]
   494/829: $13\TStates[2:0]
   495/829: $12\LDZ[0:0]
   496/829: $4\Jump[0:0]
   497/829: $34\Set_Addr_To[2:0]
   498/829: $29\Set_BusB_To[3:0]
   499/829: $9\IncDec_16[3:0]
   500/829: $18\Inc_PC[0:0]
   501/829: $16\MCycles[2:0]
   502/829: $28\Set_BusB_To[3:0]
   503/829: $33\Set_Addr_To[2:0]
   504/829: $8\IncDec_16[3:0]
   505/829: $12\TStates[2:0]
   506/829: $23\Write[0:0]
   507/829: $22\Write[0:0]
   508/829: $11\TStates[2:0]
   509/829: $32\Set_Addr_To[2:0]
   510/829: $27\Set_BusB_To[3:0]
   511/829: $7\IncDec_16[3:0]
   512/829: $15\MCycles[2:0]
   513/829: $11\LDZ[0:0]
   514/829: $3\Jump[0:0]
   515/829: $17\Inc_PC[0:0]
   516/829: $6\Jump[0:0]
   517/829: $21\Write[0:0]
   518/829: $10\TStates[2:0]
   519/829: $6\PreserveC[0:0]
   520/829: $9\Save_ALU[0:0]
   521/829: $6\ALU_Op[3:0]
   522/829: $25\Set_BusA_To[2:0]
   523/829: $26\Set_BusB_To[3:0]
   524/829: $21\Read_To_Reg[0:0]
   525/829: $20\Write[0:0]
   526/829: $9\TStates[2:0]
   527/829: $30\Set_Addr_To[2:0]
   528/829: $5\PreserveC[0:0]
   529/829: $8\Save_ALU[0:0]
   530/829: $5\ALU_Op[3:0]
   531/829: $24\Set_BusA_To[2:0]
   532/829: $25\Set_BusB_To[3:0]
   533/829: $20\Read_To_Reg[0:0]
   534/829: $14\MCycles[2:0]
   535/829: $30\Set_BusB_To[3:0]
   536/829: $19\Write[0:0]
   537/829: $8\TStates[2:0]
   538/829: $4\PreserveC[0:0]
   539/829: $7\Save_ALU[0:0]
   540/829: $4\ALU_Op[3:0]
   541/829: $23\Set_BusA_To[2:0]
   542/829: $24\Set_BusB_To[3:0]
   543/829: $19\Read_To_Reg[0:0]
   544/829: $18\Write[0:0]
   545/829: $7\TStates[2:0]
   546/829: $28\Set_Addr_To[2:0]
   547/829: $3\PreserveC[0:0]
   548/829: $6\Save_ALU[0:0]
   549/829: $3\ALU_Op[3:0]
   550/829: $22\Set_BusA_To[2:0]
   551/829: $23\Set_BusB_To[3:0]
   552/829: $18\Read_To_Reg[0:0]
   553/829: $13\MCycles[2:0]
   554/829: $31\Set_Addr_To[2:0]
   555/829: $22\Set_BusB_To[2:0]
   556/829: $5\Save_ALU[0:0]
   557/829: $17\Read_To_Reg[0:0]
   558/829: $16\Inc_PC[0:0]
   559/829: $27\Set_Addr_To[2:0]
   560/829: $4\Save_ALU[0:0]
   561/829: $20\Set_BusA_To[2:0]
   562/829: $21\Set_BusB_To[2:0]
   563/829: $16\Read_To_Reg[0:0]
   564/829: $26\Set_Addr_To[2:0]
   565/829: $3\Save_ALU[0:0]
   566/829: $19\Set_BusA_To[2:0]
   567/829: $20\Set_BusB_To[2:0]
   568/829: $15\Read_To_Reg[0:0]
   569/829: $12\MCycles[2:0]
   570/829: $29\Set_Addr_To[2:0]
   571/829: $21\Set_BusA_To[2:0]
   572/829: $17\Write[0:0]
   573/829: $6\TStates[2:0]
   574/829: $18\Set_BusA_To[3:0]
   575/829: $19\Set_BusB_To[3:0]
   576/829: $14\Read_To_Reg[0:0]
   577/829: $6\IncDec_16[3:0]
   578/829: $16\Write[0:0]
   579/829: $5\TStates[2:0]
   580/829: $24\Set_Addr_To[2:0]
   581/829: $17\Set_BusA_To[3:0]
   582/829: $18\Set_BusB_To[3:0]
   583/829: $13\Read_To_Reg[0:0]
   584/829: $5\IncDec_16[3:0]
   585/829: $11\MCycles[2:0]
   586/829: $33\Set_BusB_To[3:0] [3]
   587/829: $3\ExchangeRS[0:0]
   588/829: $9\Jump[0:0]
   589/829: $3\ExchangeAF[0:0]
   590/829: $4\ExchangeRS[0:0]
   591/829: $4\ExchangeAF[0:0]
   592/829: $16\Set_BusA_To[3:0] [0]
   593/829: $16\Set_BusA_To[3:0] [3]
   594/829: $15\Set_BusA_To[3:0] [2:1]
   595/829: $15\Set_BusA_To[3:0] [0]
   596/829: $15\Set_BusA_To[3:0] [3]
   597/829: $23\Set_Addr_To[2:0]
   598/829: $14\Set_BusA_To[3:0]
   599/829: $12\Read_To_Reg[0:0]
   600/829: $4\IncDec_16[3:0]
   601/829: $3\ExchangeDH[0:0]
   602/829: $17\Set_BusB_To[3:0] [2:1]
   603/829: $17\Set_BusB_To[3:0] [0]
   604/829: $16\Set_BusB_To[3:0] [3]
   605/829: $16\Set_BusB_To[3:0] [2:1]
   606/829: $16\Set_BusB_To[3:0] [0]
   607/829: $15\Set_BusB_To[3:0]
   608/829: $22\Set_Addr_To[2:0]
   609/829: $3\IncDec_16[3:0]
   610/829: $4\TStates[2:0]
   611/829: $15\Write[0:0]
   612/829: $16\Set_BusA_To[3:0] [2:1]
   613/829: $15\Inc_PC[0:0]
   614/829: $14\Write[0:0]
   615/829: $6\LDW[0:0]
   616/829: $21\Set_Addr_To[2:0]
   617/829: $14\Set_BusB_To[3:0]
   618/829: $6\Inc_WZ[0:0]
   619/829: $13\Write[0:0]
   620/829: $5\LDW[0:0]
   621/829: $9\LDZ[0:0]
   622/829: $20\Set_Addr_To[2:0]
   623/829: $13\Set_BusB_To[3:0]
   624/829: $5\Inc_WZ[0:0]
   625/829: $14\Inc_PC[0:0]
   626/829: $10\MCycles[2:0]
   627/829: $17\Set_BusB_To[3:0] [3]
   628/829: $13\Inc_PC[0:0]
   629/829: $4\LDW[0:0]
   630/829: $19\Set_Addr_To[2:0]
   631/829: $13\Set_BusA_To[2:0]
   632/829: $11\Read_To_Reg[0:0]
   633/829: $4\Inc_WZ[0:0]
   634/829: $3\LDW[0:0]
   635/829: $7\LDZ[0:0]
   636/829: $18\Set_Addr_To[2:0]
   637/829: $12\Set_BusA_To[2:0]
   638/829: $10\Read_To_Reg[0:0]
   639/829: $3\Inc_WZ[0:0]
   640/829: $12\Inc_PC[0:0]
   641/829: $9\MCycles[2:0]
   642/829: $11\Set_BusA_To[3:0] [2:1]
   643/829: $11\Set_BusA_To[3:0] [0]
   644/829: $11\Set_BusA_To[3:0] [3]
   645/829: $10\Set_BusA_To[3:0] [2:1]
   646/829: $10\Set_BusA_To[3:0] [0]
   647/829: $10\Set_BusA_To[3:0] [3]
   648/829: $9\Set_BusA_To[3:0]
   649/829: $9\Read_To_Reg[0:0]
   650/829: $11\Inc_PC[0:0]
   651/829: $10\LDZ[0:0]
   652/829: $10\Inc_PC[0:0]
   653/829: $12\Write[0:0]
   654/829: $17\Set_Addr_To[2:0]
   655/829: $12\Set_BusB_To[3:0]
   656/829: $11\Write[0:0]
   657/829: $5\LDZ[0:0]
   658/829: $16\Set_Addr_To[2:0]
   659/829: $11\Set_BusB_To[3:0]
   660/829: $9\Inc_PC[0:0]
   661/829: $8\MCycles[2:0]
   662/829: $8\LDZ[0:0]
   663/829: $15\Set_Addr_To[2:0]
   664/829: $10\Write[0:0]
   665/829: $6\LDZ[0:0]
   666/829: $9\Set_BusB_To[3:0]
   667/829: $14\Set_Addr_To[2:0]
   668/829: $10\Set_BusB_To[3:0]
   669/829: $8\Inc_PC[0:0]
   670/829: $13\Set_Addr_To[2:0]
   671/829: $4\LDZ[0:0]
   672/829: $7\Inc_PC[0:0]
   673/829: $5\Read_To_Acc[0:0]
   674/829: $12\Set_Addr_To[2:0]
   675/829: $6\Inc_PC[0:0]
   676/829: $3\LDZ[0:0]
   677/829: $7\MCycles[2:0]
   678/829: $9\Write[0:0]
   679/829: $11\Set_Addr_To[2:0]
   680/829: $6\Read_To_Acc[0:0]
   681/829: $10\Set_Addr_To[2:0]
   682/829: $4\Read_To_Acc[0:0]
   683/829: $8\Set_BusA_To[2:0]
   684/829: $5\Inc_PC[0:0]
   685/829: $8\Write[0:0]
   686/829: $8\Set_BusB_To[3:0] [3]
   687/829: $8\Set_BusB_To[3:0] [2:0]
   688/829: $9\Set_Addr_To[2:0]
   689/829: $4\Inc_PC[0:0]
   690/829: $7\Write[0:0]
   691/829: $8\Set_Addr_To[2:0]
   692/829: $7\Set_BusB_To[3:0]
   693/829: $3\Inc_PC[0:0]
   694/829: $6\MCycles[2:0]
   695/829: $7\Set_BusA_To[2:0]
   696/829: $7\Read_To_Reg[0:0]
   697/829: $5\Set_BusB_To[3:0] [3]
   698/829: $5\Set_BusB_To[3:0] [2:0]
   699/829: $6\Set_BusB_To[3:0] [3]
   700/829: $6\Set_BusB_To[3:0] [2:0]
   701/829: $7\Set_Addr_To[2:0]
   702/829: $5\Write[0:0]
   703/829: $6\Set_Addr_To[2:0]
   704/829: $6\Write[0:0]
   705/829: $5\MCycles[2:0]
   706/829: $5\ExchangeRp[0:0]
   707/829: $6\Set_BusA_To[2:0]
   708/829: $6\Read_To_Reg[0:0]
   709/829: $5\Read_To_Reg[0:0]
   710/829: $5\Set_BusA_To[2:0]
   711/829: $5\Set_Addr_To[2:0]
   712/829: $4\Set_BusA_To[2:0]
   713/829: $4\Read_To_Reg[0:0]
   714/829: $4\Set_Addr_To[2:0]
   715/829: $4\MCycles[2:0]
   716/829: $4\Write[0:0]
   717/829: $4\ExchangeRp[0:0]
   718/829: $4\Set_BusB_To[3:0]
   719/829: $3\Halt[0:0]
   720/829: $3\Write[0:0]
   721/829: $3\MCycles[2:0]
   722/829: $3\ExchangeRp[0:0]
   723/829: $3\Set_Addr_To[2:0]
   724/829: $3\Set_BusA_To[2:0]
   725/829: $3\Set_BusB_To[3:0]
   726/829: $3\Read_To_Reg[0:0]
   727/829: $2\Write[0:0]
   728/829: $2\MCycles[2:0]
   729/829: $2\Halt[0:0]
   730/829: $2\ExchangeRp[0:0]
   731/829: $2\Set_Addr_To[2:0]
   732/829: $8\Read_To_Reg[0:0]
   733/829: $25\Set_Addr_To[2:0]
   734/829: $2\Read_To_Reg[0:0]
   735/829: $2\is_cc_true$func$/home/toshn/slacksmith_work/depth_tv80/run3/gates/O1/gate.v:3715$505.cc[2:0]$533
   736/829: $2\is_cc_true$func$/home/toshn/slacksmith_work/depth_tv80/run3/gates/O1/gate.v:3715$505.FF[7:0]$532
   737/829: $2\is_cc_true$func$/home/toshn/slacksmith_work/depth_tv80/run3/gates/O1/gate.v:3715$505.$result[0:0]$531
   738/829: $2\is_cc_true$func$/home/toshn/slacksmith_work/depth_tv80/run3/gates/O1/gate.v:3541$504.cc[2:0]$530
   739/829: $2\is_cc_true$func$/home/toshn/slacksmith_work/depth_tv80/run3/gates/O1/gate.v:3541$504.FF[7:0]$529
   740/829: $2\is_cc_true$func$/home/toshn/slacksmith_work/depth_tv80/run3/gates/O1/gate.v:3541$504.$result[0:0]$528
   741/829: $2\is_cc_true$func$/home/toshn/slacksmith_work/depth_tv80/run3/gates/O1/gate.v:3386$503.cc[2:0]$527
   742/829: $2\is_cc_true$func$/home/toshn/slacksmith_work/depth_tv80/run3/gates/O1/gate.v:3386$503.FF[7:0]$526
   743/829: $2\is_cc_true$func$/home/toshn/slacksmith_work/depth_tv80/run3/gates/O1/gate.v:3386$503.$result[0:0]$525
   744/829: $2\NoRead[0:0]
   745/829: $2\IORQ[0:0]
   746/829: $3\TStates[2:0]
   747/829: $2\SetEI[0:0]
   748/829: $2\SetDI[0:0]
   749/829: $2\I_SCF[0:0]
   750/829: $2\I_CCF[0:0]
   751/829: $2\I_CPL[0:0]
   752/829: $2\I_DJNZ[0:0]
   753/829: $2\ExchangeRS[0:0]
   754/829: $2\ExchangeAF[0:0]
   755/829: $2\ExchangeDH[0:0]
   756/829: $2\LDSPHL[0:0]
   757/829: $2\LDW[0:0]
   758/829: $2\LDZ[0:0]
   759/829: $2\RstP[0:0]
   760/829: $2\Call[0:0]
   761/829: $2\JumpXY[0:0]
   762/829: $2\JumpE[0:0]
   763/829: $2\Jump[0:0]
   764/829: $2\Arith16[0:0]
   765/829: $2\PreserveC[0:0]
   766/829: $2\Save_ALU[0:0]
   767/829: $2\ALU_Op[3:0]
   768/829: $3\Read_To_Acc[0:0]
   769/829: $2\Read_To_Acc[0:0]
   770/829: $2\Prefix[1:0]
   771/829: $22\MCycles[2:0]
   772/829: $2\Inc_WZ[0:0]
   773/829: $2\Inc_PC[0:0]
   774/829: $1\is_cc_true$func$/home/toshn/slacksmith_work/depth_tv80/run3/gates/O1/gate.v:3715$505.cc[2:0]$524
   775/829: $1\is_cc_true$func$/home/toshn/slacksmith_work/depth_tv80/run3/gates/O1/gate.v:3715$505.FF[7:0]$523
   776/829: $1\is_cc_true$func$/home/toshn/slacksmith_work/depth_tv80/run3/gates/O1/gate.v:3715$505.$result[0:0]$522
   777/829: $1\is_cc_true$func$/home/toshn/slacksmith_work/depth_tv80/run3/gates/O1/gate.v:3541$504.cc[2:0]$521
   778/829: $1\is_cc_true$func$/home/toshn/slacksmith_work/depth_tv80/run3/gates/O1/gate.v:3541$504.FF[7:0]$520
   779/829: $1\is_cc_true$func$/home/toshn/slacksmith_work/depth_tv80/run3/gates/O1/gate.v:3541$504.$result[0:0]$519
   780/829: $1\is_cc_true$func$/home/toshn/slacksmith_work/depth_tv80/run3/gates/O1/gate.v:3386$503.cc[2:0]$518
   781/829: $1\is_cc_true$func$/home/toshn/slacksmith_work/depth_tv80/run3/gates/O1/gate.v:3386$503.FF[7:0]$517
   782/829: $1\is_cc_true$func$/home/toshn/slacksmith_work/depth_tv80/run3/gates/O1/gate.v:3386$503.$result[0:0]$516
   783/829: $1\Write[0:0]
   784/829: $1\NoRead[0:0]
   785/829: $1\IORQ[0:0]
   786/829: $2\TStates[2:0]
   787/829: $1\MCycles[2:0]
   788/829: $1\Halt[0:0]
   789/829: $1\SetEI[0:0]
   790/829: $1\SetDI[0:0]
   791/829: $1\I_SCF[0:0]
   792/829: $1\I_CCF[0:0]
   793/829: $1\I_CPL[0:0]
   794/829: $1\I_DJNZ[0:0]
   795/829: $1\ExchangeRS[0:0]
   796/829: $1\ExchangeAF[0:0]
   797/829: $1\ExchangeRp[0:0]
   798/829: $1\ExchangeDH[0:0]
   799/829: $1\LDSPHL[0:0]
   800/829: $1\LDW[0:0]
   801/829: $1\LDZ[0:0]
   802/829: $1\RstP[0:0]
   803/829: $1\Call[0:0]
   804/829: $1\JumpXY[0:0]
   805/829: $1\JumpE[0:0]
   806/829: $1\Jump[0:0]
   807/829: $1\Set_Addr_To[2:0]
   808/829: $1\Arith16[0:0]
   809/829: $1\PreserveC[0:0]
   810/829: $1\Save_ALU[0:0]
   811/829: $1\ALU_Op[3:0]
   812/829: $1\Set_BusB_To[3:0] [2:0]
   813/829: $5\Prefix[1:0]
   814/829: $1\Read_To_Reg[0:0]
   815/829: $1\Read_To_Acc[0:0]
   816/829: $1\Prefix[1:0]
   817/829: $1\IncDec_16[3:0]
   818/829: $1\Inc_WZ[0:0]
   819/829: $1\Inc_PC[0:0]
   820/829: $1\IMode[1:0]
   821/829: $1\I_INRC[0:0]
   822/829: $1\I_RRD[0:0]
   823/829: $1\I_RLD[0:0]
   824/829: $1\I_BTR[0:0]
   825/829: $1\I_BC[0:0]
   826/829: $1\I_BT[0:0]
   827/829: $1\I_RETN[0:0]
   828/829: $1\Special_LD[2:0]
   829/829: $1\TStates[2:0]

3.2.8. Executing PROC_DLATCH pass (convert process syncs to latches).
No latch inferred for signal `\tv80_mcode_gate.\Inc_PC' from process `\tv80_mcode_gate.$proc$/home/toshn/slacksmith_work/depth_tv80/run3/gates/O1/gate.v:2299$506'.
No latch inferred for signal `\tv80_mcode_gate.\Inc_WZ' from process `\tv80_mcode_gate.$proc$/home/toshn/slacksmith_work/depth_tv80/run3/gates/O1/gate.v:2299$506'.
No latch inferred for signal `\tv80_mcode_gate.\IncDec_16' from process `\tv80_mcode_gate.$proc$/home/toshn/slacksmith_work/depth_tv80/run3/gates/O1/gate.v:2299$506'.
No latch inferred for signal `\tv80_mcode_gate.\Prefix' from process `\tv80_mcode_gate.$proc$/home/toshn/slacksmith_work/depth_tv80/run3/gates/O1/gate.v:2299$506'.
No latch inferred for signal `\tv80_mcode_gate.\Read_To_Acc' from process `\tv80_mcode_gate.$proc$/home/toshn/slacksmith_work/depth_tv80/run3/gates/O1/gate.v:2299$506'.
No latch inferred for signal `\tv80_mcode_gate.\Read_To_Reg' from process `\tv80_mcode_gate.$proc$/home/toshn/slacksmith_work/depth_tv80/run3/gates/O1/gate.v:2299$506'.
No latch inferred for signal `\tv80_mcode_gate.\Set_BusB_To' from process `\tv80_mcode_gate.$proc$/home/toshn/slacksmith_work/depth_tv80/run3/gates/O1/gate.v:2299$506'.
No latch inferred for signal `\tv80_mcode_gate.\Set_BusA_To' from process `\tv80_mcode_gate.$proc$/home/toshn/slacksmith_work/depth_tv80/run3/gates/O1/gate.v:2299$506'.
No latch inferred for signal `\tv80_mcode_gate.\ALU_Op' from process `\tv80_mcode_gate.$proc$/home/toshn/slacksmith_work/depth_tv80/run3/gates/O1/gate.v:2299$506'.
No latch inferred for signal `\tv80_mcode_gate.\Save_ALU' from process `\tv80_mcode_gate.$proc$/home/toshn/slacksmith_work/depth_tv80/run3/gates/O1/gate.v:2299$506'.
No latch inferred for signal `\tv80_mcode_gate.\PreserveC' from process `\tv80_mcode_gate.$proc$/home/toshn/slacksmith_work/depth_tv80/run3/gates/O1/gate.v:2299$506'.
No latch inferred for signal `\tv80_mcode_gate.\Arith16' from process `\tv80_mcode_gate.$proc$/home/toshn/slacksmith_work/depth_tv80/run3/gates/O1/gate.v:2299$506'.
No latch inferred for signal `\tv80_mcode_gate.\Set_Addr_To' from process `\tv80_mcode_gate.$proc$/home/toshn/slacksmith_work/depth_tv80/run3/gates/O1/gate.v:2299$506'.
No latch inferred for signal `\tv80_mcode_gate.\Jump' from process `\tv80_mcode_gate.$proc$/home/toshn/slacksmith_work/depth_tv80/run3/gates/O1/gate.v:2299$506'.
No latch inferred for signal `\tv80_mcode_gate.\JumpE' from process `\tv80_mcode_gate.$proc$/home/toshn/slacksmith_work/depth_tv80/run3/gates/O1/gate.v:2299$506'.
No latch inferred for signal `\tv80_mcode_gate.\JumpXY' from process `\tv80_mcode_gate.$proc$/home/toshn/slacksmith_work/depth_tv80/run3/gates/O1/gate.v:2299$506'.
No latch inferred for signal `\tv80_mcode_gate.\Call' from process `\tv80_mcode_gate.$proc$/home/toshn/slacksmith_work/depth_tv80/run3/gates/O1/gate.v:2299$506'.
No latch inferred for signal `\tv80_mcode_gate.\RstP' from process `\tv80_mcode_gate.$proc$/home/toshn/slacksmith_work/depth_tv80/run3/gates/O1/gate.v:2299$506'.
No latch inferred for signal `\tv80_mcode_gate.\LDZ' from process `\tv80_mcode_gate.$proc$/home/toshn/slacksmith_work/depth_tv80/run3/gates/O1/gate.v:2299$506'.
No latch inferred for signal `\tv80_mcode_gate.\LDW' from process `\tv80_mcode_gate.$proc$/home/toshn/slacksmith_work/depth_tv80/run3/gates/O1/gate.v:2299$506'.
No latch inferred for signal `\tv80_mcode_gate.\LDSPHL' from process `\tv80_mcode_gate.$proc$/home/toshn/slacksmith_work/depth_tv80/run3/gates/O1/gate.v:2299$506'.
No latch inferred for signal `\tv80_mcode_gate.\Special_LD' from process `\tv80_mcode_gate.$proc$/home/toshn/slacksmith_work/depth_tv80/run3/gates/O1/gate.v:2299$506'.
No latch inferred for signal `\tv80_mcode_gate.\ExchangeDH' from process `\tv80_mcode_gate.$proc$/home/toshn/slacksmith_work/depth_tv80/run3/gates/O1/gate.v:2299$506'.
No latch inferred for signal `\tv80_mcode_gate.\ExchangeRp' from process `\tv80_mcode_gate.$proc$/home/toshn/slacksmith_work/depth_tv80/run3/gates/O1/gate.v:2299$506'.
No latch inferred for signal `\tv80_mcode_gate.\ExchangeAF' from process `\tv80_mcode_gate.$proc$/home/toshn/slacksmith_work/depth_tv80/run3/gates/O1/gate.v:2299$506'.
No latch inferred for signal `\tv80_mcode_gate.\ExchangeRS' from process `\tv80_mcode_gate.$proc$/home/toshn/slacksmith_work/depth_tv80/run3/gates/O1/gate.v:2299$506'.
No latch inferred for signal `\tv80_mcode_gate.\I_DJNZ' from process `\tv80_mcode_gate.$proc$/home/toshn/slacksmith_work/depth_tv80/run3/gates/O1/gate.v:2299$506'.
No latch inferred for signal `\tv80_mcode_gate.\I_CPL' from process `\tv80_mcode_gate.$proc$/home/toshn/slacksmith_work/depth_tv80/run3/gates/O1/gate.v:2299$506'.
No latch inferred for signal `\tv80_mcode_gate.\I_CCF' from process `\tv80_mcode_gate.$proc$/home/toshn/slacksmith_work/depth_tv80/run3/gates/O1/gate.v:2299$506'.
No latch inferred for signal `\tv80_mcode_gate.\I_SCF' from process `\tv80_mcode_gate.$proc$/home/toshn/slacksmith_work/depth_tv80/run3/gates/O1/gate.v:2299$506'.
No latch inferred for signal `\tv80_mcode_gate.\I_RETN' from process `\tv80_mcode_gate.$proc$/home/toshn/slacksmith_work/depth_tv80/run3/gates/O1/gate.v:2299$506'.
No latch inferred for signal `\tv80_mcode_gate.\I_BT' from process `\tv80_mcode_gate.$proc$/home/toshn/slacksmith_work/depth_tv80/run3/gates/O1/gate.v:2299$506'.
No latch inferred for signal `\tv80_mcode_gate.\I_BC' from process `\tv80_mcode_gate.$proc$/home/toshn/slacksmith_work/depth_tv80/run3/gates/O1/gate.v:2299$506'.
No latch inferred for signal `\tv80_mcode_gate.\I_BTR' from process `\tv80_mcode_gate.$proc$/home/toshn/slacksmith_work/depth_tv80/run3/gates/O1/gate.v:2299$506'.
No latch inferred for signal `\tv80_mcode_gate.\I_RLD' from process `\tv80_mcode_gate.$proc$/home/toshn/slacksmith_work/depth_tv80/run3/gates/O1/gate.v:2299$506'.
No latch inferred for signal `\tv80_mcode_gate.\I_RRD' from process `\tv80_mcode_gate.$proc$/home/toshn/slacksmith_work/depth_tv80/run3/gates/O1/gate.v:2299$506'.
No latch inferred for signal `\tv80_mcode_gate.\I_INRC' from process `\tv80_mcode_gate.$proc$/home/toshn/slacksmith_work/depth_tv80/run3/gates/O1/gate.v:2299$506'.
No latch inferred for signal `\tv80_mcode_gate.\SetDI' from process `\tv80_mcode_gate.$proc$/home/toshn/slacksmith_work/depth_tv80/run3/gates/O1/gate.v:2299$506'.
No latch inferred for signal `\tv80_mcode_gate.\SetEI' from process `\tv80_mcode_gate.$proc$/home/toshn/slacksmith_work/depth_tv80/run3/gates/O1/gate.v:2299$506'.
No latch inferred for signal `\tv80_mcode_gate.\IMode' from process `\tv80_mcode_gate.$proc$/home/toshn/slacksmith_work/depth_tv80/run3/gates/O1/gate.v:2299$506'.
No latch inferred for signal `\tv80_mcode_gate.\Halt' from process `\tv80_mcode_gate.$proc$/home/toshn/slacksmith_work/depth_tv80/run3/gates/O1/gate.v:2299$506'.
No latch inferred for signal `\tv80_mcode_gate.\MCycles' from process `\tv80_mcode_gate.$proc$/home/toshn/slacksmith_work/depth_tv80/run3/gates/O1/gate.v:2299$506'.
No latch inferred for signal `\tv80_mcode_gate.\TStates' from process `\tv80_mcode_gate.$proc$/home/toshn/slacksmith_work/depth_tv80/run3/gates/O1/gate.v:2299$506'.
No latch inferred for signal `\tv80_mcode_gate.\IORQ' from process `\tv80_mcode_gate.$proc$/home/toshn/slacksmith_work/depth_tv80/run3/gates/O1/gate.v:2299$506'.
No latch inferred for signal `\tv80_mcode_gate.\NoRead' from process `\tv80_mcode_gate.$proc$/home/toshn/slacksmith_work/depth_tv80/run3/gates/O1/gate.v:2299$506'.
No latch inferred for signal `\tv80_mcode_gate.\Write' from process `\tv80_mcode_gate.$proc$/home/toshn/slacksmith_work/depth_tv80/run3/gates/O1/gate.v:2299$506'.
No latch inferred for signal `\tv80_mcode_gate.\DDD' from process `\tv80_mcode_gate.$proc$/home/toshn/slacksmith_work/depth_tv80/run3/gates/O1/gate.v:2299$506'.
No latch inferred for signal `\tv80_mcode_gate.\SSS' from process `\tv80_mcode_gate.$proc$/home/toshn/slacksmith_work/depth_tv80/run3/gates/O1/gate.v:2299$506'.
No latch inferred for signal `\tv80_mcode_gate.\DPAIR' from process `\tv80_mcode_gate.$proc$/home/toshn/slacksmith_work/depth_tv80/run3/gates/O1/gate.v:2299$506'.

3.2.9. Executing PROC_DFF pass (convert process syncs to FFs).

3.2.10. Executing PROC_MEMWR pass (convert process memory writes to cells).

3.2.11. Executing PROC_CLEAN pass (remove empty switches from decision trees).
Found and cleaned up 132 empty switches in `\tv80_mcode_gate.$proc$/home/toshn/slacksmith_work/depth_tv80/run3/gates/O1/gate.v:2299$506'.
Removing empty process `tv80_mcode_gate.$proc$/home/toshn/slacksmith_work/depth_tv80/run3/gates/O1/gate.v:2299$506'.
Cleaned up 132 empty switches.

3.2.12. Executing OPT_EXPR pass (perform const folding).
Optimizing module tv80_mcode_gate.
<suppressed ~2108 debug messages>

3.3. Executing OPT_EXPR pass (perform const folding).
Optimizing module tv80_mcode_gate.

3.4. Executing OPT_CLEAN pass (remove unused cells and wires).
Finding unused cells or wires in module \tv80_mcode_gate..
Removed 1531 unused cells and 3549 unused wires.
<suppressed ~1532 debug messages>

3.5. Executing CHECK pass (checking for obvious problems).
Checking module tv80_mcode_gate...
Found and reported 0 problems.

3.6. Executing OPT pass (performing simple optimizations).

3.6.1. Executing OPT_EXPR pass (perform const folding).
Optimizing module tv80_mcode_gate.

3.6.2. Executing OPT_MERGE pass (detect identical cells).
Finding identical cells in module `\tv80_mcode_gate'.
Computing hashes of 11462 cells of `\tv80_mcode_gate'.
Finding duplicate cells in `\tv80_mcode_gate'.
Computing hashes of 3328 cells of `\tv80_mcode_gate'.
Finding duplicate cells in `\tv80_mcode_gate'.
Computing hashes of 2777 cells of `\tv80_mcode_gate'.
Finding duplicate cells in `\tv80_mcode_gate'.
<suppressed ~26055 debug messages>
Removed a total of 8685 cells.

3.6.3. Executing OPT_MUXTREE pass (detect dead branches in mux trees).
Running muxtree optimizer on module \tv80_mcode_gate..
  Creating internal representation of mux trees.
  Evaluating internal representation of mux trees.
  Analyzing evaluation results.
    dead port 2/2 on $mux $procmux$10427.
    dead port 2/2 on $mux $procmux$16782.
    dead port 2/2 on $mux $procmux$10425.
    dead port 2/2 on $mux $procmux$23169.
    dead port 2/2 on $mux $procmux$22040.
    dead port 2/2 on $mux $procmux$17438.
    dead port 2/2 on $mux $procmux$16739.
    dead port 2/2 on $mux $procmux$10397.
    dead port 2/2 on $mux $procmux$20895.
    dead port 2/2 on $mux $procmux$10395.
    dead port 2/2 on $mux $procmux$16737.
    dead port 2/2 on $mux $procmux$16694.
    dead port 2/2 on $mux $procmux$10367.
    dead port 2/2 on $mux $procmux$21711.
    dead port 1/2 on $mux $procmux$20893.
    dead port 2/2 on $mux $procmux$10365.
    dead port 2/2 on $mux $procmux$16692.
    dead port 2/2 on $mux $procmux$6592.
    dead port 2/2 on $mux $procmux$16649.
    dead port 2/2 on $mux $procmux$10337.
    dead port 1/3 on $pmux $procmux$4104.
    dead port 2/3 on $pmux $procmux$4104.
    dead port 2/2 on $mux $procmux$20837.
    dead port 2/2 on $mux $procmux$4101.
    dead port 2/2 on $mux $procmux$11822.
    dead port 2/2 on $mux $procmux$10335.
    dead port 2/2 on $mux $procmux$16647.
    dead port 2/2 on $mux $procmux$6590.
    dead port 1/2 on $mux $procmux$4099.
    dead port 1/2 on $mux $procmux$22038.
    dead port 2/2 on $mux $procmux$4097.
    dead port 2/2 on $mux $procmux$16604.
    dead port 2/2 on $mux $procmux$10307.
    dead port 2/2 on $mux $procmux$20835.
    dead port 2/2 on $mux $procmux$10305.
    dead port 1/3 on $pmux $procmux$4082.
    dead port 2/3 on $pmux $procmux$4082.
    dead port 2/2 on $mux $procmux$16602.
    dead port 2/2 on $mux $procmux$4079.
    dead port 2/2 on $mux $procmux$6667.
    dead port 2/2 on $mux $procmux$17436.
    dead port 1/2 on $mux $procmux$4077.
    dead port 1/2 on $mux $procmux$4075.
    dead port 2/2 on $mux $procmux$10277.
    dead port 2/2 on $mux $procmux$4073.
    dead port 1/2 on $mux $procmux$20833.
    dead port 2/2 on $mux $procmux$10275.
    dead port 1/3 on $pmux $procmux$4049.
    dead port 2/3 on $pmux $procmux$4049.
    dead port 2/2 on $mux $procmux$11820.
    dead port 2/2 on $mux $procmux$12192.
    dead port 2/2 on $mux $procmux$20830.
    dead port 2/2 on $mux $procmux$10248.
    dead port 2/2 on $mux $procmux$11818.
    dead port 2/2 on $mux $procmux$10246.
    dead port 2/2 on $mux $procmux$16551.
    dead port 2/2 on $mux $procmux$20774.
    dead port 2/2 on $mux $procmux$10218.
    dead port 2/2 on $mux $procmux$16549.
    dead port 2/2 on $mux $procmux$10216.
    dead port 2/2 on $mux $procmux$21983.
    dead port 2/2 on $mux $procmux$10214.
    dead port 2/2 on $mux $procmux$4361.
    dead port 2/2 on $mux $procmux$20772.
    dead port 2/2 on $mux $procmux$22737.
    dead port 2/2 on $mux $procmux$10186.
    dead port 2/2 on $mux $procmux$10184.
    dead port 2/2 on $mux $procmux$4359.
    dead port 1/2 on $mux $procmux$20770.
    dead port 2/2 on $mux $procmux$10182.
    dead port 2/2 on $mux $procmux$20767.
    dead port 2/2 on $mux $procmux$16497.
    dead port 1/3 on $pmux $procmux$4034.
    dead port 2/3 on $pmux $procmux$4034.
    dead port 2/2 on $mux $procmux$10154.
    dead port 2/2 on $mux $procmux$21542.
    dead port 2/2 on $mux $procmux$16495.
    dead port 2/2 on $mux $procmux$11780.
    dead port 2/2 on $mux $procmux$10152.
    dead port 2/2 on $mux $procmux$20711.
    dead port 2/2 on $mux $procmux$6577.
    dead port 2/2 on $mux $procmux$10150.
    dead port 2/2 on $mux $procmux$6575.
    dead port 2/2 on $mux $procmux$20709.
    dead port 2/2 on $mux $procmux$10122.
    dead port 2/2 on $mux $procmux$6665.
    dead port 2/2 on $mux $procmux$11778.
    dead port 2/2 on $mux $procmux$10120.
    dead port 2/2 on $mux $procmux$23223.
    dead port 2/2 on $mux $procmux$21540.
    dead port 1/2 on $mux $procmux$10118.
    dead port 2/2 on $mux $procmux$11776.
    dead port 2/2 on $mux $procmux$10116.
    dead port 1/2 on $mux $procmux$20707.
    dead port 2/2 on $mux $procmux$4348.
    dead port 2/2 on $mux $procmux$16443.
    dead port 2/2 on $mux $procmux$20704.
    dead port 2/2 on $mux $procmux$16441.
    dead port 2/2 on $mux $procmux$10089.
    dead port 1/3 on $pmux $procmux$4020.
    dead port 2/3 on $pmux $procmux$4020.
    dead port 2/2 on $mux $procmux$4346.
    dead port 2/2 on $mux $procmux$10087.
    dead port 1/2 on $mux $procmux$10085.
    dead port 2/2 on $mux $procmux$10083.
    dead port 1/3 on $pmux $procmux$4000.
    dead port 2/3 on $pmux $procmux$4000.
    dead port 2/2 on $mux $procmux$20648.
    dead port 2/2 on $mux $procmux$11738.
    dead port 2/2 on $mux $procmux$6562.
    dead port 2/2 on $mux $procmux$11736.
    dead port 2/2 on $mux $procmux$23980.
    dead port 2/2 on $mux $procmux$10056.
    dead port 2/2 on $mux $procmux$6560.
    dead port 2/2 on $mux $procmux$10054.
    dead port 2/2 on $mux $procmux$16390.
    dead port 2/2 on $mux $procmux$12158.
    dead port 2/2 on $mux $procmux$24383.
    dead port 2/2 on $mux $procmux$10033.
    dead port 2/2 on $mux $procmux$20646.
    dead port 2/2 on $mux $procmux$10031.
    dead port 2/2 on $mux $procmux$16388.
    dead port 2/2 on $mux $procmux$24385.
    dead port 2/2 on $mux $procmux$10019.
    dead port 2/2 on $mux $procmux$10017.
    dead port 2/2 on $mux $procmux$11734.
    dead port 2/2 on $mux $procmux$9995.
    dead port 2/2 on $mux $procmux$9993.
    dead port 1/2 on $mux $procmux$20644.
    dead port 2/2 on $mux $procmux$9971.
    dead port 2/2 on $mux $procmux$16338.
    dead port 2/2 on $mux $procmux$9969.
    dead port 1/2 on $mux $procmux$20641.
    dead port 2/2 on $mux $procmux$9947.
    dead port 2/2 on $mux $procmux$16336.
    dead port 2/2 on $mux $procmux$17387.
    dead port 2/2 on $mux $procmux$4335.
    dead port 2/2 on $mux $procmux$9945.
    dead port 2/2 on $mux $procmux$9926.
    dead port 2/2 on $mux $procmux$20585.
    dead port 2/2 on $mux $procmux$9924.
    dead port 2/2 on $mux $procmux$4333.
    dead port 1/3 on $pmux $procmux$3983.
    dead port 2/3 on $pmux $procmux$3983.
    dead port 2/2 on $mux $procmux$16286.
    dead port 2/2 on $mux $procmux$16284.
    dead port 2/2 on $mux $procmux$20583.
    dead port 2/2 on $mux $procmux$11696.
    dead port 1/2 on $mux $procmux$16282.
    dead port 2/2 on $mux $procmux$17385.
    dead port 2/2 on $mux $procmux$16280.
    dead port 1/3 on $pmux $procmux$3972.
    dead port 2/3 on $pmux $procmux$3972.
    dead port 2/2 on $mux $procmux$11694.
    dead port 2/2 on $mux $procmux$16235.
    dead port 1/2 on $mux $procmux$20581.
    dead port 2/2 on $mux $procmux$16233.
    dead port 2/2 on $mux $procmux$6547.
    dead port 2/2 on $mux $procmux$12156.
    dead port 1/2 on $mux $procmux$20578.
    dead port 2/2 on $mux $procmux$9834.
    dead port 2/2 on $mux $procmux$16191.
    dead port 2/2 on $mux $procmux$6545.
    dead port 2/2 on $mux $procmux$9832.
    dead port 2/2 on $mux $procmux$9811.
    dead port 2/2 on $mux $procmux$16189.
    dead port 2/2 on $mux $procmux$9809.
    dead port 2/2 on $mux $procmux$23655.
    dead port 2/2 on $mux $procmux$20522.
    dead port 1/3 on $pmux $procmux$3959.
    dead port 2/3 on $pmux $procmux$3959.
    dead port 2/2 on $mux $procmux$16147.
    dead port 2/2 on $mux $procmux$9788.
    dead port 2/2 on $mux $procmux$11692.
    dead port 2/2 on $mux $procmux$9786.
    dead port 2/2 on $mux $procmux$16145.
    dead port 2/2 on $mux $procmux$20520.
    dead port 2/2 on $mux $procmux$23277.
    dead port 2/2 on $mux $procmux$9765.
    dead port 2/2 on $mux $procmux$16103.
    dead port 1/3 on $pmux $procmux$3936.
    dead port 2/3 on $pmux $procmux$3936.
    dead port 2/2 on $mux $procmux$9763.
    dead port 2/2 on $mux $procmux$21485.
    dead port 2/2 on $mux $procmux$16101.
    dead port 2/2 on $mux $procmux$4322.
    dead port 2/2 on $mux $procmux$9742.
    dead port 1/2 on $mux $procmux$20518.
    dead port 2/2 on $mux $procmux$9740.
    dead port 2/2 on $mux $procmux$16059.
    dead port 1/3 on $pmux $procmux$3925.
    dead port 2/3 on $pmux $procmux$3925.
    dead port 1/2 on $mux $procmux$20515.
    dead port 2/2 on $mux $procmux$9719.
    dead port 2/2 on $mux $procmux$16057.
    dead port 2/2 on $mux $procmux$9717.
    dead port 2/2 on $mux $procmux$16015.
    dead port 1/3 on $pmux $procmux$3904.
    dead port 2/3 on $pmux $procmux$3904.
    dead port 2/2 on $mux $procmux$9696.
    dead port 2/2 on $mux $procmux$4320.
    dead port 2/2 on $mux $procmux$20459.
    dead port 2/2 on $mux $procmux$9694.
    dead port 1/3 on $pmux $procmux$3884.
    dead port 2/3 on $pmux $procmux$3884.
    dead port 2/2 on $mux $procmux$16013.
    dead port 2/2 on $mux $procmux$11654.
    dead port 2/2 on $mux $procmux$9673.
    dead port 2/2 on $mux $procmux$15971.
    dead port 2/2 on $mux $procmux$9671.
    dead port 2/2 on $mux $procmux$21483.
    dead port 2/2 on $mux $procmux$20457.
    dead port 2/2 on $mux $procmux$4656.
    dead port 2/2 on $mux $procmux$15969.
    dead port 2/2 on $mux $procmux$11652.
    dead port 2/2 on $mux $procmux$22683.
    dead port 1/3 on $pmux $procmux$3876.
    dead port 2/3 on $pmux $procmux$3876.
    dead port 2/2 on $mux $procmux$15927.
    dead port 1/2 on $mux $procmux$20455.
    dead port 2/2 on $mux $procmux$15925.
    dead port 1/3 on $pmux $procmux$3863.
    dead port 2/3 on $pmux $procmux$3863.
    dead port 1/2 on $mux $procmux$20452.
    dead port 1/3 on $pmux $procmux$3851.
    dead port 2/3 on $pmux $procmux$3851.
    dead port 2/2 on $mux $procmux$15883.
    dead port 2/2 on $mux $procmux$6532.
    dead port 2/2 on $mux $procmux$15881.
    dead port 2/2 on $mux $procmux$20396.
    dead port 2/2 on $mux $procmux$11650.
    dead port 2/2 on $mux $procmux$20394.
    dead port 2/2 on $mux $procmux$22899.
    dead port 1/3 on $pmux $procmux$3841.
    dead port 2/3 on $pmux $procmux$3841.
    dead port 2/2 on $mux $procmux$6530.
    dead port 2/2 on $mux $procmux$15831.
    dead port 2/2 on $mux $procmux$12122.
    dead port 1/2 on $mux $procmux$20392.
    dead port 2/2 on $mux $procmux$15829.
    dead port 2/2 on $mux $procmux$24113.
    dead port 1/2 on $mux $procmux$20389.
    dead port 1/3 on $pmux $procmux$3823.
    dead port 2/3 on $pmux $procmux$3823.
    dead port 2/2 on $mux $procmux$20386.
    dead port 2/2 on $mux $procmux$20330.
    dead port 2/2 on $mux $procmux$15779.
    dead port 2/2 on $mux $procmux$24115.
    dead port 2/2 on $mux $procmux$15777.
    dead port 2/2 on $mux $procmux$4309.
    dead port 2/2 on $mux $procmux$20328.
    dead port 2/2 on $mux $procmux$4307.
    dead port 2/2 on $mux $procmux$15727.
    dead port 1/2 on $mux $procmux$20326.
    dead port 2/2 on $mux $procmux$15725.
    dead port 1/2 on $mux $procmux$20323.
    dead port 2/2 on $mux $procmux$20267.
    dead port 2/2 on $mux $procmux$11612.
    dead port 2/2 on $mux $procmux$15676.
    dead port 2/2 on $mux $procmux$11610.
    dead port 2/2 on $mux $procmux$12120.
    dead port 2/2 on $mux $procmux$15674.
    dead port 2/2 on $mux $procmux$20265.
    dead port 2/2 on $mux $procmux$11608.
    dead port 2/2 on $mux $procmux$6517.
    dead port 1/2 on $mux $procmux$20263.
    dead port 1/2 on $mux $procmux$20260.
    dead port 2/2 on $mux $procmux$15623.
    dead port 2/2 on $mux $procmux$20204.
    dead port 2/2 on $mux $procmux$15621.
    dead port 2/2 on $mux $procmux$6515.
    dead port 2/2 on $mux $procmux$23331.
    dead port 2/2 on $mux $procmux$20202.
    dead port 2/2 on $mux $procmux$15572.
    dead port 2/2 on $mux $procmux$17336.
    dead port 2/2 on $mux $procmux$15570.
    dead port 1/2 on $mux $procmux$20200.
    dead port 1/2 on $mux $procmux$15568.
    dead port 1/3 on $pmux $procmux$3804.
    dead port 2/3 on $pmux $procmux$3804.
    dead port 1/2 on $mux $procmux$20197.
    dead port 1/2 on $mux $procmux$15566.
    dead port 2/2 on $mux $procmux$20194.
    dead port 2/2 on $mux $procmux$15564.
    dead port 2/2 on $mux $procmux$15521.
    dead port 2/2 on $mux $procmux$20138.
    dead port 2/2 on $mux $procmux$4295.
    dead port 2/2 on $mux $procmux$21428.
    dead port 2/2 on $mux $procmux$15519.
    dead port 2/2 on $mux $procmux$4293.
    dead port 2/2 on $mux $procmux$20136.
    dead port 2/2 on $mux $procmux$15472.
    dead port 2/2 on $mux $procmux$23493.
    dead port 1/2 on $mux $procmux$20134.
    dead port 2/2 on $mux $procmux$15470.
    dead port 2/2 on $mux $procmux$11569.
    dead port 1/2 on $mux $procmux$20131.
    dead port 2/2 on $mux $procmux$20128.
    dead port 2/2 on $mux $procmux$15425.
    dead port 1/3 on $pmux $procmux$3794.
    dead port 2/3 on $pmux $procmux$3794.
    dead port 2/2 on $mux $procmux$15423.
    dead port 2/2 on $mux $procmux$17334.
    dead port 2/2 on $mux $procmux$11567.
    dead port 2/2 on $mux $procmux$12086.
    dead port 2/2 on $mux $procmux$20072.
    dead port 2/2 on $mux $procmux$6502.
    dead port 2/2 on $mux $procmux$20070.
    dead port 2/2 on $mux $procmux$15377.
    dead port 2/2 on $mux $procmux$6500.
    dead port 2/2 on $mux $procmux$15375.
    dead port 2/2 on $mux $procmux$21656.
    dead port 1/2 on $mux $procmux$20068.
    dead port 2/2 on $mux $procmux$11545.
    dead port 1/2 on $mux $procmux$20065.
    dead port 2/2 on $mux $procmux$24169.
    dead port 2/2 on $mux $procmux$20062.
    dead port 2/2 on $mux $procmux$15329.
    dead port 2/2 on $mux $procmux$20007.
    dead port 2/2 on $mux $procmux$12084.
    dead port 2/2 on $mux $procmux$4282.
    dead port 2/2 on $mux $procmux$15327.
    dead port 2/2 on $mux $procmux$11543.
    dead port 1/3 on $pmux $procmux$3781.
    dead port 2/3 on $pmux $procmux$3781.
    dead port 2/2 on $mux $procmux$4280.
    dead port 2/2 on $mux $procmux$20005.
    dead port 2/2 on $mux $procmux$15281.
    dead port 1/2 on $mux $procmux$20003.
    dead port 2/2 on $mux $procmux$15279.
    dead port 1/2 on $mux $procmux$20000.
    dead port 2/2 on $mux $procmux$15277.
    dead port 2/2 on $mux $procmux$21426.
    dead port 2/2 on $mux $procmux$15231.
    dead port 2/2 on $mux $procmux$19944.
    dead port 2/2 on $mux $procmux$15229.
    dead port 2/2 on $mux $procmux$22953.
    dead port 2/2 on $mux $procmux$15227.
    dead port 2/2 on $mux $procmux$19942.
    dead port 2/2 on $mux $procmux$11514.
    dead port 2/2 on $mux $procmux$15181.
    dead port 2/2 on $mux $procmux$11512.
    dead port 2/2 on $mux $procmux$15179.
    dead port 1/2 on $mux $procmux$19940.
    dead port 2/2 on $mux $procmux$15177.
    dead port 1/2 on $mux $procmux$19937.
    dead port 2/2 on $mux $procmux$15132.
    dead port 1/3 on $pmux $procmux$3768.
    dead port 2/3 on $pmux $procmux$3768.
    dead port 2/2 on $mux $procmux$15130.
    dead port 2/2 on $mux $procmux$19881.
    dead port 1/2 on $mux $procmux$15128.
    dead port 2/2 on $mux $procmux$6487.
    dead port 1/3 on $pmux $procmux$3741.
    dead port 2/3 on $pmux $procmux$3741.
    dead port 2/2 on $mux $procmux$15126.
    dead port 2/2 on $mux $procmux$19879.
    dead port 2/2 on $mux $procmux$15082.
    dead port 2/2 on $mux $procmux$6485.
    dead port 2/2 on $mux $procmux$15080.
    dead port 1/2 on $mux $procmux$15078.
    dead port 2/2 on $mux $procmux$19825.
    dead port 2/2 on $mux $procmux$15076.
    dead port 2/2 on $mux $procmux$23385.
    dead port 2/2 on $mux $procmux$4372.
    dead port 2/2 on $mux $procmux$11483.
    dead port 2/2 on $mux $procmux$11481.
    dead port 2/2 on $mux $procmux$15031.
    dead port 2/2 on $mux $procmux$21371.
    dead port 2/2 on $mux $procmux$19823.
    dead port 2/2 on $mux $procmux$15029.
    dead port 2/2 on $mux $procmux$21875.
    dead port 2/2 on $mux $procmux$14991.
    dead port 2/2 on $mux $procmux$11452.
    dead port 2/2 on $mux $procmux$14989.
    dead port 2/2 on $mux $procmux$4680.
    dead port 2/2 on $mux $procmux$19769.
    dead port 2/2 on $mux $procmux$22143.
    dead port 1/3 on $pmux $procmux$3723.
    dead port 2/3 on $pmux $procmux$3723.
    dead port 2/2 on $mux $procmux$19767.
    dead port 2/2 on $mux $procmux$3720.
    dead port 2/2 on $mux $procmux$11450.
    dead port 2/2 on $mux $procmux$17541.
    dead port 2/2 on $mux $procmux$14943.
    dead port 2/2 on $mux $procmux$14941.
    dead port 1/3 on $pmux $procmux$3692.
    dead port 2/3 on $pmux $procmux$3692.
    dead port 2/2 on $mux $procmux$19713.
    dead port 2/2 on $mux $procmux$3689.
    dead port 2/2 on $mux $procmux$6472.
    dead port 2/2 on $mux $procmux$19711.
    dead port 2/2 on $mux $procmux$14895.
    dead port 1/3 on $pmux $procmux$3660.
    dead port 2/3 on $pmux $procmux$3660.
    dead port 2/2 on $mux $procmux$23547.
    dead port 2/2 on $mux $procmux$3657.
    dead port 2/2 on $mux $procmux$6470.
    dead port 2/2 on $mux $procmux$14893.
    dead port 2/2 on $mux $procmux$19657.
    dead port 2/2 on $mux $procmux$19655.
    dead port 1/3 on $pmux $procmux$3628.
    dead port 2/3 on $pmux $procmux$3628.
    dead port 2/2 on $mux $procmux$14847.
    dead port 2/2 on $mux $procmux$3625.
    dead port 2/2 on $mux $procmux$4370.
    dead port 2/2 on $mux $procmux$14845.
    dead port 2/2 on $mux $procmux$5593.
    dead port 2/2 on $mux $procmux$19601.
    dead port 2/2 on $mux $procmux$5591.
    dead port 2/2 on $mux $procmux$11421.
    dead port 2/2 on $mux $procmux$17285.
    dead port 2/2 on $mux $procmux$11419.
    dead port 1/3 on $pmux $procmux$3597.
    dead port 2/3 on $pmux $procmux$3597.
    dead port 2/2 on $mux $procmux$3594.
    dead port 2/2 on $mux $procmux$21369.
    dead port 2/2 on $mux $procmux$11390.
    dead port 2/2 on $mux $procmux$19599.
    dead port 2/2 on $mux $procmux$14800.
    dead port 1/3 on $pmux $procmux$3567.
    dead port 2/3 on $pmux $procmux$3567.
    dead port 2/2 on $mux $procmux$3564.
    dead port 2/2 on $mux $procmux$17283.
    dead port 2/2 on $mux $procmux$14798.
    dead port 2/2 on $mux $procmux$4644.
    dead port 2/2 on $mux $procmux$11388.
    dead port 1/3 on $pmux $procmux$3537.
    dead port 2/3 on $pmux $procmux$3537.
    dead port 2/2 on $mux $procmux$3534.
    dead port 2/2 on $mux $procmux$6457.
    dead port 2/2 on $mux $procmux$5571.
    dead port 1/2 on $mux $procmux$14796.
    dead port 2/2 on $mux $procmux$5569.
    dead port 2/2 on $mux $procmux$19545.
    dead port 1/3 on $pmux $procmux$3508.
    dead port 2/3 on $pmux $procmux$3508.
    dead port 2/2 on $mux $procmux$14794.
    dead port 2/2 on $mux $procmux$3505.
    dead port 2/2 on $mux $procmux$6455.
    dead port 2/2 on $mux $procmux$14750.
    dead port 2/2 on $mux $procmux$19543.
    dead port 1/2 on $mux $procmux$3503.
    dead port 2/2 on $mux $procmux$14748.
    dead port 1/2 on $mux $procmux$3501.
    dead port 2/2 on $mux $procmux$3499.
    dead port 2/2 on $mux $procmux$11359.
    dead port 1/3 on $pmux $procmux$3474.
    dead port 2/3 on $pmux $procmux$3474.
    dead port 1/2 on $mux $procmux$14746.
    dead port 2/2 on $mux $procmux$3471.
    dead port 2/2 on $mux $procmux$22089.
    dead port 1/2 on $mux $procmux$3469.
    dead port 2/2 on $mux $procmux$5549.
    dead port 1/2 on $mux $procmux$3467.
    dead port 2/2 on $mux $procmux$14744.
    dead port 2/2 on $mux $procmux$3465.
    dead port 2/2 on $mux $procmux$5547.
    dead port 2/2 on $mux $procmux$11357.
    dead port 1/3 on $pmux $procmux$3440.
    dead port 2/3 on $pmux $procmux$3440.
    dead port 2/2 on $mux $procmux$19489.
    dead port 2/2 on $mux $procmux$3437.
    dead port 2/2 on $mux $procmux$14701.
    dead port 2/2 on $mux $procmux$14699.
    dead port 1/2 on $mux $procmux$3435.
    dead port 2/2 on $mux $procmux$19487.
    dead port 1/2 on $mux $procmux$3433.
    dead port 1/2 on $mux $procmux$14697.
    dead port 2/2 on $mux $procmux$3431.
    dead port 2/2 on $mux $procmux$21767.
    dead port 2/2 on $mux $procmux$14695.
    dead port 1/3 on $pmux $procmux$3406.
    dead port 2/3 on $pmux $procmux$3406.
    dead port 2/2 on $mux $procmux$3403.
    dead port 2/2 on $mux $procmux$19485.
    dead port 2/2 on $mux $procmux$11328.
    dead port 1/2 on $mux $procmux$3401.
    dead port 2/2 on $mux $procmux$14651.
    dead port 1/2 on $mux $procmux$3399.
    dead port 1/2 on $mux $procmux$3397.
    dead port 2/2 on $mux $procmux$14649.
    dead port 2/2 on $mux $procmux$3395.
    dead port 2/2 on $mux $procmux$8915.
    dead port 2/2 on $mux $procmux$19430.
    dead port 1/3 on $pmux $procmux$3371.
    dead port 2/3 on $pmux $procmux$3371.
    dead port 2/2 on $mux $procmux$8913.
    dead port 2/2 on $mux $procmux$3368.
    dead port 2/2 on $mux $procmux$21314.
    dead port 1/2 on $mux $procmux$14647.
    dead port 2/2 on $mux $procmux$11326.
    dead port 1/2 on $mux $procmux$14645.
    dead port 1/2 on $mux $procmux$3366.
    dead port 1/2 on $mux $procmux$3364.
    dead port 2/2 on $mux $procmux$19428.
    dead port 1/2 on $mux $procmux$3362.
    dead port 2/2 on $mux $procmux$14643.
    dead port 2/2 on $mux $procmux$3360.
    dead port 2/2 on $mux $procmux$6442.
    dead port 1/3 on $pmux $procmux$3336.
    dead port 2/3 on $pmux $procmux$3336.
    dead port 2/2 on $mux $procmux$14601.
    dead port 2/2 on $mux $procmux$3333.
    dead port 2/2 on $mux $procmux$19426.
    dead port 2/2 on $mux $procmux$6440.
    dead port 2/2 on $mux $procmux$14599.
    dead port 1/2 on $mux $procmux$3331.
    dead port 1/2 on $mux $procmux$3329.
    dead port 1/2 on $mux $procmux$14597.
    dead port 1/2 on $mux $procmux$3327.
    dead port 2/2 on $mux $procmux$19371.
    dead port 2/2 on $mux $procmux$3325.
    dead port 2/2 on $mux $procmux$11297.
    dead port 2/2 on $mux $procmux$17281.
    dead port 1/3 on $pmux $procmux$3301.
    dead port 2/3 on $pmux $procmux$3301.
    dead port 1/2 on $mux $procmux$14595.
    dead port 2/2 on $mux $procmux$3298.
    dead port 2/2 on $mux $procmux$11295.
    dead port 2/2 on $mux $procmux$14593.
    dead port 2/2 on $mux $procmux$4273.
    dead port 2/2 on $mux $procmux$14550.
    dead port 2/2 on $mux $procmux$19369.
    dead port 2/2 on $mux $procmux$14548.
    dead port 1/3 on $pmux $procmux$3271.
    dead port 2/3 on $pmux $procmux$3271.
    dead port 2/2 on $mux $procmux$3268.
    dead port 2/2 on $mux $procmux$4271.
    dead port 2/2 on $mux $procmux$14511.
    dead port 2/2 on $mux $procmux$19367.
    dead port 2/2 on $mux $procmux$14509.
    dead port 2/2 on $mux $procmux$23007.
    dead port 2/2 on $mux $procmux$14473.
    dead port 2/2 on $mux $procmux$19312.
    dead port 2/2 on $mux $procmux$14471.
    dead port 1/3 on $pmux $procmux$3241.
    dead port 2/3 on $pmux $procmux$3241.
    dead port 2/2 on $mux $procmux$8803.
    dead port 2/2 on $mux $procmux$3238.
    dead port 2/2 on $mux $procmux$12050.
    dead port 2/2 on $mux $procmux$23439.
    dead port 2/2 on $mux $procmux$5468.
    dead port 2/2 on $mux $procmux$8801.
    dead port 2/2 on $mux $procmux$5466.
    dead port 2/2 on $mux $procmux$11266.
    dead port 2/2 on $mux $procmux$14434.
    dead port 1/3 on $pmux $procmux$3211.
    dead port 2/3 on $pmux $procmux$3211.
    dead port 2/2 on $mux $procmux$19310.
    dead port 2/2 on $mux $procmux$3208.
    dead port 2/2 on $mux $procmux$14432.
    dead port 2/2 on $mux $procmux$8775.
    dead port 2/2 on $mux $procmux$8773.
    dead port 1/3 on $pmux $procmux$3182.
    dead port 2/3 on $pmux $procmux$3182.
    dead port 2/2 on $mux $procmux$3179.
    dead port 2/2 on $mux $procmux$11264.
    dead port 2/2 on $mux $procmux$19308.
    dead port 2/2 on $mux $procmux$5447.
    dead port 2/2 on $mux $procmux$17232.
    dead port 2/2 on $mux $procmux$5445.
    dead port 2/2 on $mux $procmux$6427.
    dead port 1/2 on $mux $procmux$14427.
    dead port 1/3 on $pmux $procmux$3151.
    dead port 2/3 on $pmux $procmux$3151.
    dead port 2/2 on $mux $procmux$3148.
    dead port 2/2 on $mux $procmux$11262.
    dead port 2/2 on $mux $procmux$19254.
    dead port 2/2 on $mux $procmux$14425.
    dead port 2/2 on $mux $procmux$6425.
    dead port 1/3 on $pmux $procmux$3122.
    dead port 2/3 on $pmux $procmux$3122.
    dead port 2/2 on $mux $procmux$3119.
    dead port 2/2 on $mux $procmux$5427.
    dead port 2/2 on $mux $procmux$14403.
    dead port 2/2 on $mux $procmux$5425.
    dead port 2/2 on $mux $procmux$21312.
    dead port 1/3 on $pmux $procmux$3094.
    dead port 2/3 on $pmux $procmux$3094.
    dead port 2/2 on $mux $procmux$8720.
    dead port 2/2 on $mux $procmux$3091.
    dead port 2/2 on $mux $procmux$19252.
    dead port 2/2 on $mux $procmux$17230.
    dead port 2/2 on $mux $procmux$8718.
    dead port 2/2 on $mux $procmux$14401.
    dead port 1/2 on $mux $procmux$3089.
    dead port 2/2 on $mux $procmux$3087.
    dead port 1/2 on $mux $procmux$8713.
    dead port 2/2 on $mux $procmux$14365.
    dead port 1/3 on $pmux $procmux$3062.
    dead port 2/3 on $pmux $procmux$3062.
    dead port 2/2 on $mux $procmux$8711.
    dead port 2/2 on $mux $procmux$3059.
    dead port 2/2 on $mux $procmux$24088.
    dead port 1/2 on $mux $procmux$3057.
    dead port 2/2 on $mux $procmux$19250.
    dead port 2/2 on $mux $procmux$3055.
    dead port 2/2 on $mux $procmux$12048.
    dead port 1/3 on $pmux $procmux$3030.
    dead port 2/3 on $pmux $procmux$3030.
    dead port 2/2 on $mux $procmux$3027.
    dead port 2/2 on $mux $procmux$11228.
    dead port 1/2 on $mux $procmux$3025.
    dead port 2/2 on $mux $procmux$3023.
    dead port 1/3 on $pmux $procmux$2998.
    dead port 2/3 on $pmux $procmux$2998.
    dead port 2/2 on $mux $procmux$24034.
    dead port 2/2 on $mux $procmux$2995.
    dead port 2/2 on $mux $procmux$17539.
    dead port 2/2 on $mux $procmux$5387.
    dead port 2/2 on $mux $procmux$8683.
    dead port 1/2 on $mux $procmux$2993.
    dead port 2/2 on $mux $procmux$5385.
    dead port 1/2 on $mux $procmux$2991.
    dead port 2/2 on $mux $procmux$11226.
    dead port 2/2 on $mux $procmux$2989.
    dead port 2/2 on $mux $procmux$14363.
    dead port 2/2 on $mux $procmux$8681.
    dead port 1/3 on $pmux $procmux$2965.
    dead port 2/3 on $pmux $procmux$2965.
    dead port 2/2 on $mux $procmux$6412.
    dead port 2/2 on $mux $procmux$2962.
    dead port 2/2 on $mux $procmux$22087.
    dead port 1/2 on $mux $procmux$14361.
    dead port 2/2 on $mux $procmux$19195.
    dead port 2/2 on $mux $procmux$14359.
    dead port 1/2 on $mux $procmux$2960.
    dead port 1/2 on $mux $procmux$2958.
    dead port 2/2 on $mux $procmux$2956.
    dead port 2/2 on $mux $procmux$5380.
    dead port 2/2 on $mux $procmux$6410.
    dead port 1/3 on $pmux $procmux$2932.
    dead port 2/3 on $pmux $procmux$2932.
    dead port 2/2 on $mux $procmux$2929.
    dead port 2/2 on $mux $procmux$8676.
    dead port 1/2 on $mux $procmux$2927.
    dead port 2/2 on $mux $procmux$2925.
    dead port 2/2 on $mux $procmux$11224.
    dead port 2/2 on $mux $procmux$8660.
    dead port 1/3 on $pmux $procmux$2902.
    dead port 2/3 on $pmux $procmux$2902.
    dead port 2/2 on $mux $procmux$14332.
    dead port 2/2 on $mux $procmux$5358.
    dead port 2/2 on $mux $procmux$8658.
    dead port 2/2 on $mux $procmux$5356.
    dead port 2/2 on $mux $procmux$19193.
    dead port 2/2 on $mux $procmux$8641.
    dead port 2/2 on $mux $procmux$14330.
    dead port 2/2 on $mux $procmux$21257.
    dead port 2/2 on $mux $procmux$8639.
    dead port 2/2 on $mux $procmux$12014.
    dead port 2/2 on $mux $procmux$8622.
    dead port 2/2 on $mux $procmux$11190.
    dead port 2/2 on $mux $procmux$14295.
    dead port 2/2 on $mux $procmux$8620.
    dead port 1/2 on $mux $procmux$19191.
    dead port 2/2 on $mux $procmux$5351.
    dead port 2/2 on $mux $procmux$8603.
    dead port 2/2 on $mux $procmux$17228.
    dead port 2/2 on $mux $procmux$5335.
    dead port 2/2 on $mux $procmux$11188.
    dead port 2/2 on $mux $procmux$14293.
    dead port 2/2 on $mux $procmux$8601.
    dead port 2/2 on $mux $procmux$8584.
    dead port 2/2 on $mux $procmux$21654.
    dead port 2/2 on $mux $procmux$14258.
    dead port 2/2 on $mux $procmux$8582.
    dead port 2/2 on $mux $procmux$19136.
    dead port 2/2 on $mux $procmux$8565.
    dead port 2/2 on $mux $procmux$14256.
    dead port 2/2 on $mux $procmux$21255.
    dead port 2/2 on $mux $procmux$11186.
    dead port 2/2 on $mux $procmux$8563.
    dead port 2/2 on $mux $procmux$14221.
    dead port 2/2 on $mux $procmux$19134.
    dead port 2/2 on $mux $procmux$8541.
    dead port 2/2 on $mux $procmux$14219.
    dead port 2/2 on $mux $procmux$8539.
    dead port 2/2 on $mux $procmux$14184.
    dead port 1/2 on $mux $procmux$19132.
    dead port 2/2 on $mux $procmux$8517.
    dead port 2/2 on $mux $procmux$14182.
    dead port 2/2 on $mux $procmux$8515.
    dead port 1/3 on $pmux $procmux$2885.
    dead port 2/3 on $pmux $procmux$2885.
    dead port 2/2 on $mux $procmux$2882.
    dead port 2/2 on $mux $procmux$14147.
    dead port 2/2 on $mux $procmux$19077.
    dead port 2/2 on $mux $procmux$8493.
    dead port 2/2 on $mux $procmux$14145.
    dead port 2/2 on $mux $procmux$8491.
    dead port 1/3 on $pmux $procmux$2857.
    dead port 2/3 on $pmux $procmux$2857.
    dead port 2/2 on $mux $procmux$17179.
    dead port 2/2 on $mux $procmux$2854.
    dead port 2/2 on $mux $procmux$11153.
    dead port 2/2 on $mux $procmux$11151.
    dead port 2/2 on $mux $procmux$8472.
    dead port 2/2 on $mux $procmux$17177.
    dead port 2/2 on $mux $procmux$14110.
    dead port 2/2 on $mux $procmux$8470.
    dead port 1/3 on $pmux $procmux$2829.
    dead port 2/3 on $pmux $procmux$2829.
    dead port 2/2 on $mux $procmux$19075.
    dead port 2/2 on $mux $procmux$2826.
    dead port 2/2 on $mux $procmux$11149.
    dead port 2/2 on $mux $procmux$8454.
    dead port 2/2 on $mux $procmux$14108.
    dead port 2/2 on $mux $procmux$8452.
    dead port 2/2 on $mux $procmux$23061.
    dead port 2/2 on $mux $procmux$8436.
    dead port 2/2 on $mux $procmux$14073.
    dead port 1/3 on $pmux $procmux$2801.
    dead port 2/3 on $pmux $procmux$2801.
    dead port 2/2 on $mux $procmux$8434.
    dead port 2/2 on $mux $procmux$2798.
    dead port 2/2 on $mux $procmux$12012.
    dead port 2/2 on $mux $procmux$8418.
    dead port 2/2 on $mux $procmux$14071.
    dead port 2/2 on $mux $procmux$8416.
    dead port 2/2 on $mux $procmux$19023.
    dead port 1/3 on $pmux $procmux$2772.
    dead port 2/3 on $pmux $procmux$2772.
    dead port 2/2 on $mux $procmux$8400.
    dead port 2/2 on $mux $procmux$2769.
    dead port 2/2 on $mux $procmux$14036.
    dead port 2/2 on $mux $procmux$8398.
    dead port 1/2 on $mux $procmux$21253.
    dead port 2/2 on $mux $procmux$8382.
    dead port 2/2 on $mux $procmux$14034.
    dead port 2/2 on $mux $procmux$4632.
    dead port 2/2 on $mux $procmux$8380.
    dead port 1/3 on $pmux $procmux$2742.
    dead port 2/3 on $pmux $procmux$2742.
    dead port 2/2 on $mux $procmux$2739.
    dead port 2/2 on $mux $procmux$11116.
    dead port 2/2 on $mux $procmux$19021.
    dead port 2/2 on $mux $procmux$8359.
    dead port 2/2 on $mux $procmux$8357.
    dead port 1/3 on $pmux $procmux$2712.
    dead port 2/3 on $pmux $procmux$2712.
    dead port 2/2 on $mux $procmux$2709.
    dead port 2/2 on $mux $procmux$11114.
    dead port 2/2 on $mux $procmux$5281.
    dead port 2/2 on $mux $procmux$5279.
    dead port 1/3 on $pmux $procmux$2683.
    dead port 2/3 on $pmux $procmux$2683.
    dead port 2/2 on $mux $procmux$18968.
    dead port 2/2 on $mux $procmux$2680.
    dead port 2/2 on $mux $procmux$4264.
    dead port 2/2 on $mux $procmux$8336.
    dead port 2/2 on $mux $procmux$8334.
    dead port 1/3 on $pmux $procmux$2655.
    dead port 2/3 on $pmux $procmux$2655.
    dead port 2/2 on $mux $procmux$2652.
    dead port 2/2 on $mux $procmux$21197.
    dead port 2/2 on $mux $procmux$8313.
    dead port 2/2 on $mux $procmux$4262.
    dead port 2/2 on $mux $procmux$5263.
    dead port 2/2 on $mux $procmux$23817.
    dead port 2/2 on $mux $procmux$8311.
    dead port 1/3 on $pmux $procmux$2626.
    dead port 2/3 on $pmux $procmux$2626.
    dead port 2/2 on $mux $procmux$5261.
    dead port 2/2 on $mux $procmux$2623.
    dead port 2/2 on $mux $procmux$11112.
    dead port 2/2 on $mux $procmux$13988.
    dead port 2/2 on $mux $procmux$18966.
    dead port 1/2 on $mux $procmux$2621.
    dead port 2/2 on $mux $procmux$8291.
    dead port 2/2 on $mux $procmux$2619.
    dead port 2/2 on $mux $procmux$13986.
    dead port 2/2 on $mux $procmux$8289.
    dead port 1/3 on $pmux $procmux$2595.
    dead port 2/3 on $pmux $procmux$2595.
    dead port 2/2 on $mux $procmux$2592.
    dead port 1/2 on $mux $procmux$2590.
    dead port 1/2 on $mux $procmux$2588.
    dead port 2/2 on $mux $procmux$2586.
    dead port 2/2 on $mux $procmux$8269.
    dead port 1/3 on $pmux $procmux$2563.
    dead port 2/3 on $pmux $procmux$2563.
    dead port 2/2 on $mux $procmux$2560.
    dead port 2/2 on $mux $procmux$5245.
    dead port 2/2 on $mux $procmux$8267.
    dead port 2/2 on $mux $procmux$5243.
    dead port 2/2 on $mux $procmux$17175.
    dead port 2/2 on $mux $procmux$18915.
    dead port 1/3 on $pmux $procmux$2536.
    dead port 2/3 on $pmux $procmux$2536.
    dead port 2/2 on $mux $procmux$2533.
    dead port 2/2 on $mux $procmux$11079.
    dead port 2/2 on $mux $procmux$21195.
    dead port 2/2 on $mux $procmux$8250.
    dead port 2/2 on $mux $procmux$11077.
    dead port 2/2 on $mux $procmux$8248.
    dead port 1/3 on $pmux $procmux$2509.
    dead port 2/3 on $pmux $procmux$2509.
    dead port 2/2 on $mux $procmux$5229.
    dead port 2/2 on $mux $procmux$2506.
    dead port 2/2 on $mux $procmux$11978.
    dead port 2/2 on $mux $procmux$5227.
    dead port 2/2 on $mux $procmux$8234.
    dead port 2/2 on $mux $procmux$18913.
    dead port 2/2 on $mux $procmux$8232.
    dead port 2/2 on $mux $procmux$13941.
    dead port 1/3 on $pmux $procmux$2482.
    dead port 2/3 on $pmux $procmux$2482.
    dead port 2/2 on $mux $procmux$8218.
    dead port 2/2 on $mux $procmux$2479.
    dead port 1/2 on $mux $procmux$11075.
    dead port 2/2 on $mux $procmux$8216.
    dead port 2/2 on $mux $procmux$13939.
    dead port 2/2 on $mux $procmux$8202.
    dead port 1/3 on $pmux $procmux$2455.
    dead port 2/3 on $pmux $procmux$2455.
    dead port 2/2 on $mux $procmux$5212.
    dead port 2/2 on $mux $procmux$2452.
    dead port 2/2 on $mux $procmux$8200.
    dead port 2/2 on $mux $procmux$5210.
    dead port 2/2 on $mux $procmux$11045.
    dead port 2/2 on $mux $procmux$8186.
    dead port 2/2 on $mux $procmux$18861.
    dead port 2/2 on $mux $procmux$8184.
    dead port 1/3 on $pmux $procmux$2428.
    dead port 2/3 on $pmux $procmux$2428.
    dead port 2/2 on $mux $procmux$2425.
    dead port 2/2 on $mux $procmux$17126.
    dead port 2/2 on $mux $procmux$8170.
    dead port 2/2 on $mux $procmux$8168.
    dead port 2/2 on $mux $procmux$8154.
    dead port 2/2 on $mux $procmux$5195.
    dead port 1/3 on $pmux $procmux$2400.
    dead port 2/3 on $pmux $procmux$2400.
    dead port 2/2 on $mux $procmux$18859.
    dead port 2/2 on $mux $procmux$2397.
    dead port 2/2 on $mux $procmux$11043.
    dead port 2/2 on $mux $procmux$8152.
    dead port 2/2 on $mux $procmux$8138.
    dead port 2/2 on $mux $procmux$8136.
    dead port 2/2 on $mux $procmux$13894.
    dead port 2/2 on $mux $procmux$8122.
    dead port 1/2 on $mux $procmux$11041.
    dead port 1/3 on $pmux $procmux$2371.
    dead port 2/3 on $pmux $procmux$2371.
    dead port 2/2 on $mux $procmux$8120.
    dead port 2/2 on $mux $procmux$2368.
    dead port 2/2 on $mux $procmux$13892.
    dead port 2/2 on $mux $procmux$8106.
    dead port 2/2 on $mux $procmux$18809.
    dead port 2/2 on $mux $procmux$8104.
    dead port 2/2 on $mux $procmux$8090.
    dead port 2/2 on $mux $procmux$11011.
    dead port 1/3 on $pmux $procmux$2342.
    dead port 2/3 on $pmux $procmux$2342.
    dead port 2/2 on $mux $procmux$2339.
    dead port 2/2 on $mux $procmux$8088.
    dead port 2/2 on $mux $procmux$8074.
    dead port 2/2 on $mux $procmux$17124.
    dead port 2/2 on $mux $procmux$8072.
    dead port 1/3 on $pmux $procmux$2316.
    dead port 2/3 on $pmux $procmux$2316.
    dead port 2/2 on $mux $procmux$8058.
    dead port 2/2 on $mux $procmux$2313.
    dead port 2/2 on $mux $procmux$11009.
    dead port 2/2 on $mux $procmux$11976.
    dead port 2/2 on $mux $procmux$18807.
    dead port 2/2 on $mux $procmux$8056.
    dead port 2/2 on $mux $procmux$8042.
    dead port 2/2 on $mux $procmux$8040.
    dead port 1/3 on $pmux $procmux$2289.
    dead port 2/3 on $pmux $procmux$2289.
    dead port 2/2 on $mux $procmux$13847.
    dead port 2/2 on $mux $procmux$2286.
    dead port 2/2 on $mux $procmux$8026.
    dead port 2/2 on $mux $procmux$18759.
    dead port 2/2 on $mux $procmux$8024.
    dead port 2/2 on $mux $procmux$13845.
    dead port 2/2 on $mux $procmux$8010.
    dead port 1/2 on $mux $procmux$11007.
    dead port 2/2 on $mux $procmux$8008.
    dead port 1/2 on $mux $procmux$2284.
    dead port 2/2 on $mux $procmux$2282.
    dead port 2/2 on $mux $procmux$7994.
    dead port 2/2 on $mux $procmux$18757.
    dead port 1/3 on $pmux $procmux$2271.
    dead port 2/3 on $pmux $procmux$2271.
    dead port 2/2 on $mux $procmux$7992.
    dead port 2/2 on $mux $procmux$2268.
    dead port 2/2 on $mux $procmux$7978.
    dead port 2/2 on $mux $procmux$7976.
    dead port 2/2 on $mux $procmux$7962.
    dead port 1/3 on $pmux $procmux$2251.
    dead port 2/3 on $pmux $procmux$2251.
    dead port 2/2 on $mux $procmux$18709.
    dead port 2/2 on $mux $procmux$2248.
    dead port 2/2 on $mux $procmux$10977.
    dead port 1/2 on $mux $procmux$21193.
    dead port 2/2 on $mux $procmux$7960.
    dead port 2/2 on $mux $procmux$7946.
    dead port 2/2 on $mux $procmux$7944.
    dead port 1/3 on $pmux $procmux$2231.
    dead port 2/3 on $pmux $procmux$2231.
    dead port 2/2 on $mux $procmux$7930.
    dead port 2/2 on $mux $procmux$2228.
    dead port 2/2 on $mux $procmux$10975.
    dead port 2/2 on $mux $procmux$18707.
    dead port 2/2 on $mux $procmux$7928.
    dead port 2/2 on $mux $procmux$13799.
    dead port 2/2 on $mux $procmux$7914.
    dead port 2/2 on $mux $procmux$7912.
    dead port 1/3 on $pmux $procmux$2211.
    dead port 2/3 on $pmux $procmux$2211.
    dead port 2/2 on $mux $procmux$13797.
    dead port 2/2 on $mux $procmux$2208.
    dead port 1/2 on $mux $procmux$10973.
    dead port 2/2 on $mux $procmux$7898.
    dead port 2/2 on $mux $procmux$18659.
    dead port 2/2 on $mux $procmux$7896.
    dead port 1/3 on $pmux $procmux$2191.
    dead port 2/3 on $pmux $procmux$2191.
    dead port 2/2 on $mux $procmux$2188.
    dead port 2/2 on $mux $procmux$10943.
    dead port 2/2 on $mux $procmux$5141.
    dead port 2/2 on $mux $procmux$7876.
    dead port 2/2 on $mux $procmux$5139.
    dead port 2/2 on $mux $procmux$21137.
    dead port 1/3 on $pmux $procmux$2171.
    dead port 2/3 on $pmux $procmux$2171.
    dead port 2/2 on $mux $procmux$5131.
    dead port 2/2 on $mux $procmux$2168.
    dead port 2/2 on $mux $procmux$10941.
    dead port 2/2 on $mux $procmux$7874.
    dead port 2/2 on $mux $procmux$5129.
    dead port 2/2 on $mux $procmux$18657.
    dead port 2/2 on $mux $procmux$5121.
    dead port 2/2 on $mux $procmux$5119.
    dead port 1/3 on $pmux $procmux$2151.
    dead port 2/3 on $pmux $procmux$2151.
    dead port 2/2 on $mux $procmux$11942.
    dead port 2/2 on $mux $procmux$2148.
    dead port 1/2 on $mux $procmux$10939.
    dead port 2/2 on $mux $procmux$5111.
    dead port 2/2 on $mux $procmux$5109.
    dead port 2/2 on $mux $procmux$5101.
    dead port 1/3 on $pmux $procmux$2132.
    dead port 2/3 on $pmux $procmux$2132.
    dead port 2/2 on $mux $procmux$5099.
    dead port 2/2 on $mux $procmux$2129.
    dead port 2/2 on $mux $procmux$5091.
    dead port 2/2 on $mux $procmux$7853.
    dead port 2/2 on $mux $procmux$5089.
    dead port 2/2 on $mux $procmux$2127.
    dead port 2/2 on $mux $procmux$18609.
    dead port 2/2 on $mux $procmux$10909.
    dead port 2/2 on $mux $procmux$7851.
    dead port 1/3 on $pmux $procmux$2110.
    dead port 2/3 on $pmux $procmux$2110.
    dead port 2/2 on $mux $procmux$5076.
    dead port 2/2 on $mux $procmux$2107.
    dead port 1/2 on $mux $procmux$17122.
    dead port 2/2 on $mux $procmux$5074.
    dead port 2/2 on $mux $procmux$2105.
    dead port 2/2 on $mux $procmux$10907.
    dead port 2/2 on $mux $procmux$5061.
    dead port 1/3 on $pmux $procmux$2088.
    dead port 2/3 on $pmux $procmux$2088.
    dead port 2/2 on $mux $procmux$5059.
    dead port 2/2 on $mux $procmux$2085.
    dead port 2/2 on $mux $procmux$21135.
    dead port 2/2 on $mux $procmux$13751.
    dead port 2/2 on $mux $procmux$7830.
    dead port 2/2 on $mux $procmux$5047.
    dead port 2/2 on $mux $procmux$2083.
    dead port 2/2 on $mux $procmux$18607.
    dead port 1/2 on $mux $procmux$10905.
    dead port 2/2 on $mux $procmux$7828.
    dead port 2/2 on $mux $procmux$13749.
    dead port 1/3 on $pmux $procmux$2066.
    dead port 2/3 on $pmux $procmux$2066.
    dead port 2/2 on $mux $procmux$2063.
    dead port 2/2 on $mux $procmux$10875.
    dead port 2/2 on $mux $procmux$13713.
    dead port 2/2 on $mux $procmux$17120.
    dead port 1/2 on $mux $procmux$2061.
    dead port 2/2 on $mux $procmux$7807.
    dead port 2/2 on $mux $procmux$2059.
    dead port 2/2 on $mux $procmux$18559.
    dead port 2/2 on $mux $procmux$10873.
    dead port 2/2 on $mux $procmux$7805.
    dead port 2/2 on $mux $procmux$13711.
    dead port 1/3 on $pmux $procmux$2043.
    dead port 2/3 on $pmux $procmux$2043.
    dead port 2/2 on $mux $procmux$2040.
    dead port 1/2 on $mux $procmux$10871.
    dead port 2/2 on $mux $procmux$13709.
    dead port 2/2 on $mux $procmux$7785.
    dead port 2/2 on $mux $procmux$7783.
    dead port 1/2 on $mux $procmux$2038.
    dead port 2/2 on $mux $procmux$2036.
    dead port 2/2 on $mux $procmux$18557.
    dead port 2/2 on $mux $procmux$10841.
    dead port 2/2 on $mux $procmux$7764.
    dead port 1/3 on $pmux $procmux$2020.
    dead port 2/3 on $pmux $procmux$2020.
    dead port 2/2 on $mux $procmux$2017.
    dead port 2/2 on $mux $procmux$10839.
    dead port 2/2 on $mux $procmux$17072.
    dead port 2/2 on $mux $procmux$7762.
    dead port 2/2 on $mux $procmux$13670.
    dead port 2/2 on $mux $procmux$7744.
    dead port 1/2 on $mux $procmux$2015.
    dead port 2/2 on $mux $procmux$2013.
    dead port 2/2 on $mux $procmux$7742.
    dead port 2/2 on $mux $procmux$13668.
    dead port 2/2 on $mux $procmux$4620.
    dead port 2/2 on $mux $procmux$18506.
    dead port 1/3 on $pmux $procmux$1997.
    dead port 2/3 on $pmux $procmux$1997.
    dead port 2/2 on $mux $procmux$4255.
    dead port 2/2 on $mux $procmux$1994.
    dead port 1/2 on $mux $procmux$10837.
    dead port 2/2 on $mux $procmux$7723.
    dead port 2/2 on $mux $procmux$7721.
    dead port 2/2 on $mux $procmux$4253.
    dead port 2/2 on $mux $procmux$13631.
    dead port 1/3 on $pmux $procmux$1978.
    dead port 2/3 on $pmux $procmux$1978.
    dead port 2/2 on $mux $procmux$7702.
    dead port 2/2 on $mux $procmux$1975.
    dead port 2/2 on $mux $procmux$17593.
    dead port 2/2 on $mux $procmux$13629.
    dead port 2/2 on $mux $procmux$7700.
    dead port 2/2 on $mux $procmux$18504.
    dead port 1/2 on $mux $procmux$7696.
    dead port 2/2 on $mux $procmux$10807.
    dead port 1/3 on $pmux $procmux$1959.
    dead port 2/3 on $pmux $procmux$1959.
    dead port 2/2 on $mux $procmux$7694.
    dead port 2/2 on $mux $procmux$1956.
    dead port 1/2 on $mux $procmux$21133.
    dead port 2/2 on $mux $procmux$13592.
    dead port 2/2 on $mux $procmux$10805.
    dead port 2/2 on $mux $procmux$7675.
    dead port 2/2 on $mux $procmux$17070.
    dead port 2/2 on $mux $procmux$7673.
    dead port 2/2 on $mux $procmux$13590.
    dead port 1/3 on $pmux $procmux$1940.
    dead port 2/3 on $pmux $procmux$1940.
    dead port 2/2 on $mux $procmux$1937.
    dead port 1/2 on $mux $procmux$10803.
    dead port 2/2 on $mux $procmux$13553.
    dead port 2/2 on $mux $procmux$7652.
    dead port 1/3 on $pmux $procmux$1921.
    dead port 2/3 on $pmux $procmux$1921.
    dead port 2/2 on $mux $procmux$18453.
    dead port 2/2 on $mux $procmux$1918.
    dead port 2/2 on $mux $procmux$10773.
    dead port 2/2 on $mux $procmux$7650.
    dead port 2/2 on $mux $procmux$13551.
    dead port 1/3 on $pmux $procmux$1902.
    dead port 2/3 on $pmux $procmux$1902.
    dead port 2/2 on $mux $procmux$13514.
    dead port 2/2 on $mux $procmux$1899.
    dead port 2/2 on $mux $procmux$11940.
    dead port 2/2 on $mux $procmux$7629.
    dead port 2/2 on $mux $procmux$18451.
    dead port 2/2 on $mux $procmux$4993.
    dead port 2/2 on $mux $procmux$24223.
    dead port 2/2 on $mux $procmux$7627.
    dead port 1/3 on $pmux $procmux$1883.
    dead port 2/3 on $pmux $procmux$1883.
    dead port 2/2 on $mux $procmux$4991.
    dead port 2/2 on $mux $procmux$1880.
    dead port 2/2 on $mux $procmux$10771.
    dead port 2/2 on $mux $procmux$13512.
    dead port 2/2 on $mux $procmux$4984.
    dead port 2/2 on $mux $procmux$4982.
    dead port 2/2 on $mux $procmux$4975.
    dead port 1/3 on $pmux $procmux$1865.
    dead port 2/3 on $pmux $procmux$1865.
    dead port 2/2 on $mux $procmux$1862.
    dead port 2/2 on $mux $procmux$4973.
    dead port 2/2 on $mux $procmux$4966.
    dead port 2/2 on $mux $procmux$1860.
    dead port 1/2 on $mux $procmux$10769.
    dead port 2/2 on $mux $procmux$4244.
    dead port 2/2 on $mux $procmux$4964.
    dead port 2/2 on $mux $procmux$13475.
    dead port 2/2 on $mux $procmux$4957.
    dead port 2/2 on $mux $procmux$7606.
    dead port 1/3 on $pmux $procmux$1844.
    dead port 2/3 on $pmux $procmux$1844.
    dead port 2/2 on $mux $procmux$4955.
    dead port 2/2 on $mux $procmux$1841.
    dead port 2/2 on $mux $procmux$10766.
    dead port 2/2 on $mux $procmux$4948.
    dead port 2/2 on $mux $procmux$7604.
    dead port 2/2 on $mux $procmux$4946.
    dead port 2/2 on $mux $procmux$1839.
    dead port 2/2 on $mux $procmux$13473.
    dead port 2/2 on $mux $procmux$4242.
    dead port 2/2 on $mux $procmux$4939.
    dead port 2/2 on $mux $procmux$4937.
    dead port 2/2 on $mux $procmux$18400.
    dead port 1/3 on $pmux $procmux$1823.
    dead port 2/3 on $pmux $procmux$1823.
    dead port 2/2 on $mux $procmux$1820.
    dead port 2/2 on $mux $procmux$17488.
    dead port 2/2 on $mux $procmux$4925.
    dead port 2/2 on $mux $procmux$1818.
    dead port 2/2 on $mux $procmux$21077.
    dead port 2/2 on $mux $procmux$4923.
    dead port 2/2 on $mux $procmux$13436.
    dead port 1/3 on $pmux $procmux$1802.
    dead port 2/3 on $pmux $procmux$1802.
    dead port 2/2 on $mux $procmux$1799.
    dead port 2/2 on $mux $procmux$4911.
    dead port 2/2 on $mux $procmux$4909.
    dead port 1/2 on $mux $procmux$1797.
    dead port 2/2 on $mux $procmux$7582.
    dead port 2/2 on $mux $procmux$1795.
    dead port 2/2 on $mux $procmux$13434.
    dead port 2/2 on $mux $procmux$4898.
    dead port 2/2 on $mux $procmux$7580.
    dead port 2/2 on $mux $procmux$4896.
    dead port 1/3 on $pmux $procmux$1780.
    dead port 2/3 on $pmux $procmux$1780.
    dead port 2/2 on $mux $procmux$18398.
    dead port 2/2 on $mux $procmux$1777.
    dead port 2/2 on $mux $procmux$4885.
    dead port 2/2 on $mux $procmux$13432.
    dead port 1/2 on $mux $procmux$1775.
    dead port 2/2 on $mux $procmux$1773.
    dead port 2/2 on $mux $procmux$7560.
    dead port 1/3 on $pmux $procmux$1758.
    dead port 2/3 on $pmux $procmux$1758.
    dead port 2/2 on $mux $procmux$7558.
    dead port 2/2 on $mux $procmux$1755.
    dead port 1/3 on $pmux $procmux$1740.
    dead port 2/3 on $pmux $procmux$1740.
    dead port 2/2 on $mux $procmux$1737.
    dead port 2/2 on $mux $procmux$21075.
    dead port 2/2 on $mux $procmux$7538.
    dead port 2/2 on $mux $procmux$13392.
    dead port 2/2 on $mux $procmux$7536.
    dead port 2/2 on $mux $procmux$18347.
    dead port 2/2 on $mux $procmux$10729.
    dead port 2/2 on $mux $procmux$13390.
    dead port 1/3 on $pmux $procmux$1723.
    dead port 2/3 on $pmux $procmux$1723.
    dead port 2/2 on $mux $procmux$13388.
    dead port 2/2 on $mux $procmux$1720.
    dead port 2/2 on $mux $procmux$7514.
    dead port 1/2 on $mux $procmux$17068.
    dead port 1/3 on $pmux $procmux$1704.
    dead port 2/3 on $pmux $procmux$1704.
    dead port 2/2 on $mux $procmux$1701.
    dead port 2/2 on $mux $procmux$7512.
    dead port 1/3 on $pmux $procmux$1685.
    dead port 2/3 on $pmux $procmux$1685.
    dead port 2/2 on $mux $procmux$1682.
    dead port 2/2 on $mux $procmux$18345.
    dead port 2/2 on $mux $procmux$7492.
    dead port 2/2 on $mux $procmux$10727.
    dead port 2/2 on $mux $procmux$13348.
    dead port 1/3 on $pmux $procmux$1666.
    dead port 2/3 on $pmux $procmux$1666.
    dead port 2/2 on $mux $procmux$7490.
    dead port 2/2 on $mux $procmux$1663.
    dead port 2/2 on $mux $procmux$4233.
    dead port 2/2 on $mux $procmux$23763.
    dead port 2/2 on $mux $procmux$13346.
    dead port 1/3 on $pmux $procmux$1647.
    dead port 2/3 on $pmux $procmux$1647.
    dead port 2/2 on $mux $procmux$1644.
    dead port 2/2 on $mux $procmux$13344.
    dead port 1/3 on $pmux $procmux$1628.
    dead port 2/3 on $pmux $procmux$1628.
    dead port 2/2 on $mux $procmux$18295.
    dead port 2/2 on $mux $procmux$1625.
    dead port 2/2 on $mux $procmux$13304.
    dead port 2/2 on $mux $procmux$7475.
    dead port 1/3 on $pmux $procmux$1608.
    dead port 2/3 on $pmux $procmux$1608.
    dead port 2/2 on $mux $procmux$13302.
    dead port 2/2 on $mux $procmux$1605.
    dead port 2/2 on $mux $procmux$4231.
    dead port 2/2 on $mux $procmux$7473.
    dead port 2/2 on $mux $procmux$18293.
    dead port 1/3 on $pmux $procmux$1589.
    dead port 2/3 on $pmux $procmux$1589.
    dead port 2/2 on $mux $procmux$7458.
    dead port 2/2 on $mux $procmux$1586.
    dead port 2/2 on $mux $procmux$13300.
    dead port 2/2 on $mux $procmux$11906.
    dead port 2/2 on $mux $procmux$7456.
    dead port 1/2 on $mux $procmux$10725.
    dead port 1/3 on $pmux $procmux$1569.
    dead port 2/3 on $pmux $procmux$1569.
    dead port 2/2 on $mux $procmux$10722.
    dead port 2/2 on $mux $procmux$1566.
    dead port 2/2 on $mux $procmux$7441.
    dead port 1/3 on $pmux $procmux$1551.
    dead port 2/3 on $pmux $procmux$1551.
    dead port 2/2 on $mux $procmux$7439.
    dead port 2/2 on $mux $procmux$1548.
    dead port 2/2 on $mux $procmux$13260.
    dead port 2/2 on $mux $procmux$7424.
    dead port 2/2 on $mux $procmux$18243.
    dead port 1/3 on $pmux $procmux$1532.
    dead port 2/3 on $pmux $procmux$1532.
    dead port 2/2 on $mux $procmux$7422.
    dead port 2/2 on $mux $procmux$1529.
    dead port 2/2 on $mux $procmux$13258.
    dead port 2/2 on $mux $procmux$7407.
    dead port 2/2 on $mux $procmux$13256.
    dead port 1/3 on $pmux $procmux$1514.
    dead port 2/3 on $pmux $procmux$1514.
    dead port 2/2 on $mux $procmux$1511.
    dead port 2/2 on $mux $procmux$23115.
    dead port 2/2 on $mux $procmux$7405.
    dead port 2/2 on $mux $procmux$4831.
    dead port 1/3 on $pmux $procmux$1496.
    dead port 2/3 on $pmux $procmux$1496.
    dead port 2/2 on $mux $procmux$18241.
    dead port 2/2 on $mux $procmux$1493.
    dead port 2/2 on $mux $procmux$7390.
    dead port 2/2 on $mux $procmux$13217.
    dead port 2/2 on $mux $procmux$7388.
    dead port 1/3 on $pmux $procmux$1478.
    dead port 2/3 on $pmux $procmux$1478.
    dead port 2/2 on $mux $procmux$1475.
    dead port 2/2 on $mux $procmux$13215.
    dead port 2/2 on $mux $procmux$7373.
    dead port 2/2 on $mux $procmux$7371.
    dead port 1/3 on $pmux $procmux$1460.
    dead port 2/3 on $pmux $procmux$1460.
    dead port 2/2 on $mux $procmux$1457.
    dead port 2/2 on $mux $procmux$21599.
    dead port 2/2 on $mux $procmux$13179.
    dead port 2/2 on $mux $procmux$7356.
    dead port 1/3 on $pmux $procmux$1442.
    dead port 2/3 on $pmux $procmux$1442.
    dead port 2/2 on $mux $procmux$18191.
    dead port 2/2 on $mux $procmux$1439.
    dead port 2/2 on $mux $procmux$7354.
    dead port 2/2 on $mux $procmux$13177.
    dead port 2/2 on $mux $procmux$7339.
    dead port 1/3 on $pmux $procmux$1423.
    dead port 2/3 on $pmux $procmux$1423.
    dead port 2/2 on $mux $procmux$7337.
    dead port 2/2 on $mux $procmux$1420.
    dead port 2/2 on $mux $procmux$13141.
    dead port 2/2 on $mux $procmux$18189.
    dead port 2/2 on $mux $procmux$11904.
    dead port 2/2 on $mux $procmux$7322.
    dead port 1/3 on $pmux $procmux$1405.
    dead port 2/3 on $pmux $procmux$1405.
    dead port 2/2 on $mux $procmux$13139.
    dead port 2/2 on $mux $procmux$1402.
    dead port 2/2 on $mux $procmux$7320.
    dead port 2/2 on $mux $procmux$22845.
    dead port 2/2 on $mux $procmux$13103.
    dead port 1/3 on $pmux $procmux$1386.
    dead port 2/3 on $pmux $procmux$1386.
    dead port 2/2 on $mux $procmux$1383.
    dead port 2/2 on $mux $procmux$13101.
    dead port 1/2 on $mux $procmux$1381.
    dead port 2/2 on $mux $procmux$13065.
    dead port 1/2 on $mux $procmux$1379.
    dead port 2/2 on $mux $procmux$18139.
    dead port 2/2 on $mux $procmux$1377.
    dead port 2/2 on $mux $procmux$13063.
    dead port 2/2 on $mux $procmux$17066.
    dead port 1/3 on $pmux $procmux$1368.
    dead port 2/3 on $pmux $procmux$1368.
    dead port 2/2 on $mux $procmux$21929.
    dead port 2/2 on $mux $procmux$1365.
    dead port 2/2 on $mux $procmux$17486.
    dead port 2/2 on $mux $procmux$13061.
    dead port 2/2 on $mux $procmux$18137.
    dead port 2/2 on $mux $procmux$7254.
    dead port 2/2 on $mux $procmux$7252.
    dead port 2/2 on $mux $procmux$13023.
    dead port 2/2 on $mux $procmux$23709.
    dead port 1/3 on $pmux $procmux$1350.
    dead port 2/3 on $pmux $procmux$1350.
    dead port 2/2 on $mux $procmux$4222.
    dead port 2/2 on $mux $procmux$1347.
    dead port 2/2 on $mux $procmux$13021.
    dead port 2/2 on $mux $procmux$7229.
    dead port 2/2 on $mux $procmux$7227.
    dead port 2/2 on $mux $procmux$12986.
    dead port 2/2 on $mux $procmux$4220.
    dead port 2/2 on $mux $procmux$12984.
    dead port 1/3 on $pmux $procmux$1332.
    dead port 2/3 on $pmux $procmux$1332.
    dead port 2/2 on $mux $procmux$11902.
    dead port 2/2 on $mux $procmux$1329.
    dead port 2/2 on $mux $procmux$7204.
    dead port 2/2 on $mux $procmux$7202.
    dead port 2/2 on $mux $procmux$12949.
    dead port 1/3 on $pmux $procmux$1315.
    dead port 2/3 on $pmux $procmux$1315.
    dead port 2/2 on $mux $procmux$1312.
    dead port 2/2 on $mux $procmux$17018.
    dead port 2/2 on $mux $procmux$4608.
    dead port 2/2 on $mux $procmux$12947.
    dead port 2/2 on $mux $procmux$4606.
    dead port 2/2 on $mux $procmux$10684.
    dead port 2/2 on $mux $procmux$4777.
    dead port 2/2 on $mux $procmux$18086.
    dead port 2/2 on $mux $procmux$7179.
    dead port 2/2 on $mux $procmux$12912.
    dead port 2/2 on $mux $procmux$7177.
    dead port 1/3 on $pmux $procmux$1297.
    dead port 2/3 on $pmux $procmux$1297.
    dead port 1/2 on $mux $procmux$21073.
    dead port 2/2 on $mux $procmux$1294.
    dead port 2/2 on $mux $procmux$10682.
    dead port 2/2 on $mux $procmux$12910.
    dead port 2/2 on $mux $procmux$18084.
    dead port 2/2 on $mux $procmux$17016.
    dead port 2/2 on $mux $procmux$12875.
    dead port 1/3 on $pmux $procmux$1284.
    dead port 2/3 on $pmux $procmux$1284.
    dead port 2/2 on $mux $procmux$7153.
    dead port 2/2 on $mux $procmux$1281.
    dead port 1/2 on $mux $procmux$10680.
    dead port 2/2 on $mux $procmux$7151.
    dead port 2/2 on $mux $procmux$12873.
    dead port 2/2 on $mux $procmux$12838.
    dead port 2/2 on $mux $procmux$7129.
    dead port 2/2 on $mux $procmux$7127.
    dead port 1/3 on $pmux $procmux$1269.
    dead port 2/3 on $pmux $procmux$1269.
    dead port 2/2 on $mux $procmux$12836.
    dead port 2/2 on $mux $procmux$1266.
    dead port 2/2 on $mux $procmux$10677.
    dead port 2/2 on $mux $procmux$18034.
    dead port 2/2 on $mux $procmux$12801.
    dead port 2/2 on $mux $procmux$7105.
    dead port 2/2 on $mux $procmux$7103.
    dead port 2/2 on $mux $procmux$12799.
    dead port 2/2 on $mux $procmux$18032.
    dead port 1/3 on $pmux $procmux$1254.
    dead port 2/3 on $pmux $procmux$1254.
    dead port 2/2 on $mux $procmux$1251.
    dead port 2/2 on $mux $procmux$4211.
    dead port 2/2 on $mux $procmux$12764.
    dead port 2/2 on $mux $procmux$7081.
    dead port 2/2 on $mux $procmux$7079.
    dead port 2/2 on $mux $procmux$12762.
    dead port 2/2 on $mux $procmux$4209.
    dead port 1/3 on $pmux $procmux$1239.
    dead port 2/3 on $pmux $procmux$1239.
    dead port 2/2 on $mux $procmux$23601.
    dead port 2/2 on $mux $procmux$1236.
    dead port 2/2 on $mux $procmux$4593.
    dead port 2/2 on $mux $procmux$4591.
    dead port 2/2 on $mux $procmux$22791.
    dead port 2/2 on $mux $procmux$12727.
    dead port 1/3 on $pmux $procmux$1224.
    dead port 2/3 on $pmux $procmux$1224.
    dead port 2/2 on $mux $procmux$1221.
    dead port 2/2 on $mux $procmux$12725.
    dead port 2/2 on $mux $procmux$17983.
    dead port 2/2 on $mux $procmux$12690.
    dead port 2/2 on $mux $procmux$12688.
    dead port 2/2 on $mux $procmux$17981.
    dead port 1/3 on $pmux $procmux$1210.
    dead port 2/3 on $pmux $procmux$1210.
    dead port 2/2 on $mux $procmux$12653.
    dead port 2/2 on $mux $procmux$1207.
    dead port 2/2 on $mux $procmux$21017.
    dead port 2/2 on $mux $procmux$10641.
    dead port 2/2 on $mux $procmux$12651.
    dead port 2/2 on $mux $procmux$17936.
    dead port 2/2 on $mux $procmux$4723.
    dead port 2/2 on $mux $procmux$12649.
    dead port 2/2 on $mux $procmux$4721.
    dead port 1/2 on $mux $procmux$1205.
    dead port 2/2 on $mux $procmux$1203.
    dead port 1/3 on $pmux $procmux$1192.
    dead port 2/3 on $pmux $procmux$1192.
    dead port 2/2 on $mux $procmux$1189.
    dead port 2/2 on $mux $procmux$10639.
    dead port 1/2 on $mux $procmux$1187.
    dead port 1/2 on $mux $procmux$1185.
    dead port 2/2 on $mux $procmux$21015.
    dead port 2/2 on $mux $procmux$1183.
    dead port 1/3 on $pmux $procmux$1173.
    dead port 2/3 on $pmux $procmux$1173.
    dead port 2/2 on $mux $procmux$1170.
    dead port 1/2 on $mux $procmux$10637.
    dead port 2/2 on $mux $procmux$17934.
    dead port 2/2 on $mux $procmux$12610.
    dead port 2/2 on $mux $procmux$4704.
    dead port 1/3 on $pmux $procmux$1159.
    dead port 2/3 on $pmux $procmux$1159.
    dead port 2/2 on $mux $procmux$12608.
    dead port 2/2 on $mux $procmux$1156.
    dead port 2/2 on $mux $procmux$6607.
    dead port 2/2 on $mux $procmux$17889.
    dead port 2/2 on $mux $procmux$12606.
    dead port 2/2 on $mux $procmux$4578.
    dead port 1/3 on $pmux $procmux$1145.
    dead port 2/3 on $pmux $procmux$1145.
    dead port 2/2 on $mux $procmux$4576.
    dead port 2/2 on $mux $procmux$1142.
    dead port 2/2 on $mux $procmux$10634.
    dead port 2/2 on $mux $procmux$6983.
    dead port 2/2 on $mux $procmux$6981.
    dead port 1/3 on $pmux $procmux$1132.
    dead port 2/3 on $pmux $procmux$1132.
    dead port 2/2 on $mux $procmux$1129.
    dead port 1/2 on $mux $procmux$17014.
    dead port 2/2 on $mux $procmux$17887.
    dead port 2/2 on $mux $procmux$1127.
    dead port 1/3 on $pmux $procmux$1116.
    dead port 2/3 on $pmux $procmux$1116.
    dead port 2/2 on $mux $procmux$1113.
    dead port 2/2 on $mux $procmux$12567.
    dead port 2/2 on $mux $procmux$6959.
    dead port 1/3 on $pmux $procmux$4194.
    dead port 2/3 on $pmux $procmux$4194.
    dead port 1/3 on $pmux $procmux$1103.
    dead port 2/3 on $pmux $procmux$1103.
    dead port 2/2 on $mux $procmux$6957.
    dead port 2/2 on $mux $procmux$12565.
    dead port 2/2 on $mux $procmux$17842.
    dead port 2/2 on $mux $procmux$12563.
    dead port 2/2 on $mux $procmux$17012.
    dead port 2/2 on $mux $procmux$4563.
    dead port 2/2 on $mux $procmux$4561.
    dead port 2/2 on $mux $procmux$11864.
    dead port 2/2 on $mux $procmux$10597.
    dead port 2/2 on $mux $procmux$4546.
    dead port 1/3 on $pmux $procmux$1089.
    dead port 2/3 on $pmux $procmux$1089.
    dead port 2/2 on $mux $procmux$4544.
    dead port 2/2 on $mux $procmux$1086.
    dead port 2/2 on $mux $procmux$23871.
    dead port 1/3 on $pmux $procmux$1073.
    dead port 2/3 on $pmux $procmux$1073.
    dead port 2/2 on $mux $procmux$4529.
    dead port 2/2 on $mux $procmux$1070.
    dead port 2/2 on $mux $procmux$10595.
    dead port 2/2 on $mux $procmux$4527.
    dead port 1/3 on $pmux $procmux$1057.
    dead port 2/3 on $pmux $procmux$1057.
    dead port 2/2 on $mux $procmux$16964.
    dead port 2/2 on $mux $procmux$1054.
    dead port 1/3 on $pmux $procmux$4171.
    dead port 2/3 on $pmux $procmux$4171.
    dead port 2/2 on $mux $procmux$4512.
    dead port 2/2 on $mux $procmux$4510.
    dead port 1/3 on $pmux $procmux$1040.
    dead port 2/3 on $pmux $procmux$1040.
    dead port 2/2 on $mux $procmux$1037.
    dead port 1/2 on $mux $procmux$10593.
    dead port 2/2 on $mux $procmux$4495.
    dead port 2/2 on $mux $procmux$4493.
    dead port 1/3 on $pmux $procmux$1025.
    dead port 2/3 on $pmux $procmux$1025.
    dead port 2/2 on $mux $procmux$1022.
    dead port 2/2 on $mux $procmux$6605.
    dead port 2/2 on $mux $procmux$4477.
    dead port 2/2 on $mux $procmux$4475.
    dead port 1/3 on $pmux $procmux$1008.
    dead port 2/3 on $pmux $procmux$1008.
    dead port 2/2 on $mux $procmux$1005.
    dead port 2/2 on $mux $procmux$10590.
    dead port 2/2 on $mux $procmux$4460.
    dead port 2/2 on $mux $procmux$4458.
    dead port 1/3 on $pmux $procmux$992.
    dead port 2/3 on $pmux $procmux$992.
    dead port 2/2 on $mux $procmux$12194.
    dead port 2/2 on $mux $procmux$989.
    dead port 1/3 on $pmux $procmux$977.
    dead port 2/3 on $pmux $procmux$977.
    dead port 2/2 on $mux $procmux$974.
    dead port 1/2 on $mux $procmux$21013.
    dead port 1/3 on $pmux $procmux$962.
    dead port 2/3 on $pmux $procmux$962.
    dead port 2/2 on $mux $procmux$959.
    dead port 1/3 on $pmux $procmux$949.
    dead port 2/3 on $pmux $procmux$949.
    dead port 2/2 on $mux $procmux$946.
    dead port 2/2 on $mux $procmux$16962.
    dead port 1/3 on $pmux $procmux$935.
    dead port 2/3 on $pmux $procmux$935.
    dead port 2/2 on $mux $procmux$932.
    dead port 2/2 on $mux $procmux$12524.
    dead port 2/2 on $mux $procmux$6912.
    dead port 2/2 on $mux $procmux$17840.
    dead port 2/2 on $mux $procmux$6910.
    dead port 1/3 on $pmux $procmux$921.
    dead port 2/3 on $pmux $procmux$921.
    dead port 2/2 on $mux $procmux$918.
    dead port 2/2 on $mux $procmux$12522.
    dead port 1/2 on $mux $procmux$6906.
    dead port 2/2 on $mux $procmux$12520.
    dead port 1/3 on $pmux $procmux$907.
    dead port 2/3 on $pmux $procmux$907.
    dead port 2/2 on $mux $procmux$10554.
    dead port 2/2 on $mux $procmux$6904.
    dead port 2/2 on $mux $procmux$17795.
    dead port 1/3 on $pmux $procmux$4148.
    dead port 2/3 on $pmux $procmux$4148.
    dead port 2/2 on $mux $procmux$16919.
    dead port 2/2 on $mux $procmux$12481.
    dead port 2/2 on $mux $procmux$17793.
    dead port 2/2 on $mux $procmux$10552.
    dead port 2/2 on $mux $procmux$12479.
    dead port 2/2 on $mux $procmux$4448.
    dead port 2/2 on $mux $procmux$4446.
    dead port 2/2 on $mux $procmux$20957.
    dead port 1/2 on $mux $procmux$10550.
    dead port 2/2 on $mux $procmux$12477.
    dead port 2/2 on $mux $procmux$6879.
    dead port 2/2 on $mux $procmux$10547.
    dead port 2/2 on $mux $procmux$6877.
    dead port 2/2 on $mux $procmux$17748.
    dead port 1/2 on $mux $procmux$6873.
    dead port 2/2 on $mux $procmux$6871.
    dead port 2/2 on $mux $procmux$16917.
    dead port 2/2 on $mux $procmux$6852.
    dead port 2/2 on $mux $procmux$22042.
    dead port 1/3 on $pmux $procmux$890.
    dead port 2/3 on $pmux $procmux$890.
    dead port 2/2 on $mux $procmux$887.
    dead port 2/2 on $mux $procmux$10512.
    dead port 2/2 on $mux $procmux$16874.
    dead port 1/3 on $pmux $procmux$875.
    dead port 2/3 on $pmux $procmux$875.
    dead port 2/2 on $mux $procmux$872.
    dead port 2/2 on $mux $procmux$11862.
    dead port 1/3 on $pmux $procmux$860.
    dead port 2/3 on $pmux $procmux$860.
    dead port 2/2 on $mux $procmux$857.
    dead port 2/2 on $mux $procmux$10510.
    dead port 1/3 on $pmux $procmux$845.
    dead port 2/3 on $pmux $procmux$845.
    dead port 2/2 on $mux $procmux$842.
    dead port 2/2 on $mux $procmux$20955.
    dead port 2/2 on $mux $procmux$4435.
    dead port 2/2 on $mux $procmux$4433.
    dead port 1/2 on $mux $procmux$10508.
    dead port 1/3 on $pmux $procmux$829.
    dead port 2/3 on $pmux $procmux$829.
    dead port 2/2 on $mux $procmux$826.
    dead port 2/2 on $mux $procmux$10505.
    dead port 1/3 on $pmux $procmux$814.
    dead port 2/3 on $pmux $procmux$814.
    dead port 2/2 on $mux $procmux$811.
    dead port 2/2 on $mux $procmux$4421.
    dead port 2/2 on $mux $procmux$4419.
    dead port 1/3 on $pmux $procmux$798.
    dead port 2/3 on $pmux $procmux$798.
    dead port 2/2 on $mux $procmux$795.
    dead port 2/2 on $mux $procmux$16872.
    dead port 2/2 on $mux $procmux$24111.
    dead port 1/3 on $pmux $procmux$784.
    dead port 2/3 on $pmux $procmux$784.
    dead port 2/2 on $mux $procmux$781.
    dead port 2/2 on $mux $procmux$4407.
    dead port 2/2 on $mux $procmux$4405.
    dead port 1/3 on $pmux $procmux$770.
    dead port 2/3 on $pmux $procmux$770.
    dead port 2/2 on $mux $procmux$767.
    dead port 1/3 on $pmux $procmux$758.
    dead port 2/3 on $pmux $procmux$758.
    dead port 2/2 on $mux $procmux$755.
    dead port 2/2 on $mux $procmux$4668.
    dead port 2/2 on $mux $procmux$4394.
    dead port 2/2 on $mux $procmux$21597.
    dead port 2/2 on $mux $procmux$4392.
    dead port 1/3 on $pmux $procmux$745.
    dead port 2/3 on $pmux $procmux$745.
    dead port 2/2 on $mux $procmux$10470.
    dead port 2/2 on $mux $procmux$742.
    dead port 2/2 on $mux $procmux$16829.
    dead port 2/2 on $mux $procmux$12438.
    dead port 2/2 on $mux $procmux$6850.
    dead port 2/2 on $mux $procmux$17746.
    dead port 1/3 on $pmux $procmux$4137.
    dead port 2/3 on $pmux $procmux$4137.
    dead port 1/2 on $mux $procmux$6846.
    dead port 1/3 on $pmux $procmux$732.
    dead port 2/3 on $pmux $procmux$732.
    dead port 2/2 on $mux $procmux$6844.
    dead port 2/2 on $mux $procmux$729.
    dead port 2/2 on $mux $procmux$10468.
    dead port 2/2 on $mux $procmux$12436.
    dead port 2/2 on $mux $procmux$4692.
    dead port 2/2 on $mux $procmux$6825.
    dead port 1/3 on $pmux $procmux$719.
    dead port 2/3 on $pmux $procmux$719.
    dead port 2/2 on $mux $procmux$6823.
    dead port 2/2 on $mux $procmux$716.
    dead port 2/2 on $mux $procmux$12434.
    dead port 1/2 on $mux $procmux$6819.
    dead port 2/2 on $mux $procmux$17701.
    dead port 1/2 on $mux $procmux$714.
    dead port 2/2 on $mux $procmux$6817.
    dead port 2/2 on $mux $procmux$712.
    dead port 1/3 on $pmux $procmux$702.
    dead port 2/3 on $pmux $procmux$702.
    dead port 2/2 on $mux $procmux$6798.
    dead port 1/2 on $mux $procmux$20953.
    dead port 2/2 on $mux $procmux$6796.
    dead port 2/2 on $mux $procmux$12395.
    dead port 2/2 on $mux $procmux$17699.
    dead port 1/2 on $mux $procmux$6792.
    dead port 2/2 on $mux $procmux$12393.
    dead port 2/2 on $mux $procmux$6790.
    dead port 2/2 on $mux $procmux$21821.
    dead port 2/2 on $mux $procmux$6771.
    dead port 2/2 on $mux $procmux$12391.
    dead port 2/2 on $mux $procmux$6769.
    dead port 2/2 on $mux $procmux$11860.
    dead port 2/2 on $mux $procmux$6763.
    dead port 2/2 on $mux $procmux$6761.
    dead port 2/2 on $mux $procmux$16827.
    dead port 1/2 on $mux $procmux$683.
    dead port 1/2 on $mux $procmux$676.
    dead port 1/2 on $mux $procmux$673.
    dead port 2/2 on $mux $procmux$23925.
    dead port 2/2 on $mux $procmux$12352.
    dead port 2/2 on $mux $procmux$10457.
    dead port 2/2 on $mux $procmux$6743.
    dead port 2/2 on $mux $procmux$12350.
    dead port 2/2 on $mux $procmux$6741.
    dead port 2/2 on $mux $procmux$12348.
    dead port 2/2 on $mux $procmux$10455.
    dead port 2/2 on $mux $procmux$17648.
    dead port 2/2 on $mux $procmux$6723.
    dead port 2/2 on $mux $procmux$4383.
    dead port 2/2 on $mux $procmux$4381.
    dead port 2/2 on $mux $procmux$16784.
    dead port 2/2 on $mux $procmux$6721.
    dead port 2/2 on $mux $procmux$17646.
    dead port 2/2 on $mux $procmux$6704.
    dead port 2/2 on $mux $procmux$12308.
    dead port 2/2 on $mux $procmux$6702.
    dead port 2/2 on $mux $procmux$6697.
    dead port 2/2 on $mux $procmux$12306.
    dead port 2/2 on $mux $procmux$6695.
    dead port 1/3 on $pmux $procmux$4118.
    dead port 2/3 on $pmux $procmux$4118.
    dead port 1/2 on $mux $procmux$12304.
    dead port 2/2 on $mux $procmux$12301.
    dead port 2/2 on $mux $procmux$21713.
    dead port 2/2 on $mux $procmux$12266.
    dead port 2/2 on $mux $procmux$23978.
    dead port 2/2 on $mux $procmux$6682.
    dead port 2/2 on $mux $procmux$12264.
    dead port 2/2 on $mux $procmux$6680.
    dead port 2/2 on $mux $procmux$20897.
    dead port 2/2 on $mux $procmux$17595.
    dead port 2/2 on $mux $procmux$12230.
    dead port 2/2 on $mux $procmux$12228.
Removed 1665 multiplexer ports.
<suppressed ~3651 debug messages>

3.6.4. Executing OPT_REDUCE pass (consolidate $*mux and $reduce_* inputs).
  Optimizing cells in module \tv80_mcode_gate.
    New ctrl vector for $pmux cell $procmux$4683: { $procmux$4684_CTRL $auto$opt_reduce.cc:137:opt_pmux$24451 $procmux$4360_CTRL $procmux$4688_CTRL $procmux$22681_CMP }
    New ctrl vector for $pmux cell $procmux$23389: { $auto$opt_reduce.cc:137:opt_pmux$24453 $procmux$6666_CTRL $procmux$22641_CMP $procmux$22642_CMP $procmux$22643_CMP $procmux$22648_CMP $procmux$22649_CMP $procmux$22656_CMP $procmux$22672_CMP $procmux$22673_CMP $procmux$22675_CMP $procmux$22678_CMP }
    New ctrl vector for $pmux cell $procmux$3727: { $procmux$4142_CTRL $procmux$4143_CTRL $procmux$4701_CMP [34] $procmux$4701_CMP [41] $procmux$4114_CTRL $procmux$4115_CTRL $procmux$4145_CTRL $procmux$4146_CTRL $auto$opt_reduce.cc:137:opt_pmux$24455 }
    New ctrl vector for $pmux cell $procmux$22903: { $auto$opt_reduce.cc:137:opt_pmux$24457 $procmux$22657_CMP }
    New ctrl vector for $pmux cell $procmux$4997: { $auto$opt_reduce.cc:137:opt_pmux$24461 $procmux$22639_CTRL $procmux$6666_CTRL $procmux$22641_CMP $procmux$22642_CMP $procmux$22643_CMP $auto$opt_reduce.cc:137:opt_pmux$24459 $procmux$22656_CMP $procmux$22665_CMP $procmux$22669_CMP $procmux$22670_CMP }
    New ctrl vector for $pmux cell $procmux$22633: { $auto$opt_reduce.cc:137:opt_pmux$24463 $procmux$22644_CMP $procmux$22646_CMP $procmux$22647_CMP $procmux$22653_CMP }
    New ctrl vector for $pmux cell $procmux$23984: { $auto$opt_reduce.cc:137:opt_pmux$24465 $procmux$22692_CMP $procmux$22678_CMP $procmux$22679_CMP $procmux$22680_CMP }
    New ctrl vector for $pmux cell $procmux$4647: { $procmux$4684_CTRL $auto$opt_reduce.cc:137:opt_pmux$24467 $procmux$4360_CTRL $procmux$22681_CMP }
    New ctrl vector for $pmux cell $procmux$23551: { $auto$opt_reduce.cc:137:opt_pmux$24469 $procmux$22645_CMP }
    New ctrl vector for $pmux cell $procmux$21771: { $auto$opt_reduce.cc:137:opt_pmux$24479 $auto$opt_reduce.cc:137:opt_pmux$24477 $procmux$6666_CTRL $procmux$22642_CMP $auto$opt_reduce.cc:137:opt_pmux$24475 $procmux$22646_CMP $procmux$22656_CMP $procmux$22661_CMP $procmux$22662_CMP $auto$opt_reduce.cc:137:opt_pmux$24473 $procmux$22664_CMP $auto$opt_reduce.cc:137:opt_pmux$24471 $procmux$22681_CMP $procmux$22682_CMP }
    New ctrl vector for $pmux cell $procmux$4635: { $procmux$4684_CTRL $procmux$4685_CTRL $procmux$4360_CTRL $procmux$4371_CTRL $auto$opt_reduce.cc:137:opt_pmux$24481 $procmux$22681_CMP $procmux$4679_CTRL }
    New ctrl vector for $pmux cell $procmux$23065: { $auto$opt_reduce.cc:137:opt_pmux$24483 $procmux$22644_CMP }
    New ctrl vector for $pmux cell $procmux$24119: { $auto$opt_reduce.cc:137:opt_pmux$24485 $procmux$22672_CMP $procmux$22673_CMP }
    New ctrl vector for $pmux cell $procmux$23227: { $auto$opt_reduce.cc:137:opt_pmux$24487 $procmux$22668_CMP }
    New ctrl vector for $pmux cell $procmux$4835: { $auto$opt_reduce.cc:137:opt_pmux$24489 $procmux$22691_CMP $procmux$22639_CTRL $procmux$22642_CMP $procmux$22643_CMP $procmux$22644_CMP $procmux$22653_CMP $procmux$22656_CMP $procmux$22661_CMP $procmux$22662_CMP $procmux$22665_CMP $procmux$22670_CMP $procmux$22672_CMP $procmux$22675_CMP $procmux$22676_CMP $procmux$22677_CMP $procmux$22681_CMP $procmux$22682_CMP }
    New ctrl vector for $pmux cell $procmux$21933: { $auto$opt_reduce.cc:137:opt_pmux$24491 $procmux$22691_CMP $procmux$22692_CMP $procmux$22639_CTRL $procmux$6666_CTRL $procmux$22641_CMP $procmux$22642_CMP $procmux$22643_CMP $procmux$22656_CMP $procmux$22661_CMP $procmux$22662_CMP $procmux$22664_CMP $procmux$22665_CMP $procmux$22669_CMP $procmux$22670_CMP $procmux$22672_CMP $procmux$22673_CMP $procmux$22675_CMP $procmux$22676_CMP $procmux$22677_CMP $procmux$22678_CMP $procmux$22679_CMP $procmux$22680_CMP $procmux$22681_CMP $procmux$22682_CMP }
    New ctrl vector for $pmux cell $procmux$23497: { $auto$opt_reduce.cc:137:opt_pmux$24493 $procmux$22642_CMP $procmux$22643_CMP }
    New ctrl vector for $pmux cell $procmux$5285: { $auto$opt_reduce.cc:137:opt_pmux$24495 $procmux$22691_CMP $procmux$22639_CTRL $procmux$22642_CMP $procmux$22643_CMP $procmux$22644_CMP $procmux$22653_CMP $procmux$22656_CMP $procmux$22661_CMP $procmux$22662_CMP $procmux$22663_CMP $procmux$22664_CMP $procmux$22665_CMP $procmux$22670_CMP $procmux$22672_CMP $procmux$22675_CMP $procmux$22676_CMP $procmux$22677_CMP $procmux$22681_CMP $procmux$22682_CMP }
    New ctrl vector for $pmux cell $procmux$23011: { $auto$opt_reduce.cc:137:opt_pmux$24497 $procmux$22659_CMP }
    New ctrl vector for $pmux cell $procmux$23119: { $auto$opt_reduce.cc:137:opt_pmux$24499 $procmux$22666_CMP }
    New ctrl vector for $pmux cell $procmux$22687: { $auto$opt_reduce.cc:137:opt_pmux$24501 $procmux$22691_CMP $procmux$22692_CMP }
    New ctrl vector for $pmux cell $procmux$23335: { $auto$opt_reduce.cc:137:opt_pmux$24503 $procmux$22642_CMP $procmux$22643_CMP $procmux$22672_CMP $procmux$22673_CMP }
    New ctrl vector for $pmux cell $procmux$4611: { $procmux$4684_CTRL $procmux$4685_CTRL $procmux$4360_CTRL $procmux$4371_CTRL $auto$opt_reduce.cc:137:opt_pmux$24505 $procmux$22681_CMP $procmux$4679_CTRL }
    New ctrl vector for $pmux cell $procmux$4781: { $auto$opt_reduce.cc:137:opt_pmux$24509 $auto$opt_reduce.cc:137:opt_pmux$24507 $procmux$22653_CMP $procmux$22661_CMP $procmux$22662_CMP $procmux$22663_CMP $procmux$22664_CMP $procmux$22665_CMP $procmux$22669_CMP $procmux$22673_CMP $procmux$23484_CTRL $procmux$22681_CMP $procmux$22682_CMP }
    New ctrl vector for $pmux cell $procmux$3808: { $auto$opt_reduce.cc:137:opt_pmux$24517 $auto$opt_reduce.cc:137:opt_pmux$24515 $auto$opt_reduce.cc:137:opt_pmux$24513 $auto$opt_reduce.cc:137:opt_pmux$24511 }
    New ctrl vector for $pmux cell $procmux$23821: { $auto$opt_reduce.cc:137:opt_pmux$24521 $procmux$22644_CMP $auto$opt_reduce.cc:137:opt_pmux$24519 $procmux$22653_CMP $procmux$22661_CMP $procmux$22662_CMP $procmux$22663_CMP $procmux$22664_CMP }
    New ctrl vector for $pmux cell $procmux$22849: { $auto$opt_reduce.cc:137:opt_pmux$24523 $procmux$22655_CMP }
    New ctrl vector for $pmux cell $procmux$23605: { $auto$opt_reduce.cc:137:opt_pmux$24525 $procmux$22644_CMP $procmux$22646_CMP $procmux$22647_CMP }
    New ctrl vector for $pmux cell $procmux$4727: { $auto$opt_reduce.cc:137:opt_pmux$24527 $procmux$22665_CMP $procmux$22669_CMP $procmux$23484_CTRL }
    New ctrl vector for $pmux cell $procmux$23875: { $auto$opt_reduce.cc:137:opt_pmux$24529 $procmux$22644_CMP $procmux$23028_CTRL $procmux$22653_CMP $procmux$22660_CMP $procmux$22661_CMP $procmux$22662_CMP }
    New ctrl vector for $pmux cell $procmux$23281: { $auto$opt_reduce.cc:137:opt_pmux$24531 $procmux$22671_CMP }
    New ctrl vector for $pmux cell $procmux$22741: { $auto$opt_reduce.cc:137:opt_pmux$24535 $procmux$22639_CTRL $procmux$6666_CTRL $procmux$22642_CMP $procmux$22643_CMP $procmux$22644_CMP $procmux$22646_CMP $procmux$22647_CMP $auto$opt_reduce.cc:137:opt_pmux$24533 $procmux$22653_CMP $procmux$22656_CMP $procmux$22661_CMP $procmux$22662_CMP $procmux$22665_CMP $procmux$22670_CMP }
    New ctrl vector for $pmux cell $procmux$23173: { $auto$opt_reduce.cc:137:opt_pmux$24537 $procmux$22667_CMP }
    New ctrl vector for $pmux cell $procmux$23659: { $auto$opt_reduce.cc:137:opt_pmux$24539 $procmux$6666_CTRL $procmux$22641_CMP $procmux$22648_CMP $procmux$22649_CMP $procmux$22656_CMP }
    New ctrl vector for $pmux cell $procmux$23767: { $auto$opt_reduce.cc:137:opt_pmux$24541 $procmux$22661_CMP $procmux$22662_CMP }
    New ctrl vector for $pmux cell $procmux$24173: { $auto$opt_reduce.cc:137:opt_pmux$24543 $procmux$22691_CMP $procmux$22692_CMP $procmux$22642_CMP $procmux$22643_CMP $procmux$22644_CMP $procmux$22646_CMP $procmux$22647_CMP $procmux$22648_CMP $procmux$22649_CMP $procmux$22656_CMP $procmux$22663_CMP $procmux$22672_CMP $procmux$22673_CMP $procmux$23484_CTRL $procmux$22675_CMP $procmux$22678_CMP $procmux$22681_CMP }
    New ctrl vector for $pmux cell $procmux$4659: { $procmux$4684_CTRL $auto$opt_reduce.cc:137:opt_pmux$24545 $procmux$4360_CTRL $procmux$4688_CTRL $procmux$22681_CMP }
    New ctrl vector for $pmux cell $procmux$21825: { $auto$opt_reduce.cc:137:opt_pmux$24547 $procmux$22682_CMP }
    New ctrl vector for $pmux cell $procmux$894: { $procmux$4111_CTRL $procmux$4701_CMP [34] $procmux$4701_CMP [41] $procmux$4114_CTRL $procmux$4115_CTRL $procmux$4135_CTRL $procmux$4145_CTRL $procmux$4146_CTRL $procmux$4192_CTRL }
    New ctrl vector for $pmux cell $procmux$4671: { $auto$opt_reduce.cc:137:opt_pmux$24551 $auto$opt_reduce.cc:137:opt_pmux$24549 $procmux$4688_CTRL }
    New ctrl vector for $pmux cell $procmux$24412: $auto$opt_reduce.cc:137:opt_pmux$24553
    New ctrl vector for $pmux cell $procmux$5145: { $auto$opt_reduce.cc:137:opt_pmux$24555 $procmux$22639_CTRL $procmux$6666_CTRL $procmux$22641_CMP $procmux$22642_CMP $procmux$22643_CMP $procmux$22651_CMP $procmux$22652_CMP $procmux$22656_CMP $procmux$22665_CMP $procmux$22669_CMP $procmux$22670_CMP }
    New ctrl vector for $pmux cell $procmux$24038: { $procmux$22796_CTRL $procmux$22689_CMP $procmux$22690_CMP $auto$opt_reduce.cc:137:opt_pmux$24557 }
    New ctrl vector for $pmux cell $procmux$4695: $auto$opt_reduce.cc:137:opt_pmux$24559
    New ctrl vector for $pmux cell $procmux$23713: { $auto$opt_reduce.cc:137:opt_pmux$24561 $procmux$22653_CMP }
    New ctrl vector for $pmux cell $procmux$22795: { $auto$opt_reduce.cc:137:opt_pmux$24563 $procmux$22654_CMP }
    New ctrl vector for $pmux cell $procmux$21879: { $auto$opt_reduce.cc:137:opt_pmux$24565 $procmux$22682_CMP }
    New ctrl vector for $pmux cell $procmux$22957: { $auto$opt_reduce.cc:137:opt_pmux$24567 $procmux$22658_CMP }
    New ctrl vector for $pmux cell $procmux$696: { $procmux$4135_CTRL $procmux$4192_CTRL }
    New ctrl vector for $pmux cell $procmux$21717: { $auto$opt_reduce.cc:137:opt_pmux$24569 $procmux$22691_CMP $procmux$22639_CTRL $procmux$22642_CMP $procmux$22643_CMP $procmux$22656_CMP $procmux$22661_CMP $procmux$22662_CMP $procmux$22665_CMP $procmux$22670_CMP $procmux$22672_CMP $procmux$22675_CMP $procmux$22676_CMP $procmux$22677_CMP $procmux$22681_CMP $procmux$22682_CMP }
    New ctrl vector for $pmux cell $procmux$24416: $auto$opt_reduce.cc:137:opt_pmux$24571
    New ctrl vector for $pmux cell $procmux$24420: $auto$opt_reduce.cc:137:opt_pmux$24573
    New ctrl vector for $pmux cell $procmux$23443: { $auto$opt_reduce.cc:137:opt_pmux$24575 $procmux$22639_CTRL }
    New ctrl vector for $pmux cell $procmux$24424: $auto$opt_reduce.cc:137:opt_pmux$24577
    New ctrl vector for $pmux cell $procmux$24428: $auto$opt_reduce.cc:137:opt_pmux$24579
    New ctrl vector for $pmux cell $procmux$24432: $auto$opt_reduce.cc:137:opt_pmux$24581
    New ctrl vector for $pmux cell $procmux$24436: $auto$opt_reduce.cc:137:opt_pmux$24583
    New ctrl vector for $pmux cell $procmux$24440: $auto$opt_reduce.cc:137:opt_pmux$24585
    New ctrl vector for $pmux cell $procmux$22093: { $auto$opt_reduce.cc:137:opt_pmux$24589 $procmux$22644_CMP $auto$opt_reduce.cc:137:opt_pmux$24587 $procmux$22653_CMP $procmux$22661_CMP $procmux$22662_CMP $procmux$22663_CMP $procmux$22664_CMP $procmux$22665_CMP $procmux$22669_CMP $procmux$22673_CMP $procmux$23484_CTRL $procmux$22681_CMP $procmux$22682_CMP }
    New ctrl vector for $pmux cell $procmux$24444: $auto$opt_reduce.cc:137:opt_pmux$24591
    New input vector for $reduce_or cell $auto$opt_reduce.cc:131:opt_pmux$24450: { $procmux$22694_CMP [0] $procmux$22693_CMP $procmux$22692_CMP $procmux$22691_CMP $procmux$22690_CMP $procmux$22689_CMP $procmux$22688_CMP $procmux$22680_CMP $procmux$22679_CMP $procmux$22678_CMP $procmux$22677_CMP $procmux$22676_CMP $procmux$22675_CMP $procmux$22674_CMP $procmux$22673_CMP $procmux$22672_CMP $procmux$22671_CMP $procmux$22668_CMP $procmux$22667_CMP $procmux$22666_CMP $procmux$22665_CMP $procmux$22660_CMP $procmux$22659_CMP $procmux$22658_CMP $procmux$22657_CMP $procmux$22656_CMP $procmux$22655_CMP $procmux$22654_CMP $procmux$22650_CMP $procmux$22649_CMP $procmux$22647_CMP $procmux$22645_CMP $procmux$22644_CMP $procmux$22643_CMP $procmux$22641_CMP $procmux$22640_CMP [7:1] $procmux$4703_CMP [54:52] $procmux$4703_CMP [50:49] $procmux$4703_CMP [47:45] $procmux$4703_CMP [42] $procmux$4703_CMP [40:38] $procmux$4703_CMP [36:35] $procmux$4703_CMP [33:31] $procmux$4703_CMP [28] $procmux$4703_CMP [26:24] $procmux$4703_CMP [22] $procmux$4703_CMP [19:17] $procmux$4703_CMP [15] $procmux$4703_CMP [12:10] $procmux$4703_CMP [5:3] $procmux$4701_CMP $procmux$4699_CMP [53] $procmux$4699_CMP [51] $procmux$4699_CMP [47:46] $procmux$4699_CMP [44:43] $procmux$4699_CMP [39] $procmux$4699_CMP [37] $procmux$4699_CMP [33:32] $procmux$4699_CMP [30:29] $procmux$4699_CMP [25] $procmux$4699_CMP [23] $procmux$4699_CMP [19:18] $procmux$4699_CMP [16:15] $procmux$4699_CMP [11] $procmux$4699_CMP [9] $procmux$4699_CMP [5:4] $procmux$4699_CMP [2:1] $procmux$4697_CMP }
    New input vector for $reduce_or cell $auto$opt_reduce.cc:131:opt_pmux$24452: { $procmux$22693_CMP $procmux$22692_CMP $procmux$22691_CMP $procmux$22690_CMP $procmux$22689_CMP $procmux$22688_CMP $procmux$22682_CMP $procmux$22681_CMP $procmux$22680_CMP $procmux$22679_CMP $procmux$22677_CMP $procmux$22676_CMP $procmux$22674_CMP $procmux$22671_CMP $procmux$22670_CMP $procmux$22669_CMP $procmux$22668_CMP $procmux$22667_CMP $procmux$22666_CMP $procmux$22665_CMP $procmux$22664_CMP $procmux$22663_CMP $procmux$22662_CMP $procmux$22661_CMP $procmux$22660_CMP $procmux$22659_CMP $procmux$22658_CMP $procmux$22657_CMP $procmux$22655_CMP $procmux$22654_CMP $procmux$22653_CMP $procmux$22652_CMP $procmux$22651_CMP $procmux$22650_CMP $procmux$22647_CMP $procmux$22646_CMP $procmux$22645_CMP $procmux$22644_CMP }
    New input vector for $reduce_or cell $auto$opt_reduce.cc:131:opt_pmux$24456: { $procmux$22694_CMP [0] $procmux$22693_CMP $procmux$22692_CMP $procmux$22691_CMP $procmux$22690_CMP $procmux$22689_CMP $procmux$22688_CMP $procmux$22682_CMP $procmux$22681_CMP $procmux$22680_CMP $procmux$22679_CMP $procmux$22678_CMP $procmux$22677_CMP $procmux$22676_CMP $procmux$22675_CMP $procmux$22674_CMP $procmux$22673_CMP $procmux$22672_CMP $procmux$22671_CMP $procmux$22670_CMP $procmux$22669_CMP $procmux$22668_CMP $procmux$22667_CMP $procmux$22666_CMP $procmux$22665_CMP $procmux$22664_CMP $procmux$22663_CMP $procmux$22662_CMP $procmux$22661_CMP $procmux$22660_CMP $procmux$22659_CMP $procmux$22658_CMP $procmux$22656_CMP $procmux$22655_CMP $procmux$22654_CMP $procmux$22653_CMP $procmux$22652_CMP $procmux$22651_CMP $procmux$22650_CMP $procmux$22649_CMP $procmux$22648_CMP $procmux$22647_CMP $procmux$22646_CMP $procmux$22645_CMP $procmux$22644_CMP $procmux$22643_CMP $procmux$22642_CMP $procmux$22641_CMP $procmux$22640_CMP [7:1] }
    New input vector for $reduce_or cell $auto$opt_reduce.cc:131:opt_pmux$24460: { $procmux$22692_CMP $procmux$22691_CMP $procmux$22690_CMP $procmux$22689_CMP $procmux$22688_CMP $procmux$22682_CMP $procmux$22681_CMP $procmux$22680_CMP $procmux$22679_CMP $procmux$22678_CMP $procmux$22677_CMP $procmux$22676_CMP $procmux$22675_CMP $procmux$22674_CMP $procmux$22673_CMP $procmux$22672_CMP $procmux$22671_CMP $procmux$22668_CMP $procmux$22667_CMP $procmux$22666_CMP $procmux$22664_CMP $procmux$22663_CMP $procmux$22662_CMP $procmux$22661_CMP $procmux$22660_CMP $procmux$22659_CMP $procmux$22658_CMP $procmux$22657_CMP $procmux$22655_CMP $procmux$22654_CMP $procmux$22653_CMP $procmux$22650_CMP $procmux$22649_CMP $procmux$22648_CMP $procmux$22647_CMP $procmux$22646_CMP $procmux$22645_CMP $procmux$22644_CMP }
    New input vector for $reduce_or cell $auto$opt_reduce.cc:131:opt_pmux$24462: { $procmux$22694_CMP [0] $procmux$22693_CMP $procmux$22692_CMP $procmux$22691_CMP $procmux$22690_CMP $procmux$22689_CMP $procmux$22688_CMP $procmux$22682_CMP $procmux$22681_CMP $procmux$22680_CMP $procmux$22679_CMP $procmux$22678_CMP $procmux$22677_CMP $procmux$22676_CMP $procmux$22675_CMP $procmux$22674_CMP $procmux$22673_CMP $procmux$22672_CMP $procmux$22671_CMP $procmux$22670_CMP $procmux$22669_CMP $procmux$22668_CMP $procmux$22667_CMP $procmux$22666_CMP $procmux$22665_CMP $procmux$22664_CMP $procmux$22663_CMP $procmux$22662_CMP $procmux$22661_CMP $procmux$22660_CMP $procmux$22659_CMP $procmux$22658_CMP $procmux$22657_CMP $procmux$22656_CMP $procmux$22655_CMP $procmux$22654_CMP $procmux$22652_CMP $procmux$22651_CMP $procmux$22650_CMP $procmux$22649_CMP $procmux$22648_CMP $procmux$22645_CMP $procmux$22643_CMP $procmux$22642_CMP $procmux$22641_CMP $procmux$22640_CMP [7:1] }
    New input vector for $reduce_or cell $auto$opt_reduce.cc:131:opt_pmux$24464: { $procmux$22694_CMP [0] $procmux$22693_CMP $procmux$22691_CMP $procmux$22690_CMP $procmux$22689_CMP $procmux$22688_CMP $procmux$22682_CMP $procmux$22681_CMP $procmux$22677_CMP $procmux$22676_CMP $procmux$22675_CMP $procmux$22674_CMP $procmux$22673_CMP $procmux$22672_CMP $procmux$22671_CMP $procmux$22670_CMP $procmux$22669_CMP $procmux$22668_CMP $procmux$22667_CMP $procmux$22666_CMP $procmux$22665_CMP $procmux$22664_CMP $procmux$22663_CMP $procmux$22662_CMP $procmux$22661_CMP $procmux$22660_CMP $procmux$22659_CMP $procmux$22658_CMP $procmux$22657_CMP $procmux$22656_CMP $procmux$22655_CMP $procmux$22654_CMP $procmux$22653_CMP $procmux$22652_CMP $procmux$22651_CMP $procmux$22650_CMP $procmux$22649_CMP $procmux$22648_CMP $procmux$22647_CMP $procmux$22646_CMP $procmux$22645_CMP $procmux$22644_CMP $procmux$22643_CMP $procmux$22642_CMP $procmux$22641_CMP $procmux$22640_CMP [7:1] }
    New input vector for $reduce_or cell $auto$opt_reduce.cc:131:opt_pmux$24466: { $procmux$22694_CMP [0] $procmux$22693_CMP $procmux$22692_CMP $procmux$22691_CMP $procmux$22690_CMP $procmux$22689_CMP $procmux$22688_CMP $procmux$22680_CMP $procmux$22679_CMP $procmux$22678_CMP $procmux$22677_CMP $procmux$22676_CMP $procmux$22675_CMP $procmux$22674_CMP $procmux$22673_CMP $procmux$22672_CMP $procmux$22671_CMP $procmux$22668_CMP $procmux$22667_CMP $procmux$22666_CMP $procmux$22665_CMP $procmux$22660_CMP $procmux$22659_CMP $procmux$22658_CMP $procmux$22657_CMP $procmux$22656_CMP $procmux$22655_CMP $procmux$22654_CMP $procmux$22650_CMP $procmux$22649_CMP $procmux$22647_CMP $procmux$22645_CMP $procmux$22644_CMP $procmux$22643_CMP $procmux$22641_CMP $procmux$22640_CMP [7:1] $procmux$4703_CMP [54:52] $procmux$4703_CMP [50:49] $procmux$4703_CMP [47:45] $procmux$4703_CMP [42] $procmux$4703_CMP [40:38] $procmux$4703_CMP [36:35] $procmux$4703_CMP [33:31] $procmux$4703_CMP [28] $procmux$4703_CMP [26:24] $procmux$4703_CMP [22] $procmux$4703_CMP [19:17] $procmux$4703_CMP [15] $procmux$4703_CMP [12:10] $procmux$4703_CMP [5:3] $procmux$4701_CMP $procmux$4700_CMP $procmux$4699_CMP [53] $procmux$4699_CMP [51] $procmux$4699_CMP [47:46] $procmux$4699_CMP [44:43] $procmux$4699_CMP [39] $procmux$4699_CMP [37] $procmux$4699_CMP [33:32] $procmux$4699_CMP [30:29] $procmux$4699_CMP [25] $procmux$4699_CMP [23] $procmux$4699_CMP [19:18] $procmux$4699_CMP [16:15] $procmux$4699_CMP [11] $procmux$4699_CMP [9] $procmux$4699_CMP [5:4] $procmux$4699_CMP [2:1] $procmux$4697_CMP }
    New input vector for $reduce_or cell $auto$opt_reduce.cc:131:opt_pmux$24468: { $procmux$22694_CMP [0] $procmux$22693_CMP $procmux$22692_CMP $procmux$22691_CMP $procmux$22690_CMP $procmux$22689_CMP $procmux$22688_CMP $procmux$22682_CMP $procmux$22681_CMP $procmux$22680_CMP $procmux$22679_CMP $procmux$22678_CMP $procmux$22677_CMP $procmux$22676_CMP $procmux$22675_CMP $procmux$22674_CMP $procmux$22673_CMP $procmux$22672_CMP $procmux$22671_CMP $procmux$22670_CMP $procmux$22669_CMP $procmux$22668_CMP $procmux$22667_CMP $procmux$22666_CMP $procmux$22665_CMP $procmux$22664_CMP $procmux$22663_CMP $procmux$22662_CMP $procmux$22661_CMP $procmux$22660_CMP $procmux$22659_CMP $procmux$22658_CMP $procmux$22657_CMP $procmux$22656_CMP $procmux$22655_CMP $procmux$22654_CMP $procmux$22653_CMP $procmux$22652_CMP $procmux$22651_CMP $procmux$22650_CMP $procmux$22649_CMP $procmux$22648_CMP $procmux$22647_CMP $procmux$22646_CMP $procmux$22644_CMP $procmux$22643_CMP $procmux$22642_CMP $procmux$22641_CMP $procmux$22640_CMP [7:1] }
    New input vector for $reduce_or cell $auto$opt_reduce.cc:131:opt_pmux$24476: { $procmux$22693_CMP $procmux$22692_CMP $procmux$22691_CMP $procmux$22674_CMP $procmux$22670_CMP $procmux$22669_CMP $procmux$22653_CMP $procmux$22649_CMP $procmux$22648_CMP $procmux$22647_CMP $procmux$22644_CMP $procmux$22641_CMP }
    New input vector for $reduce_or cell $auto$opt_reduce.cc:131:opt_pmux$24478: { $procmux$22690_CMP $procmux$22689_CMP $procmux$22688_CMP $procmux$22671_CMP $procmux$22668_CMP $procmux$22667_CMP $procmux$22666_CMP $procmux$22660_CMP $procmux$22659_CMP $procmux$22658_CMP $procmux$22657_CMP $procmux$22655_CMP $procmux$22654_CMP $procmux$22652_CMP $procmux$22651_CMP $procmux$22650_CMP $procmux$22645_CMP }
    New input vector for $reduce_or cell $auto$opt_reduce.cc:131:opt_pmux$24480: { $procmux$4701_CMP $procmux$4700_CMP }
    New input vector for $reduce_or cell $auto$opt_reduce.cc:131:opt_pmux$24482: { $procmux$22694_CMP [0] $procmux$22693_CMP $procmux$22692_CMP $procmux$22691_CMP $procmux$22690_CMP $procmux$22689_CMP $procmux$22688_CMP $procmux$22682_CMP $procmux$22681_CMP $procmux$22680_CMP $procmux$22679_CMP $procmux$22678_CMP $procmux$22677_CMP $procmux$22676_CMP $procmux$22675_CMP $procmux$22674_CMP $procmux$22673_CMP $procmux$22672_CMP $procmux$22671_CMP $procmux$22670_CMP $procmux$22669_CMP $procmux$22668_CMP $procmux$22667_CMP $procmux$22666_CMP $procmux$22665_CMP $procmux$22664_CMP $procmux$22663_CMP $procmux$22662_CMP $procmux$22661_CMP $procmux$22660_CMP $procmux$22659_CMP $procmux$22658_CMP $procmux$22657_CMP $procmux$22656_CMP $procmux$22655_CMP $procmux$22654_CMP $procmux$22653_CMP $procmux$22652_CMP $procmux$22651_CMP $procmux$22650_CMP $procmux$22649_CMP $procmux$22648_CMP $procmux$22647_CMP $procmux$22646_CMP $procmux$22645_CMP $procmux$22643_CMP $procmux$22642_CMP $procmux$22641_CMP $procmux$22640_CMP [7:1] }
    New input vector for $reduce_or cell $auto$opt_reduce.cc:131:opt_pmux$24484: { $procmux$22694_CMP [0] $procmux$22693_CMP $procmux$22692_CMP $procmux$22691_CMP $procmux$22690_CMP $procmux$22689_CMP $procmux$22688_CMP $procmux$22682_CMP $procmux$22681_CMP $procmux$22680_CMP $procmux$22679_CMP $procmux$22678_CMP $procmux$22677_CMP $procmux$22676_CMP $procmux$22675_CMP $procmux$22674_CMP $procmux$22671_CMP $procmux$22670_CMP $procmux$22669_CMP $procmux$22668_CMP $procmux$22667_CMP $procmux$22666_CMP $procmux$22665_CMP $procmux$22664_CMP $procmux$22663_CMP $procmux$22662_CMP $procmux$22661_CMP $procmux$22660_CMP $procmux$22659_CMP $procmux$22658_CMP $procmux$22657_CMP $procmux$22656_CMP $procmux$22655_CMP $procmux$22654_CMP $procmux$22653_CMP $procmux$22652_CMP $procmux$22651_CMP $procmux$22650_CMP $procmux$22649_CMP $procmux$22648_CMP $procmux$22647_CMP $procmux$22646_CMP $procmux$22645_CMP $procmux$22644_CMP $procmux$22643_CMP $procmux$22642_CMP $procmux$22641_CMP $procmux$22640_CMP [7:1] }
    New input vector for $reduce_or cell $auto$opt_reduce.cc:131:opt_pmux$24486: { $procmux$22694_CMP [0] $procmux$22693_CMP $procmux$22692_CMP $procmux$22691_CMP $procmux$22690_CMP $procmux$22689_CMP $procmux$22688_CMP $procmux$22682_CMP $procmux$22681_CMP $procmux$22680_CMP $procmux$22679_CMP $procmux$22678_CMP $procmux$22677_CMP $procmux$22676_CMP $procmux$22675_CMP $procmux$22674_CMP $procmux$22673_CMP $procmux$22672_CMP $procmux$22671_CMP $procmux$22670_CMP $procmux$22669_CMP $procmux$22667_CMP $procmux$22666_CMP $procmux$22665_CMP $procmux$22664_CMP $procmux$22663_CMP $procmux$22662_CMP $procmux$22661_CMP $procmux$22660_CMP $procmux$22659_CMP $procmux$22658_CMP $procmux$22657_CMP $procmux$22656_CMP $procmux$22655_CMP $procmux$22654_CMP $procmux$22653_CMP $procmux$22652_CMP $procmux$22651_CMP $procmux$22650_CMP $procmux$22649_CMP $procmux$22648_CMP $procmux$22647_CMP $procmux$22646_CMP $procmux$22645_CMP $procmux$22644_CMP $procmux$22643_CMP $procmux$22642_CMP $procmux$22641_CMP $procmux$22640_CMP [7:1] }
    New input vector for $reduce_or cell $auto$opt_reduce.cc:131:opt_pmux$24488: { $procmux$22694_CMP [0] $procmux$22692_CMP $procmux$22690_CMP $procmux$22689_CMP $procmux$22688_CMP $procmux$22680_CMP $procmux$22679_CMP $procmux$22678_CMP $procmux$22674_CMP $procmux$22673_CMP $procmux$22671_CMP $procmux$22669_CMP $procmux$22668_CMP $procmux$22667_CMP $procmux$22666_CMP $procmux$22664_CMP $procmux$22663_CMP $procmux$22660_CMP $procmux$22659_CMP $procmux$22658_CMP $procmux$22657_CMP $procmux$22655_CMP $procmux$22654_CMP $procmux$22652_CMP $procmux$22651_CMP $procmux$22650_CMP $procmux$22649_CMP $procmux$22648_CMP $procmux$22647_CMP $procmux$22646_CMP $procmux$22645_CMP $procmux$22641_CMP $procmux$22640_CMP [7:1] }
    New input vector for $reduce_or cell $auto$opt_reduce.cc:131:opt_pmux$24490: { $procmux$22690_CMP $procmux$22689_CMP $procmux$22688_CMP $procmux$22674_CMP $procmux$22671_CMP $procmux$22668_CMP $procmux$22667_CMP $procmux$22666_CMP $procmux$22663_CMP $procmux$22660_CMP $procmux$22659_CMP $procmux$22658_CMP $procmux$22657_CMP $procmux$22655_CMP $procmux$22654_CMP $procmux$22653_CMP $procmux$22652_CMP $procmux$22651_CMP $procmux$22650_CMP $procmux$22649_CMP $procmux$22648_CMP $procmux$22647_CMP $procmux$22646_CMP $procmux$22645_CMP $procmux$22644_CMP }
    New input vector for $reduce_or cell $auto$opt_reduce.cc:131:opt_pmux$24492: { $procmux$22694_CMP [0] $procmux$22693_CMP $procmux$22692_CMP $procmux$22691_CMP $procmux$22690_CMP $procmux$22689_CMP $procmux$22688_CMP $procmux$22682_CMP $procmux$22681_CMP $procmux$22680_CMP $procmux$22679_CMP $procmux$22678_CMP $procmux$22677_CMP $procmux$22676_CMP $procmux$22675_CMP $procmux$22674_CMP $procmux$22673_CMP $procmux$22672_CMP $procmux$22671_CMP $procmux$22670_CMP $procmux$22669_CMP $procmux$22668_CMP $procmux$22667_CMP $procmux$22666_CMP $procmux$22665_CMP $procmux$22664_CMP $procmux$22663_CMP $procmux$22662_CMP $procmux$22661_CMP $procmux$22660_CMP $procmux$22659_CMP $procmux$22658_CMP $procmux$22657_CMP $procmux$22656_CMP $procmux$22655_CMP $procmux$22654_CMP $procmux$22653_CMP $procmux$22652_CMP $procmux$22651_CMP $procmux$22650_CMP $procmux$22649_CMP $procmux$22648_CMP $procmux$22647_CMP $procmux$22646_CMP $procmux$22645_CMP $procmux$22644_CMP $procmux$22641_CMP $procmux$22640_CMP [7:1] }
    New input vector for $reduce_or cell $auto$opt_reduce.cc:131:opt_pmux$24494: { $procmux$22694_CMP [0] $procmux$22692_CMP $procmux$22690_CMP $procmux$22689_CMP $procmux$22688_CMP $procmux$22680_CMP $procmux$22679_CMP $procmux$22678_CMP $procmux$22674_CMP $procmux$22673_CMP $procmux$22671_CMP $procmux$22669_CMP $procmux$22668_CMP $procmux$22667_CMP $procmux$22666_CMP $procmux$22660_CMP $procmux$22659_CMP $procmux$22658_CMP $procmux$22657_CMP $procmux$22655_CMP $procmux$22654_CMP $procmux$22652_CMP $procmux$22651_CMP $procmux$22650_CMP $procmux$22649_CMP $procmux$22648_CMP $procmux$22647_CMP $procmux$22646_CMP $procmux$22645_CMP $procmux$22641_CMP $procmux$22640_CMP [7:1] }
    New input vector for $reduce_or cell $auto$opt_reduce.cc:131:opt_pmux$24496: { $procmux$22694_CMP [0] $procmux$22693_CMP $procmux$22692_CMP $procmux$22691_CMP $procmux$22690_CMP $procmux$22689_CMP $procmux$22688_CMP $procmux$22682_CMP $procmux$22681_CMP $procmux$22680_CMP $procmux$22679_CMP $procmux$22678_CMP $procmux$22677_CMP $procmux$22676_CMP $procmux$22675_CMP $procmux$22674_CMP $procmux$22673_CMP $procmux$22672_CMP $procmux$22671_CMP $procmux$22670_CMP $procmux$22669_CMP $procmux$22668_CMP $procmux$22667_CMP $procmux$22666_CMP $procmux$22665_CMP $procmux$22664_CMP $procmux$22663_CMP $procmux$22662_CMP $procmux$22661_CMP $procmux$22660_CMP $procmux$22658_CMP $procmux$22657_CMP $procmux$22656_CMP $procmux$22655_CMP $procmux$22654_CMP $procmux$22653_CMP $procmux$22652_CMP $procmux$22651_CMP $procmux$22650_CMP $procmux$22649_CMP $procmux$22648_CMP $procmux$22647_CMP $procmux$22646_CMP $procmux$22645_CMP $procmux$22644_CMP $procmux$22643_CMP $procmux$22642_CMP $procmux$22641_CMP $procmux$22640_CMP [7:1] }
    New input vector for $reduce_or cell $auto$opt_reduce.cc:131:opt_pmux$24498: { $procmux$22694_CMP [0] $procmux$22693_CMP $procmux$22692_CMP $procmux$22691_CMP $procmux$22690_CMP $procmux$22689_CMP $procmux$22688_CMP $procmux$22682_CMP $procmux$22681_CMP $procmux$22680_CMP $procmux$22679_CMP $procmux$22678_CMP $procmux$22677_CMP $procmux$22676_CMP $procmux$22675_CMP $procmux$22674_CMP $procmux$22673_CMP $procmux$22672_CMP $procmux$22671_CMP $procmux$22670_CMP $procmux$22669_CMP $procmux$22668_CMP $procmux$22667_CMP $procmux$22665_CMP $procmux$22664_CMP $procmux$22663_CMP $procmux$22662_CMP $procmux$22661_CMP $procmux$22660_CMP $procmux$22659_CMP $procmux$22658_CMP $procmux$22657_CMP $procmux$22656_CMP $procmux$22655_CMP $procmux$22654_CMP $procmux$22653_CMP $procmux$22652_CMP $procmux$22651_CMP $procmux$22650_CMP $procmux$22649_CMP $procmux$22648_CMP $procmux$22647_CMP $procmux$22646_CMP $procmux$22645_CMP $procmux$22644_CMP $procmux$22643_CMP $procmux$22642_CMP $procmux$22641_CMP $procmux$22640_CMP [7:1] }
    New input vector for $reduce_or cell $auto$opt_reduce.cc:131:opt_pmux$24500: { $procmux$22694_CMP [0] $procmux$22693_CMP $procmux$22690_CMP $procmux$22689_CMP $procmux$22688_CMP $procmux$22682_CMP $procmux$22681_CMP $procmux$22680_CMP $procmux$22679_CMP $procmux$22678_CMP $procmux$22677_CMP $procmux$22676_CMP $procmux$22675_CMP $procmux$22674_CMP $procmux$22673_CMP $procmux$22672_CMP $procmux$22671_CMP $procmux$22670_CMP $procmux$22669_CMP $procmux$22668_CMP $procmux$22667_CMP $procmux$22666_CMP $procmux$22665_CMP $procmux$22664_CMP $procmux$22663_CMP $procmux$22662_CMP $procmux$22661_CMP $procmux$22660_CMP $procmux$22659_CMP $procmux$22658_CMP $procmux$22657_CMP $procmux$22656_CMP $procmux$22655_CMP $procmux$22654_CMP $procmux$22653_CMP $procmux$22652_CMP $procmux$22651_CMP $procmux$22650_CMP $procmux$22649_CMP $procmux$22648_CMP $procmux$22647_CMP $procmux$22646_CMP $procmux$22645_CMP $procmux$22644_CMP $procmux$22643_CMP $procmux$22642_CMP $procmux$22641_CMP $procmux$22640_CMP [7:1] }
    New input vector for $reduce_or cell $auto$opt_reduce.cc:131:opt_pmux$24502: { $procmux$22694_CMP [0] $procmux$22693_CMP $procmux$22692_CMP $procmux$22691_CMP $procmux$22690_CMP $procmux$22689_CMP $procmux$22688_CMP $procmux$22682_CMP $procmux$22681_CMP $procmux$22680_CMP $procmux$22679_CMP $procmux$22678_CMP $procmux$22677_CMP $procmux$22676_CMP $procmux$22675_CMP $procmux$22674_CMP $procmux$22671_CMP $procmux$22670_CMP $procmux$22669_CMP $procmux$22668_CMP $procmux$22667_CMP $procmux$22666_CMP $procmux$22665_CMP $procmux$22664_CMP $procmux$22663_CMP $procmux$22662_CMP $procmux$22661_CMP $procmux$22660_CMP $procmux$22659_CMP $procmux$22658_CMP $procmux$22657_CMP $procmux$22656_CMP $procmux$22655_CMP $procmux$22654_CMP $procmux$22653_CMP $procmux$22652_CMP $procmux$22651_CMP $procmux$22650_CMP $procmux$22649_CMP $procmux$22648_CMP $procmux$22647_CMP $procmux$22646_CMP $procmux$22645_CMP $procmux$22644_CMP $procmux$22641_CMP $procmux$22640_CMP [7:1] }
    New input vector for $reduce_or cell $auto$opt_reduce.cc:131:opt_pmux$24504: { $procmux$4701_CMP $procmux$4700_CMP }
    New input vector for $reduce_or cell $auto$opt_reduce.cc:131:opt_pmux$24506: { $procmux$22660_CMP $procmux$22650_CMP }
    New input vector for $reduce_or cell $auto$opt_reduce.cc:131:opt_pmux$24508: { $procmux$22694_CMP [0] $procmux$22693_CMP $procmux$22692_CMP $procmux$22691_CMP $procmux$22690_CMP $procmux$22689_CMP $procmux$22688_CMP $procmux$22680_CMP $procmux$22679_CMP $procmux$22678_CMP $procmux$22677_CMP $procmux$22676_CMP $procmux$22675_CMP $procmux$22672_CMP $procmux$22671_CMP $procmux$22670_CMP $procmux$22668_CMP $procmux$22667_CMP $procmux$22666_CMP $procmux$22659_CMP $procmux$22658_CMP $procmux$22657_CMP $procmux$22656_CMP $procmux$22655_CMP $procmux$22654_CMP $procmux$22652_CMP $procmux$22651_CMP $procmux$22649_CMP $procmux$22648_CMP $procmux$22647_CMP $procmux$22646_CMP $procmux$22645_CMP $procmux$22644_CMP $procmux$22643_CMP $procmux$22642_CMP $procmux$22641_CMP $procmux$22640_CMP [7:1] }
    New input vector for $reduce_or cell $auto$opt_reduce.cc:131:opt_pmux$24510: { $procmux$4701_CMP [52] $procmux$4701_CMP [45] $procmux$4701_CMP [38] $procmux$4701_CMP [31] $procmux$4701_CMP [24] $procmux$4701_CMP [17] $procmux$4701_CMP [10] $procmux$4701_CMP [3] }
    New input vector for $reduce_or cell $auto$opt_reduce.cc:131:opt_pmux$24512: { $procmux$4701_CMP [54] $procmux$4701_CMP [51] $procmux$4701_CMP [47] $procmux$4701_CMP [44] $procmux$4701_CMP [40] $procmux$4701_CMP [37] $procmux$4701_CMP [33] $procmux$4701_CMP [30] $procmux$4701_CMP [26] $procmux$4701_CMP [23] $procmux$4701_CMP [19] $procmux$4701_CMP [16] $procmux$4701_CMP [12] $procmux$4701_CMP [9] $procmux$4701_CMP [5] $procmux$4701_CMP [2] }
    New input vector for $reduce_or cell $auto$opt_reduce.cc:131:opt_pmux$24514: { $procmux$4701_CMP [50:49] $procmux$4701_CMP [43:42] $procmux$4701_CMP [36:35] $procmux$4701_CMP [29:28] $procmux$4701_CMP [22:21] $procmux$4701_CMP [15:14] $procmux$4701_CMP [8:7] $procmux$4701_CMP [1:0] }
    New input vector for $reduce_or cell $auto$opt_reduce.cc:131:opt_pmux$24516: { $procmux$4701_CMP [41] $procmux$4701_CMP [34] $procmux$4697_CMP [52:49] $procmux$4697_CMP [45:42] $procmux$4697_CMP [38:35] $procmux$4697_CMP [31:28] }
    New input vector for $reduce_or cell $auto$opt_reduce.cc:131:opt_pmux$24518: { $procmux$22660_CMP $procmux$22650_CMP }
    New input vector for $reduce_or cell $auto$opt_reduce.cc:131:opt_pmux$24520: { $procmux$22694_CMP [0] $procmux$22693_CMP $procmux$22692_CMP $procmux$22691_CMP $procmux$22690_CMP $procmux$22689_CMP $procmux$22688_CMP $procmux$22682_CMP $procmux$22681_CMP $procmux$22680_CMP $procmux$22679_CMP $procmux$22678_CMP $procmux$22677_CMP $procmux$22676_CMP $procmux$22675_CMP $procmux$22674_CMP $procmux$22673_CMP $procmux$22672_CMP $procmux$22671_CMP $procmux$22670_CMP $procmux$22669_CMP $procmux$22668_CMP $procmux$22667_CMP $procmux$22666_CMP $procmux$22665_CMP $procmux$22659_CMP $procmux$22658_CMP $procmux$22657_CMP $procmux$22656_CMP $procmux$22655_CMP $procmux$22654_CMP $procmux$22652_CMP $procmux$22651_CMP $procmux$22649_CMP $procmux$22648_CMP $procmux$22647_CMP $procmux$22646_CMP $procmux$22645_CMP $procmux$22643_CMP $procmux$22642_CMP $procmux$22641_CMP $procmux$22640_CMP [7:1] }
    New input vector for $reduce_or cell $auto$opt_reduce.cc:131:opt_pmux$24522: { $procmux$22694_CMP [0] $procmux$22693_CMP $procmux$22692_CMP $procmux$22691_CMP $procmux$22690_CMP $procmux$22689_CMP $procmux$22688_CMP $procmux$22682_CMP $procmux$22681_CMP $procmux$22680_CMP $procmux$22679_CMP $procmux$22678_CMP $procmux$22677_CMP $procmux$22676_CMP $procmux$22675_CMP $procmux$22674_CMP $procmux$22673_CMP $procmux$22672_CMP $procmux$22671_CMP $procmux$22670_CMP $procmux$22669_CMP $procmux$22668_CMP $procmux$22667_CMP $procmux$22666_CMP $procmux$22665_CMP $procmux$22664_CMP $procmux$22663_CMP $procmux$22662_CMP $procmux$22661_CMP $procmux$22660_CMP $procmux$22659_CMP $procmux$22658_CMP $procmux$22657_CMP $procmux$22656_CMP $procmux$22654_CMP $procmux$22653_CMP $procmux$22652_CMP $procmux$22651_CMP $procmux$22650_CMP $procmux$22649_CMP $procmux$22648_CMP $procmux$22647_CMP $procmux$22646_CMP $procmux$22645_CMP $procmux$22644_CMP $procmux$22643_CMP $procmux$22642_CMP $procmux$22641_CMP $procmux$22640_CMP [7:1] }
    New input vector for $reduce_or cell $auto$opt_reduce.cc:131:opt_pmux$24524: { $procmux$22694_CMP [0] $procmux$22693_CMP $procmux$22692_CMP $procmux$22691_CMP $procmux$22690_CMP $procmux$22689_CMP $procmux$22688_CMP $procmux$22682_CMP $procmux$22681_CMP $procmux$22680_CMP $procmux$22679_CMP $procmux$22678_CMP $procmux$22677_CMP $procmux$22676_CMP $procmux$22675_CMP $procmux$22674_CMP $procmux$22673_CMP $procmux$22672_CMP $procmux$22671_CMP $procmux$22670_CMP $procmux$22669_CMP $procmux$22668_CMP $procmux$22667_CMP $procmux$22666_CMP $procmux$22665_CMP $procmux$22664_CMP $procmux$22663_CMP $procmux$22662_CMP $procmux$22661_CMP $procmux$22660_CMP $procmux$22659_CMP $procmux$22658_CMP $procmux$22657_CMP $procmux$22656_CMP $procmux$22655_CMP $procmux$22654_CMP $procmux$22653_CMP $procmux$22652_CMP $procmux$22651_CMP $procmux$22650_CMP $procmux$22649_CMP $procmux$22648_CMP $procmux$22645_CMP $procmux$22643_CMP $procmux$22642_CMP $procmux$22641_CMP $procmux$22640_CMP [7:1] }
    New input vector for $reduce_or cell $auto$opt_reduce.cc:131:opt_pmux$24526: { $procmux$22694_CMP [0] $procmux$22693_CMP $procmux$22692_CMP $procmux$22691_CMP $procmux$22690_CMP $procmux$22689_CMP $procmux$22688_CMP $procmux$22682_CMP $procmux$22681_CMP $procmux$22680_CMP $procmux$22679_CMP $procmux$22678_CMP $procmux$22677_CMP $procmux$22676_CMP $procmux$22675_CMP $procmux$22673_CMP $procmux$22672_CMP $procmux$22671_CMP $procmux$22670_CMP $procmux$22668_CMP $procmux$22667_CMP $procmux$22666_CMP $procmux$22664_CMP $procmux$22663_CMP $procmux$22662_CMP $procmux$22661_CMP $procmux$22660_CMP $procmux$22659_CMP $procmux$22658_CMP $procmux$22657_CMP $procmux$22656_CMP $procmux$22655_CMP $procmux$22654_CMP $procmux$22653_CMP $procmux$22652_CMP $procmux$22651_CMP $procmux$22650_CMP $procmux$22649_CMP $procmux$22648_CMP $procmux$22647_CMP $procmux$22646_CMP $procmux$22645_CMP $procmux$22644_CMP $procmux$22643_CMP $procmux$22642_CMP $procmux$22641_CMP $procmux$22640_CMP [7:1] }
    New input vector for $reduce_or cell $auto$opt_reduce.cc:131:opt_pmux$24528: { $procmux$22694_CMP [0] $procmux$22693_CMP $procmux$22692_CMP $procmux$22691_CMP $procmux$22690_CMP $procmux$22689_CMP $procmux$22688_CMP $procmux$22682_CMP $procmux$22681_CMP $procmux$22680_CMP $procmux$22679_CMP $procmux$22678_CMP $procmux$22677_CMP $procmux$22676_CMP $procmux$22675_CMP $procmux$22674_CMP $procmux$22673_CMP $procmux$22672_CMP $procmux$22671_CMP $procmux$22670_CMP $procmux$22669_CMP $procmux$22668_CMP $procmux$22667_CMP $procmux$22666_CMP $procmux$22665_CMP $procmux$22664_CMP $procmux$22663_CMP $procmux$22659_CMP $procmux$22658_CMP $procmux$22657_CMP $procmux$22656_CMP $procmux$22655_CMP $procmux$22654_CMP $procmux$22652_CMP $procmux$22651_CMP $procmux$22649_CMP $procmux$22648_CMP $procmux$22647_CMP $procmux$22646_CMP $procmux$22645_CMP $procmux$22643_CMP $procmux$22642_CMP $procmux$22641_CMP $procmux$22640_CMP [7:1] }
    New input vector for $reduce_or cell $auto$opt_reduce.cc:131:opt_pmux$24530: { $procmux$22694_CMP [0] $procmux$22693_CMP $procmux$22692_CMP $procmux$22691_CMP $procmux$22690_CMP $procmux$22689_CMP $procmux$22688_CMP $procmux$22682_CMP $procmux$22681_CMP $procmux$22680_CMP $procmux$22679_CMP $procmux$22678_CMP $procmux$22677_CMP $procmux$22676_CMP $procmux$22675_CMP $procmux$22674_CMP $procmux$22673_CMP $procmux$22672_CMP $procmux$22670_CMP $procmux$22669_CMP $procmux$22668_CMP $procmux$22667_CMP $procmux$22666_CMP $procmux$22665_CMP $procmux$22664_CMP $procmux$22663_CMP $procmux$22662_CMP $procmux$22661_CMP $procmux$22660_CMP $procmux$22659_CMP $procmux$22658_CMP $procmux$22657_CMP $procmux$22656_CMP $procmux$22655_CMP $procmux$22654_CMP $procmux$22653_CMP $procmux$22652_CMP $procmux$22651_CMP $procmux$22650_CMP $procmux$22649_CMP $procmux$22648_CMP $procmux$22647_CMP $procmux$22646_CMP $procmux$22645_CMP $procmux$22644_CMP $procmux$22643_CMP $procmux$22642_CMP $procmux$22641_CMP $procmux$22640_CMP [7:1] }
    New input vector for $reduce_or cell $auto$opt_reduce.cc:131:opt_pmux$24534: { $procmux$22692_CMP $procmux$22691_CMP $procmux$22690_CMP $procmux$22689_CMP $procmux$22688_CMP $procmux$22682_CMP $procmux$22681_CMP $procmux$22680_CMP $procmux$22679_CMP $procmux$22678_CMP $procmux$22677_CMP $procmux$22676_CMP $procmux$22675_CMP $procmux$22674_CMP $procmux$22673_CMP $procmux$22672_CMP $procmux$22669_CMP $procmux$22668_CMP $procmux$22667_CMP $procmux$22666_CMP $procmux$22664_CMP $procmux$22663_CMP $procmux$22660_CMP $procmux$22659_CMP $procmux$22658_CMP $procmux$22657_CMP $procmux$22655_CMP $procmux$22654_CMP $procmux$22650_CMP $procmux$22649_CMP $procmux$22648_CMP $procmux$22645_CMP $procmux$22641_CMP }
    New input vector for $reduce_or cell $auto$opt_reduce.cc:131:opt_pmux$24536: { $procmux$22694_CMP [0] $procmux$22693_CMP $procmux$22692_CMP $procmux$22691_CMP $procmux$22690_CMP $procmux$22689_CMP $procmux$22688_CMP $procmux$22682_CMP $procmux$22681_CMP $procmux$22680_CMP $procmux$22679_CMP $procmux$22678_CMP $procmux$22677_CMP $procmux$22676_CMP $procmux$22675_CMP $procmux$22674_CMP $procmux$22673_CMP $procmux$22672_CMP $procmux$22671_CMP $procmux$22670_CMP $procmux$22669_CMP $procmux$22668_CMP $procmux$22666_CMP $procmux$22665_CMP $procmux$22664_CMP $procmux$22663_CMP $procmux$22662_CMP $procmux$22661_CMP $procmux$22660_CMP $procmux$22659_CMP $procmux$22658_CMP $procmux$22657_CMP $procmux$22656_CMP $procmux$22655_CMP $procmux$22654_CMP $procmux$22653_CMP $procmux$22652_CMP $procmux$22651_CMP $procmux$22650_CMP $procmux$22649_CMP $procmux$22648_CMP $procmux$22647_CMP $procmux$22646_CMP $procmux$22645_CMP $procmux$22644_CMP $procmux$22643_CMP $procmux$22642_CMP $procmux$22641_CMP $procmux$22640_CMP [7:1] }
    New input vector for $reduce_or cell $auto$opt_reduce.cc:131:opt_pmux$24538: { $procmux$22693_CMP $procmux$22692_CMP $procmux$22691_CMP $procmux$22690_CMP $procmux$22689_CMP $procmux$22688_CMP $procmux$22682_CMP $procmux$22681_CMP $procmux$22680_CMP $procmux$22679_CMP $procmux$22678_CMP $procmux$22677_CMP $procmux$22676_CMP $procmux$22675_CMP $procmux$22674_CMP $procmux$22673_CMP $procmux$22672_CMP $procmux$22671_CMP $procmux$22670_CMP $procmux$22669_CMP $procmux$22668_CMP $procmux$22667_CMP $procmux$22666_CMP $procmux$22665_CMP $procmux$22664_CMP $procmux$22663_CMP $procmux$22662_CMP $procmux$22661_CMP $procmux$22660_CMP $procmux$22659_CMP $procmux$22658_CMP $procmux$22657_CMP $procmux$22655_CMP $procmux$22654_CMP $procmux$22653_CMP $procmux$22652_CMP $procmux$22651_CMP $procmux$22650_CMP $procmux$22647_CMP $procmux$22646_CMP $procmux$22645_CMP $procmux$22644_CMP $procmux$22643_CMP $procmux$22642_CMP }
    New input vector for $reduce_or cell $auto$opt_reduce.cc:131:opt_pmux$24540: { $procmux$22694_CMP [0] $procmux$22693_CMP $procmux$22692_CMP $procmux$22691_CMP $procmux$22690_CMP $procmux$22689_CMP $procmux$22688_CMP $procmux$22682_CMP $procmux$22681_CMP $procmux$22680_CMP $procmux$22679_CMP $procmux$22678_CMP $procmux$22677_CMP $procmux$22676_CMP $procmux$22675_CMP $procmux$22674_CMP $procmux$22673_CMP $procmux$22672_CMP $procmux$22671_CMP $procmux$22670_CMP $procmux$22669_CMP $procmux$22668_CMP $procmux$22667_CMP $procmux$22666_CMP $procmux$22665_CMP $procmux$22664_CMP $procmux$22663_CMP $procmux$22660_CMP $procmux$22659_CMP $procmux$22658_CMP $procmux$22657_CMP $procmux$22656_CMP $procmux$22655_CMP $procmux$22654_CMP $procmux$22653_CMP $procmux$22652_CMP $procmux$22651_CMP $procmux$22650_CMP $procmux$22649_CMP $procmux$22648_CMP $procmux$22647_CMP $procmux$22646_CMP $procmux$22645_CMP $procmux$22644_CMP $procmux$22643_CMP $procmux$22642_CMP $procmux$22641_CMP $procmux$22640_CMP [7:1] }
    New input vector for $reduce_or cell $auto$opt_reduce.cc:131:opt_pmux$24542: { $procmux$22694_CMP [0] $procmux$22693_CMP $procmux$22690_CMP $procmux$22689_CMP $procmux$22688_CMP $procmux$22682_CMP $procmux$22680_CMP $procmux$22679_CMP $procmux$22677_CMP $procmux$22676_CMP $procmux$22671_CMP $procmux$22670_CMP $procmux$22669_CMP $procmux$22668_CMP $procmux$22667_CMP $procmux$22666_CMP $procmux$22665_CMP $procmux$22664_CMP $procmux$22662_CMP $procmux$22661_CMP $procmux$22660_CMP $procmux$22659_CMP $procmux$22658_CMP $procmux$22657_CMP $procmux$22655_CMP $procmux$22654_CMP $procmux$22653_CMP $procmux$22652_CMP $procmux$22651_CMP $procmux$22650_CMP $procmux$22645_CMP $procmux$22641_CMP $procmux$22640_CMP [7:1] }
    New input vector for $reduce_or cell $auto$opt_reduce.cc:131:opt_pmux$24544: { $procmux$22694_CMP [0] $procmux$22693_CMP $procmux$22692_CMP $procmux$22691_CMP $procmux$22690_CMP $procmux$22689_CMP $procmux$22688_CMP $procmux$22680_CMP $procmux$22679_CMP $procmux$22678_CMP $procmux$22677_CMP $procmux$22676_CMP $procmux$22675_CMP $procmux$22674_CMP $procmux$22673_CMP $procmux$22672_CMP $procmux$22671_CMP $procmux$22668_CMP $procmux$22667_CMP $procmux$22666_CMP $procmux$22665_CMP $procmux$22660_CMP $procmux$22659_CMP $procmux$22658_CMP $procmux$22657_CMP $procmux$22656_CMP $procmux$22655_CMP $procmux$22654_CMP $procmux$22650_CMP $procmux$22649_CMP $procmux$22647_CMP $procmux$22645_CMP $procmux$22644_CMP $procmux$22643_CMP $procmux$22641_CMP $procmux$22640_CMP [7:1] $procmux$4703_CMP [54:52] $procmux$4703_CMP [50:49] $procmux$4703_CMP [47:45] $procmux$4703_CMP [42] $procmux$4703_CMP [40:38] $procmux$4703_CMP [36:35] $procmux$4703_CMP [33:31] $procmux$4703_CMP [28] $procmux$4703_CMP [26:24] $procmux$4703_CMP [22] $procmux$4703_CMP [19:17] $procmux$4703_CMP [15] $procmux$4703_CMP [12:10] $procmux$4703_CMP [5:3] $procmux$4701_CMP $procmux$4699_CMP [53] $procmux$4699_CMP [51] $procmux$4699_CMP [47:46] $procmux$4699_CMP [44:43] $procmux$4699_CMP [39] $procmux$4699_CMP [37] $procmux$4699_CMP [33:32] $procmux$4699_CMP [30:29] $procmux$4699_CMP [25] $procmux$4699_CMP [23] $procmux$4699_CMP [19:18] $procmux$4699_CMP [16:15] $procmux$4699_CMP [11] $procmux$4699_CMP [9] $procmux$4699_CMP [5:4] $procmux$4699_CMP [2:1] $procmux$4697_CMP }
    New input vector for $reduce_or cell $auto$opt_reduce.cc:131:opt_pmux$24546: { $procmux$22694_CMP [0] $procmux$22693_CMP $procmux$22692_CMP $procmux$22691_CMP $procmux$22690_CMP $procmux$22689_CMP $procmux$22688_CMP $procmux$22681_CMP $procmux$22680_CMP $procmux$22679_CMP $procmux$22678_CMP $procmux$22677_CMP $procmux$22676_CMP $procmux$22675_CMP $procmux$22674_CMP $procmux$22673_CMP $procmux$22672_CMP $procmux$22671_CMP $procmux$22670_CMP $procmux$22669_CMP $procmux$22668_CMP $procmux$22667_CMP $procmux$22666_CMP $procmux$22665_CMP $procmux$22664_CMP $procmux$22663_CMP $procmux$22662_CMP $procmux$22661_CMP $procmux$22660_CMP $procmux$22659_CMP $procmux$22658_CMP $procmux$22657_CMP $procmux$22656_CMP $procmux$22655_CMP $procmux$22654_CMP $procmux$22653_CMP $procmux$22652_CMP $procmux$22651_CMP $procmux$22650_CMP $procmux$22649_CMP $procmux$22648_CMP $procmux$22647_CMP $procmux$22646_CMP $procmux$22645_CMP $procmux$22644_CMP $procmux$22643_CMP $procmux$22642_CMP $procmux$22641_CMP $procmux$22640_CMP [7:1] }
    New input vector for $reduce_or cell $auto$opt_reduce.cc:131:opt_pmux$24548: { $procmux$22694_CMP [0] $procmux$22693_CMP $procmux$22692_CMP $procmux$22691_CMP $procmux$22690_CMP $procmux$22689_CMP $procmux$22688_CMP $procmux$22680_CMP $procmux$22679_CMP $procmux$22678_CMP $procmux$22677_CMP $procmux$22676_CMP $procmux$22675_CMP $procmux$22674_CMP $procmux$22673_CMP $procmux$22672_CMP $procmux$22671_CMP $procmux$22668_CMP $procmux$22667_CMP $procmux$22666_CMP $procmux$22665_CMP $procmux$22660_CMP $procmux$22659_CMP $procmux$22658_CMP $procmux$22657_CMP $procmux$22656_CMP $procmux$22655_CMP $procmux$22654_CMP $procmux$22650_CMP $procmux$22649_CMP $procmux$22647_CMP $procmux$22645_CMP $procmux$22644_CMP $procmux$22643_CMP $procmux$22641_CMP $procmux$22640_CMP [7:1] $procmux$4703_CMP [54:52] $procmux$4703_CMP [50:49] $procmux$4703_CMP [47:45] $procmux$4703_CMP [42] $procmux$4703_CMP [40:38] $procmux$4703_CMP [36:35] $procmux$4703_CMP [33:31] $procmux$4703_CMP [28] $procmux$4703_CMP [26:24] $procmux$4703_CMP [22] $procmux$4703_CMP [19:17] $procmux$4703_CMP [15] $procmux$4703_CMP [12:10] $procmux$4703_CMP [5:3] $procmux$4701_CMP $procmux$4699_CMP [53] $procmux$4699_CMP [51] $procmux$4699_CMP [47:46] $procmux$4699_CMP [44:43] $procmux$4699_CMP [39] $procmux$4699_CMP [37] $procmux$4699_CMP [33:32] $procmux$4699_CMP [30:29] $procmux$4699_CMP [25] $procmux$4699_CMP [23] $procmux$4699_CMP [19:18] $procmux$4699_CMP [16:15] $procmux$4699_CMP [11] $procmux$4699_CMP [9] $procmux$4699_CMP [5:4] $procmux$4699_CMP [2:1] $procmux$4697_CMP }
    New input vector for $reduce_or cell $auto$opt_reduce.cc:131:opt_pmux$24550: { $procmux$22681_CMP $procmux$4722_CMP $procmux$4698_CMP }
    New input vector for $reduce_or cell $auto$opt_reduce.cc:131:opt_pmux$24554: { $procmux$22692_CMP $procmux$22691_CMP $procmux$22690_CMP $procmux$22689_CMP $procmux$22688_CMP $procmux$22682_CMP $procmux$22681_CMP $procmux$22680_CMP $procmux$22679_CMP $procmux$22678_CMP $procmux$22677_CMP $procmux$22676_CMP $procmux$22675_CMP $procmux$22674_CMP $procmux$22673_CMP $procmux$22672_CMP $procmux$22671_CMP $procmux$22668_CMP $procmux$22667_CMP $procmux$22666_CMP $procmux$22664_CMP $procmux$22663_CMP $procmux$22662_CMP $procmux$22661_CMP $procmux$22660_CMP $procmux$22659_CMP $procmux$22658_CMP $procmux$22657_CMP $procmux$22655_CMP $procmux$22654_CMP $procmux$22653_CMP $procmux$22650_CMP $procmux$22649_CMP $procmux$22648_CMP $procmux$22647_CMP $procmux$22646_CMP $procmux$22645_CMP $procmux$22644_CMP }
    New input vector for $reduce_or cell $auto$opt_reduce.cc:131:opt_pmux$24556: { $procmux$22694_CMP [0] $procmux$22693_CMP $procmux$22692_CMP $procmux$22691_CMP $procmux$22682_CMP $procmux$22681_CMP $procmux$22680_CMP $procmux$22679_CMP $procmux$22678_CMP $procmux$22677_CMP $procmux$22676_CMP $procmux$22675_CMP $procmux$22674_CMP $procmux$22673_CMP $procmux$22672_CMP $procmux$22671_CMP $procmux$22670_CMP $procmux$22669_CMP $procmux$22668_CMP $procmux$22667_CMP $procmux$22666_CMP $procmux$22665_CMP $procmux$22664_CMP $procmux$22663_CMP $procmux$22662_CMP $procmux$22661_CMP $procmux$22660_CMP $procmux$22659_CMP $procmux$22658_CMP $procmux$22657_CMP $procmux$22656_CMP $procmux$22655_CMP $procmux$22654_CMP $procmux$22653_CMP $procmux$22652_CMP $procmux$22651_CMP $procmux$22650_CMP $procmux$22649_CMP $procmux$22648_CMP $procmux$22647_CMP $procmux$22646_CMP $procmux$22645_CMP $procmux$22644_CMP $procmux$22643_CMP $procmux$22642_CMP $procmux$22641_CMP $procmux$22640_CMP [7:1] }
    New input vector for $reduce_or cell $auto$opt_reduce.cc:131:opt_pmux$24558: { $procmux$22694_CMP [0] $procmux$22693_CMP $procmux$22692_CMP $procmux$22691_CMP $procmux$22690_CMP $procmux$22689_CMP $procmux$22688_CMP $procmux$22681_CMP $procmux$22680_CMP $procmux$22679_CMP $procmux$22678_CMP $procmux$22677_CMP $procmux$22676_CMP $procmux$22675_CMP $procmux$22674_CMP $procmux$22673_CMP $procmux$22672_CMP $procmux$22671_CMP $procmux$22668_CMP $procmux$22667_CMP $procmux$22666_CMP $procmux$22665_CMP $procmux$22660_CMP $procmux$22659_CMP $procmux$22658_CMP $procmux$22657_CMP $procmux$22656_CMP $procmux$22655_CMP $procmux$22654_CMP $procmux$22650_CMP $procmux$22649_CMP $procmux$22647_CMP $procmux$22645_CMP $procmux$22644_CMP $procmux$22643_CMP $procmux$22641_CMP $procmux$22640_CMP [7:1] $procmux$4722_CMP $procmux$4703_CMP [54:52] $procmux$4703_CMP [50:49] $procmux$4703_CMP [47:45] $procmux$4703_CMP [42] $procmux$4703_CMP [40:38] $procmux$4703_CMP [36:35] $procmux$4703_CMP [33:31] $procmux$4703_CMP [28] $procmux$4703_CMP [26:24] $procmux$4703_CMP [22] $procmux$4703_CMP [19:17] $procmux$4703_CMP [15] $procmux$4703_CMP [12:10] $procmux$4703_CMP [5:3] $procmux$4701_CMP $procmux$4700_CMP $procmux$4699_CMP [53] $procmux$4699_CMP [51] $procmux$4699_CMP [47:46] $procmux$4699_CMP [44:43] $procmux$4699_CMP [39] $procmux$4699_CMP [37] $procmux$4699_CMP [33:32] $procmux$4699_CMP [30:29] $procmux$4699_CMP [25] $procmux$4699_CMP [23] $procmux$4699_CMP [19:18] $procmux$4699_CMP [16:15] $procmux$4699_CMP [11] $procmux$4699_CMP [9] $procmux$4699_CMP [5:4] $procmux$4699_CMP [2:1] $procmux$4698_CMP $procmux$4697_CMP }
    New input vector for $reduce_or cell $auto$opt_reduce.cc:131:opt_pmux$24560: { $procmux$22694_CMP [0] $procmux$22693_CMP $procmux$22692_CMP $procmux$22691_CMP $procmux$22690_CMP $procmux$22689_CMP $procmux$22688_CMP $procmux$22682_CMP $procmux$22681_CMP $procmux$22680_CMP $procmux$22679_CMP $procmux$22678_CMP $procmux$22677_CMP $procmux$22676_CMP $procmux$22675_CMP $procmux$22674_CMP $procmux$22673_CMP $procmux$22672_CMP $procmux$22671_CMP $procmux$22670_CMP $procmux$22669_CMP $procmux$22668_CMP $procmux$22667_CMP $procmux$22666_CMP $procmux$22665_CMP $procmux$22664_CMP $procmux$22663_CMP $procmux$22662_CMP $procmux$22661_CMP $procmux$22660_CMP $procmux$22659_CMP $procmux$22658_CMP $procmux$22657_CMP $procmux$22656_CMP $procmux$22655_CMP $procmux$22654_CMP $procmux$22652_CMP $procmux$22651_CMP $procmux$22650_CMP $procmux$22649_CMP $procmux$22648_CMP $procmux$22647_CMP $procmux$22646_CMP $procmux$22645_CMP $procmux$22644_CMP $procmux$22643_CMP $procmux$22642_CMP $procmux$22641_CMP $procmux$22640_CMP [7:1] }
    New input vector for $reduce_or cell $auto$opt_reduce.cc:131:opt_pmux$24562: { $procmux$22694_CMP [0] $procmux$22693_CMP $procmux$22692_CMP $procmux$22691_CMP $procmux$22690_CMP $procmux$22689_CMP $procmux$22688_CMP $procmux$22682_CMP $procmux$22681_CMP $procmux$22680_CMP $procmux$22679_CMP $procmux$22678_CMP $procmux$22677_CMP $procmux$22676_CMP $procmux$22675_CMP $procmux$22674_CMP $procmux$22673_CMP $procmux$22672_CMP $procmux$22671_CMP $procmux$22670_CMP $procmux$22669_CMP $procmux$22668_CMP $procmux$22667_CMP $procmux$22666_CMP $procmux$22665_CMP $procmux$22664_CMP $procmux$22663_CMP $procmux$22662_CMP $procmux$22661_CMP $procmux$22660_CMP $procmux$22659_CMP $procmux$22658_CMP $procmux$22657_CMP $procmux$22656_CMP $procmux$22655_CMP $procmux$22653_CMP $procmux$22652_CMP $procmux$22651_CMP $procmux$22650_CMP $procmux$22649_CMP $procmux$22648_CMP $procmux$22647_CMP $procmux$22646_CMP $procmux$22645_CMP $procmux$22644_CMP $procmux$22643_CMP $procmux$22642_CMP $procmux$22641_CMP $procmux$22640_CMP [7:1] }
    New input vector for $reduce_or cell $auto$opt_reduce.cc:131:opt_pmux$24564: { $procmux$22694_CMP [0] $procmux$22693_CMP $procmux$22692_CMP $procmux$22691_CMP $procmux$22690_CMP $procmux$22689_CMP $procmux$22688_CMP $procmux$22681_CMP $procmux$22680_CMP $procmux$22679_CMP $procmux$22678_CMP $procmux$22677_CMP $procmux$22676_CMP $procmux$22675_CMP $procmux$22674_CMP $procmux$22673_CMP $procmux$22672_CMP $procmux$22671_CMP $procmux$22670_CMP $procmux$22669_CMP $procmux$22668_CMP $procmux$22667_CMP $procmux$22666_CMP $procmux$22665_CMP $procmux$22664_CMP $procmux$22663_CMP $procmux$22662_CMP $procmux$22661_CMP $procmux$22660_CMP $procmux$22659_CMP $procmux$22658_CMP $procmux$22657_CMP $procmux$22656_CMP $procmux$22655_CMP $procmux$22654_CMP $procmux$22653_CMP $procmux$22652_CMP $procmux$22651_CMP $procmux$22650_CMP $procmux$22649_CMP $procmux$22648_CMP $procmux$22647_CMP $procmux$22646_CMP $procmux$22645_CMP $procmux$22644_CMP $procmux$22643_CMP $procmux$22642_CMP $procmux$22641_CMP $procmux$22640_CMP [7:1] }
    New input vector for $reduce_or cell $auto$opt_reduce.cc:131:opt_pmux$24566: { $procmux$22694_CMP [0] $procmux$22693_CMP $procmux$22692_CMP $procmux$22691_CMP $procmux$22690_CMP $procmux$22689_CMP $procmux$22688_CMP $procmux$22682_CMP $procmux$22681_CMP $procmux$22680_CMP $procmux$22679_CMP $procmux$22678_CMP $procmux$22677_CMP $procmux$22676_CMP $procmux$22675_CMP $procmux$22674_CMP $procmux$22673_CMP $procmux$22672_CMP $procmux$22671_CMP $procmux$22670_CMP $procmux$22669_CMP $procmux$22668_CMP $procmux$22667_CMP $procmux$22666_CMP $procmux$22665_CMP $procmux$22664_CMP $procmux$22663_CMP $procmux$22662_CMP $procmux$22661_CMP $procmux$22660_CMP $procmux$22659_CMP $procmux$22657_CMP $procmux$22656_CMP $procmux$22655_CMP $procmux$22654_CMP $procmux$22653_CMP $procmux$22652_CMP $procmux$22651_CMP $procmux$22650_CMP $procmux$22649_CMP $procmux$22648_CMP $procmux$22647_CMP $procmux$22646_CMP $procmux$22645_CMP $procmux$22644_CMP $procmux$22643_CMP $procmux$22642_CMP $procmux$22641_CMP $procmux$22640_CMP [7:1] }
    New input vector for $reduce_or cell $auto$opt_reduce.cc:131:opt_pmux$24568: { $procmux$22694_CMP [0] $procmux$22692_CMP $procmux$22690_CMP $procmux$22689_CMP $procmux$22688_CMP $procmux$22680_CMP $procmux$22679_CMP $procmux$22678_CMP $procmux$22674_CMP $procmux$22673_CMP $procmux$22671_CMP $procmux$22669_CMP $procmux$22668_CMP $procmux$22667_CMP $procmux$22666_CMP $procmux$22664_CMP $procmux$22663_CMP $procmux$22660_CMP $procmux$22659_CMP $procmux$22658_CMP $procmux$22657_CMP $procmux$22655_CMP $procmux$22654_CMP $procmux$22653_CMP $procmux$22652_CMP $procmux$22651_CMP $procmux$22650_CMP $procmux$22649_CMP $procmux$22648_CMP $procmux$22647_CMP $procmux$22646_CMP $procmux$22645_CMP $procmux$22644_CMP $procmux$22641_CMP $procmux$22640_CMP [7:1] }
    New input vector for $reduce_or cell $auto$opt_reduce.cc:131:opt_pmux$24574: { $procmux$22694_CMP [0] $procmux$22692_CMP $procmux$22691_CMP $procmux$22690_CMP $procmux$22689_CMP $procmux$22688_CMP $procmux$22682_CMP $procmux$22681_CMP $procmux$22680_CMP $procmux$22679_CMP $procmux$22678_CMP $procmux$22677_CMP $procmux$22676_CMP $procmux$22675_CMP $procmux$22674_CMP $procmux$22673_CMP $procmux$22672_CMP $procmux$22671_CMP $procmux$22670_CMP $procmux$22669_CMP $procmux$22668_CMP $procmux$22667_CMP $procmux$22666_CMP $procmux$22665_CMP $procmux$22664_CMP $procmux$22663_CMP $procmux$22662_CMP $procmux$22661_CMP $procmux$22660_CMP $procmux$22659_CMP $procmux$22658_CMP $procmux$22657_CMP $procmux$22656_CMP $procmux$22655_CMP $procmux$22654_CMP $procmux$22653_CMP $procmux$22652_CMP $procmux$22651_CMP $procmux$22650_CMP $procmux$22649_CMP $procmux$22648_CMP $procmux$22647_CMP $procmux$22646_CMP $procmux$22645_CMP $procmux$22644_CMP $procmux$22643_CMP $procmux$22642_CMP $procmux$22641_CMP $procmux$22640_CMP [7:1] }
    New input vector for $reduce_or cell $auto$opt_reduce.cc:131:opt_pmux$24586: { $procmux$22660_CMP $procmux$22650_CMP }
    New input vector for $reduce_or cell $auto$opt_reduce.cc:131:opt_pmux$24588: { $procmux$22694_CMP [0] $procmux$22693_CMP $procmux$22692_CMP $procmux$22691_CMP $procmux$22690_CMP $procmux$22689_CMP $procmux$22688_CMP $procmux$22680_CMP $procmux$22679_CMP $procmux$22678_CMP $procmux$22677_CMP $procmux$22676_CMP $procmux$22675_CMP $procmux$22672_CMP $procmux$22671_CMP $procmux$22670_CMP $procmux$22668_CMP $procmux$22667_CMP $procmux$22666_CMP $procmux$22659_CMP $procmux$22658_CMP $procmux$22657_CMP $procmux$22656_CMP $procmux$22655_CMP $procmux$22654_CMP $procmux$22652_CMP $procmux$22651_CMP $procmux$22649_CMP $procmux$22648_CMP $procmux$22647_CMP $procmux$22646_CMP $procmux$22645_CMP $procmux$22643_CMP $procmux$22642_CMP $procmux$22641_CMP $procmux$22640_CMP [7:1] }
  Optimizing cells in module \tv80_mcode_gate.
Performed a total of 117 changes.

3.6.5. Executing OPT_MERGE pass (detect identical cells).
Finding identical cells in module `\tv80_mcode_gate'.
Computing hashes of 1350 cells of `\tv80_mcode_gate'.
Finding duplicate cells in `\tv80_mcode_gate'.
Computing hashes of 1057 cells of `\tv80_mcode_gate'.
Finding duplicate cells in `\tv80_mcode_gate'.
Computing hashes of 902 cells of `\tv80_mcode_gate'.
Finding duplicate cells in `\tv80_mcode_gate'.
Computing hashes of 837 cells of `\tv80_mcode_gate'.
Finding duplicate cells in `\tv80_mcode_gate'.
Computing hashes of 823 cells of `\tv80_mcode_gate'.
Finding duplicate cells in `\tv80_mcode_gate'.
<suppressed ~1581 debug messages>
Removed a total of 527 cells.

3.6.6. Executing OPT_DFF pass (perform DFF optimizations).

3.6.7. Executing OPT_CLEAN pass (remove unused cells and wires).
Finding unused cells or wires in module \tv80_mcode_gate..
Removed 0 unused cells and 6224 unused wires.
<suppressed ~1 debug messages>

3.6.8. Executing OPT_EXPR pass (perform const folding).
Optimizing module tv80_mcode_gate.
<suppressed ~1 debug messages>

3.6.9. Rerunning OPT passes. (Maybe there is more to do..)

3.6.10. Executing OPT_MUXTREE pass (detect dead branches in mux trees).
Running muxtree optimizer on module \tv80_mcode_gate..
  Creating internal representation of mux trees.
  Evaluating internal representation of mux trees.
  Analyzing evaluation results.
Removed 0 multiplexer ports.
<suppressed ~1453 debug messages>

3.6.11. Executing OPT_REDUCE pass (consolidate $*mux and $reduce_* inputs).
  Optimizing cells in module \tv80_mcode_gate.
    New ctrl vector for $pmux cell $procmux$23389: { $auto$opt_reduce.cc:137:opt_pmux$24595 $procmux$10511_CMP $auto$opt_reduce.cc:137:opt_pmux$24593 $auto$opt_reduce.cc:137:opt_pmux$24453 }
    New ctrl vector for $pmux cell $procmux$23335: { $auto$opt_reduce.cc:137:opt_pmux$24597 $auto$opt_reduce.cc:137:opt_pmux$24503 }
    New ctrl vector for $pmux cell $procmux$4611: { $auto$opt_reduce.cc:137:opt_pmux$24601 $auto$opt_reduce.cc:137:opt_pmux$24599 $auto$opt_reduce.cc:137:opt_pmux$24481 }
    New ctrl vector for $pmux cell $procmux$4781: { $procmux$19943_CMP $procmux$19135_CMP $procmux$17017_CTRL $procmux$16337_CMP $procmux$14600_CMP $procmux$13798_CMP $procmux$13259_CMP $procmux$13102_CMP $auto$opt_reduce.cc:137:opt_pmux$24603 $procmux$10088_CMP $auto$opt_reduce.cc:137:opt_pmux$24507 $auto$opt_reduce.cc:137:opt_pmux$24509 }
    New ctrl vector for $pmux cell $procmux$4108: { $auto$opt_reduce.cc:137:opt_pmux$24609 $procmux$1208_CTRL $auto$opt_reduce.cc:137:opt_pmux$24607 $auto$opt_reduce.cc:137:opt_pmux$24605 $procmux$3334_CTRL }
    New ctrl vector for $pmux cell $procmux$23821: { $procmux$13259_CMP $procmux$13102_CMP $auto$opt_reduce.cc:137:opt_pmux$24611 $procmux$10088_CMP $auto$opt_reduce.cc:137:opt_pmux$24507 $procmux$21728_CMP $auto$opt_reduce.cc:137:opt_pmux$24521 }
    New ctrl vector for $pmux cell $procmux$4647: { $auto$opt_reduce.cc:137:opt_pmux$24613 $auto$opt_reduce.cc:137:opt_pmux$24467 }
    New ctrl vector for $pmux cell $procmux$3727: { $auto$opt_reduce.cc:137:opt_pmux$24455 $auto$opt_reduce.cc:137:opt_pmux$24619 $auto$opt_reduce.cc:137:opt_pmux$24617 $auto$opt_reduce.cc:137:opt_pmux$24615 $procmux$1006_CTRL $procmux$1094_CTRL }
    New ctrl vector for $pmux cell $procmux$23984: { $auto$opt_reduce.cc:137:opt_pmux$24621 $procmux$18399_CMP $procmux$10032_CMP $auto$opt_reduce.cc:137:opt_pmux$24465 }
    New ctrl vector for $pmux cell $procmux$3987: { $procmux$1094_CTRL $procmux$1006_CTRL $auto$opt_reduce.cc:137:opt_pmux$24627 $procmux$1313_CTRL $auto$opt_reduce.cc:137:opt_pmux$24625 $procmux$1099_CTRL $procmux$1100_CTRL $auto$opt_reduce.cc:137:opt_pmux$24623 }
    New ctrl vector for $pmux cell $procmux$4024: { $auto$opt_reduce.cc:137:opt_pmux$24633 $auto$opt_reduce.cc:137:opt_pmux$24631 $auto$opt_reduce.cc:137:opt_pmux$24629 $procmux$2897_CTRL $procmux$1099_CTRL }
    New ctrl vector for $pmux cell $procmux$3955: $auto$opt_reduce.cc:137:opt_pmux$24635
    New ctrl vector for $pmux cell $procmux$23605: { $auto$opt_reduce.cc:137:opt_pmux$24637 $procmux$21728_CMP $auto$opt_reduce.cc:137:opt_pmux$24525 }
    New ctrl vector for $pmux cell $procmux$3798: { $procmux$1094_CTRL $auto$opt_reduce.cc:137:opt_pmux$24639 }
    New ctrl vector for $pmux cell $procmux$21771: { $procmux$19943_CMP $procmux$19135_CMP $auto$opt_reduce.cc:137:opt_pmux$24471 $procmux$13259_CMP $auto$opt_reduce.cc:137:opt_pmux$24473 $auto$opt_reduce.cc:137:opt_pmux$24641 $procmux$10511_CMP $procmux$21730_CMP $auto$opt_reduce.cc:137:opt_pmux$24475 $procmux$21726_CMP $procmux$21724_CTRL $auto$opt_reduce.cc:137:opt_pmux$24477 $auto$opt_reduce.cc:137:opt_pmux$24479 }
    New ctrl vector for $pmux cell $procmux$22741: { $auto$opt_reduce.cc:137:opt_pmux$24647 $procmux$13798_CMP $auto$opt_reduce.cc:137:opt_pmux$24645 $procmux$10511_CMP $procmux$10088_CMP $auto$opt_reduce.cc:137:opt_pmux$24533 $auto$opt_reduce.cc:137:opt_pmux$24643 $procmux$21728_CMP $procmux$21727_CMP $procmux$21726_CMP $auto$opt_reduce.cc:137:opt_pmux$24535 }
    New ctrl vector for $pmux cell $procmux$4997: { $auto$opt_reduce.cc:137:opt_pmux$24651 $auto$opt_reduce.cc:137:opt_pmux$24649 $procmux$13798_CMP $procmux$10511_CMP $auto$opt_reduce.cc:137:opt_pmux$24459 $procmux$21727_CMP $procmux$21726_CMP $auto$opt_reduce.cc:137:opt_pmux$24461 }
    New ctrl vector for $pmux cell $procmux$4190: $auto$opt_reduce.cc:137:opt_pmux$24653
    New ctrl vector for $pmux cell $procmux$1093: { $auto$opt_reduce.cc:137:opt_pmux$24659 $procmux$1096_CTRL $auto$opt_reduce.cc:137:opt_pmux$24657 $auto$opt_reduce.cc:137:opt_pmux$24655 $procmux$1101_CTRL }
    New ctrl vector for $pmux cell $procmux$23659: { $procmux$10511_CMP $procmux$10018_CMP $procmux$14433_CMP $auto$opt_reduce.cc:137:opt_pmux$24661 $auto$opt_reduce.cc:137:opt_pmux$24539 }
    New ctrl vector for $pmux cell $procmux$4038: { $auto$opt_reduce.cc:137:opt_pmux$24663 $procmux$1403_CMP $procmux$1549_CMP $procmux$1097_CTRL $procmux$1098_CTRL $procmux$2897_CTRL $procmux$1099_CTRL $procmux$1100_CTRL }
    New ctrl vector for $pmux cell $procmux$23767: { $auto$opt_reduce.cc:137:opt_pmux$24665 $auto$opt_reduce.cc:137:opt_pmux$24541 }
    New ctrl vector for $pmux cell $procmux$4167: $auto$opt_reduce.cc:137:opt_pmux$24667
    New ctrl vector for $pmux cell $procmux$3785: { $auto$opt_reduce.cc:137:opt_pmux$24671 $procmux$1549_CMP $auto$opt_reduce.cc:137:opt_pmux$24669 $procmux$1099_CTRL }
    New ctrl vector for $pmux cell $procmux$24173: { $auto$opt_reduce.cc:137:opt_pmux$24677 $auto$opt_reduce.cc:137:opt_pmux$24675 $auto$opt_reduce.cc:137:opt_pmux$24673 $procmux$10511_CMP $procmux$21728_CMP $auto$opt_reduce.cc:137:opt_pmux$24543 }
    New ctrl vector for $pmux cell $procmux$4659: { $auto$opt_reduce.cc:137:opt_pmux$24679 $auto$opt_reduce.cc:137:opt_pmux$24451 }
    New ctrl vector for $pmux cell $procmux$24119: { $auto$opt_reduce.cc:137:opt_pmux$24681 $auto$opt_reduce.cc:137:opt_pmux$24485 }
    New ctrl vector for $pmux cell $procmux$894: { $procmux$3334_CTRL $auto$opt_reduce.cc:137:opt_pmux$24687 $procmux$2897_CTRL $auto$opt_reduce.cc:137:opt_pmux$24685 $auto$opt_reduce.cc:137:opt_pmux$24683 $procmux$1208_CTRL }
    New ctrl vector for $pmux cell $procmux$5145: { $auto$opt_reduce.cc:137:opt_pmux$24691 $auto$opt_reduce.cc:137:opt_pmux$24689 $procmux$13798_CMP $procmux$10511_CMP $procmux$21736_CMP $procmux$21735_CMP $procmux$21727_CMP $procmux$21726_CMP $auto$opt_reduce.cc:137:opt_pmux$24461 }
    New ctrl vector for $pmux cell $procmux$4835: { $procmux$19943_CMP $procmux$19135_CMP $auto$opt_reduce.cc:137:opt_pmux$24695 $procmux$17540_CMP $procmux$15622_CMP $procmux$15081_CMP $procmux$13798_CMP $auto$opt_reduce.cc:137:opt_pmux$24693 $procmux$10511_CMP $procmux$10088_CMP $procmux$21728_CMP $procmux$21727_CMP $procmux$21726_CMP $procmux$21723_CTRL $procmux$10469_CMP $auto$opt_reduce.cc:137:opt_pmux$24489 }
    New ctrl vector for $pmux cell $procmux$3880: $auto$opt_reduce.cc:137:opt_pmux$24697
    New ctrl vector for $pmux cell $procmux$22687: { $auto$opt_reduce.cc:137:opt_pmux$24699 $auto$opt_reduce.cc:137:opt_pmux$24501 }
    New ctrl vector for $pmux cell $procmux$4683: { $auto$opt_reduce.cc:137:opt_pmux$24701 $procmux$4406_CTRL $auto$opt_reduce.cc:137:opt_pmux$24451 }
    New ctrl vector for $pmux cell $procmux$2889: { $auto$opt_reduce.cc:137:opt_pmux$24709 $procmux$1096_CTRL $auto$opt_reduce.cc:137:opt_pmux$24707 $auto$opt_reduce.cc:137:opt_pmux$24705 $procmux$2897_CTRL $auto$opt_reduce.cc:137:opt_pmux$24703 $procmux$1101_CTRL }
    New ctrl vector for $pmux cell $procmux$3772: { $auto$opt_reduce.cc:137:opt_pmux$24713 $procmux$1096_CTRL $auto$opt_reduce.cc:137:opt_pmux$24711 $procmux$1101_CTRL }
    New ctrl vector for $pmux cell $procmux$3967: { $procmux$1313_CTRL $auto$opt_reduce.cc:137:opt_pmux$24715 }
    New ctrl vector for $pmux cell $procmux$21717: { $procmux$19943_CMP $procmux$19135_CMP $procmux$18242_CMP $procmux$18085_CMP $procmux$17540_CMP $auto$opt_reduce.cc:137:opt_pmux$24721 $auto$opt_reduce.cc:137:opt_pmux$24719 $procmux$13798_CMP $auto$opt_reduce.cc:137:opt_pmux$24717 $procmux$10511_CMP $procmux$10469_CMP $auto$opt_reduce.cc:137:opt_pmux$24569 }
    New ctrl vector for $pmux cell $procmux$21933: { $procmux$19943_CMP $procmux$19135_CMP $auto$opt_reduce.cc:137:opt_pmux$24733 $auto$opt_reduce.cc:137:opt_pmux$24731 $procmux$18399_CMP $procmux$17540_CMP $auto$opt_reduce.cc:137:opt_pmux$24729 $auto$opt_reduce.cc:137:opt_pmux$24727 $procmux$13798_CMP $procmux$13259_CMP $auto$opt_reduce.cc:137:opt_pmux$24725 $procmux$10511_CMP $procmux$21727_CMP $procmux$21726_CMP $procmux$21724_CTRL $auto$opt_reduce.cc:137:opt_pmux$24723 $auto$opt_reduce.cc:137:opt_pmux$24491 }
    New ctrl vector for $pmux cell $procmux$22633: { $procmux$10088_CMP $auto$opt_reduce.cc:137:opt_pmux$24735 $procmux$21728_CMP $auto$opt_reduce.cc:137:opt_pmux$24463 }
    New ctrl vector for $pmux cell $procmux$22093: { $procmux$19943_CMP $procmux$19135_CMP $auto$opt_reduce.cc:137:opt_pmux$24739 $procmux$16337_CMP $procmux$14600_CMP $procmux$13798_CMP $procmux$13259_CMP $procmux$13102_CMP $auto$opt_reduce.cc:137:opt_pmux$24737 $auto$opt_reduce.cc:137:opt_pmux$24507 $procmux$21728_CMP $auto$opt_reduce.cc:137:opt_pmux$24589 }
    New ctrl vector for $pmux cell $procmux$23497: { $auto$opt_reduce.cc:137:opt_pmux$24741 $auto$opt_reduce.cc:137:opt_pmux$24493 }
    New ctrl vector for $pmux cell $procmux$5285: { $procmux$19943_CMP $procmux$19135_CMP $auto$opt_reduce.cc:137:opt_pmux$24745 $procmux$17540_CMP $procmux$15622_CMP $procmux$15081_CMP $procmux$13798_CMP $procmux$13259_CMP $procmux$13102_CMP $auto$opt_reduce.cc:137:opt_pmux$24743 $procmux$10511_CMP $procmux$10088_CMP $procmux$21728_CMP $procmux$21727_CMP $procmux$21726_CMP $procmux$21723_CTRL $procmux$10469_CMP $auto$opt_reduce.cc:137:opt_pmux$24495 }
    New input vector for $reduce_or cell $auto$opt_reduce.cc:131:opt_pmux$24592: { $procmux$21725_CMP $procmux$21724_CMP }
    New input vector for $reduce_or cell $auto$opt_reduce.cc:131:opt_pmux$24598: { $procmux$19135_CMP $procmux$4294_CMP $procmux$4210_CMP }
    New input vector for $reduce_or cell $auto$opt_reduce.cc:131:opt_pmux$24600: { $procmux$21755_CMP $procmux$21744_CMP $procmux$21743_CMP $procmux$21742_CMP $procmux$21741_CMP $procmux$21739_CMP $procmux$21738_CMP $procmux$21734_CMP $procmux$21729_CMP $procmux$21728_CMP $procmux$21727_CMP $procmux$21725_CMP $procmux$21724_CMP $procmux$21723_CMP $procmux$21719_CMP $procmux$21718_CMP $procmux$19022_CMP $procmux$18914_CMP $procmux$18399_CMP $procmux$18242_CMP $procmux$18085_CMP $procmux$17540_CMP $procmux$17017_CMP $procmux$16337_CMP $procmux$15622_CMP $procmux$15030_CMP $procmux$14472_CMP $procmux$14402_CMP $procmux$13798_CMP $procmux$10511_CMP $procmux$10469_CMP $procmux$10055_CMP $procmux$10032_CMP $procmux$10018_CMP $procmux$4577_CMP [54:52] $procmux$4577_CMP [50:49] $procmux$4577_CMP [47:45] $procmux$4577_CMP [42] $procmux$4577_CMP [40:38] $procmux$4577_CMP [36:35] $procmux$4577_CMP [33:31] $procmux$4577_CMP [28] $procmux$4577_CMP [26:24] $procmux$4577_CMP [22] $procmux$4577_CMP [19:17] $procmux$4577_CMP [15] $procmux$4577_CMP [12:10] $procmux$4577_CMP [5:3] $procmux$4371_CMP [53] $procmux$4371_CMP [51] $procmux$4371_CMP [47:46] $procmux$4371_CMP [44:43] $procmux$4371_CMP [39] $procmux$4371_CMP [37] $procmux$4371_CMP [33:32] $procmux$4371_CMP [30:29] $procmux$4371_CMP [25] $procmux$4371_CMP [23] $procmux$4371_CMP [19:18] $procmux$4371_CMP [16:15] $procmux$4371_CMP [11] $procmux$4371_CMP [9] $procmux$4371_CMP [5:4] $procmux$4371_CMP [2:1] $procmux$4263_CMP [55:53] $procmux$4263_CMP [48:46] $procmux$4263_CMP [41:39] $procmux$4263_CMP [34:32] $procmux$4263_CMP [27:0] $procmux$1100_CMP $procmux$1099_CMP $procmux$1094_CMP $procmux$1006_CMP $eq$/home/toshn/slacksmith_work/depth_tv80/run3/gates/O1/gate.v:4722$624_Y }
    New input vector for $reduce_or cell $auto$opt_reduce.cc:131:opt_pmux$24604: { $procmux$1098_CMP $procmux$1097_CMP }
    New input vector for $reduce_or cell $auto$opt_reduce.cc:131:opt_pmux$24608: { $procmux$1094_CMP $procmux$1006_CMP }
    New input vector for $reduce_or cell $auto$opt_reduce.cc:131:opt_pmux$24612: { $procmux$19135_CMP $procmux$4294_CMP $procmux$4210_CMP }
    New input vector for $reduce_or cell $auto$opt_reduce.cc:131:opt_pmux$24616: { $procmux$1098_CMP $procmux$1097_CMP }
    New input vector for $reduce_or cell $auto$opt_reduce.cc:131:opt_pmux$24618: { $procmux$1100_CMP $procmux$1099_CMP }
    New input vector for $reduce_or cell $auto$opt_reduce.cc:131:opt_pmux$24622: { $procmux$3334_CMP $procmux$1101_CMP }
    New input vector for $reduce_or cell $auto$opt_reduce.cc:131:opt_pmux$24626: { $procmux$1208_CMP $procmux$1096_CMP }
    New input vector for $reduce_or cell $auto$opt_reduce.cc:131:opt_pmux$24628: { $procmux$1098_CMP $procmux$1097_CMP }
    New input vector for $reduce_or cell $auto$opt_reduce.cc:131:opt_pmux$24632: { $procmux$1094_CMP $procmux$1006_CMP }
    New input vector for $reduce_or cell $auto$opt_reduce.cc:131:opt_pmux$24634: { $procmux$3334_CMP $procmux$1101_CMP }
    New input vector for $reduce_or cell $auto$opt_reduce.cc:131:opt_pmux$24638: { $procmux$1208_CMP $procmux$1096_CMP $procmux$1006_CMP }
    New input vector for $reduce_or cell $auto$opt_reduce.cc:131:opt_pmux$24646: { $procmux$21724_CMP $procmux$21723_CMP $procmux$15081_CMP }
    New input vector for $reduce_or cell $auto$opt_reduce.cc:131:opt_pmux$24648: { $procmux$21725_CMP $procmux$21724_CMP $procmux$14600_CMP }
    New input vector for $reduce_or cell $auto$opt_reduce.cc:131:opt_pmux$24650: { $procmux$21723_CMP $procmux$15081_CMP }
    New input vector for $reduce_or cell $auto$opt_reduce.cc:131:opt_pmux$24652: { $procmux$3334_CMP $procmux$1101_CMP }
    New input vector for $reduce_or cell $auto$opt_reduce.cc:131:opt_pmux$24654: { $procmux$1100_CMP $procmux$1099_CMP }
    New input vector for $reduce_or cell $auto$opt_reduce.cc:131:opt_pmux$24656: { $procmux$1098_CMP $procmux$1097_CMP }
    New input vector for $reduce_or cell $auto$opt_reduce.cc:131:opt_pmux$24658: { $procmux$1094_CMP $procmux$1006_CMP }
    New input vector for $reduce_or cell $auto$opt_reduce.cc:131:opt_pmux$24660: { $procmux$21725_CMP $procmux$21724_CMP }
    New input vector for $reduce_or cell $auto$opt_reduce.cc:131:opt_pmux$24662: { $procmux$1094_CMP $procmux$1006_CMP }
    New input vector for $reduce_or cell $auto$opt_reduce.cc:131:opt_pmux$24666: { $procmux$3334_CMP $procmux$1101_CMP }
    New input vector for $reduce_or cell $auto$opt_reduce.cc:131:opt_pmux$24668: { $procmux$1098_CMP $procmux$1097_CMP }
    New input vector for $reduce_or cell $auto$opt_reduce.cc:131:opt_pmux$24670: { $procmux$1100_CMP $procmux$1094_CMP $procmux$1006_CMP }
    New input vector for $reduce_or cell $auto$opt_reduce.cc:131:opt_pmux$24672: { $procmux$21727_CMP $procmux$21726_CMP $procmux$17540_CMP $procmux$17017_CMP $procmux$16337_CMP $procmux$15622_CMP $procmux$14433_CMP }
    New input vector for $reduce_or cell $auto$opt_reduce.cc:131:opt_pmux$24678: { $procmux$19135_CMP $procmux$4406_CMP [7] $procmux$4294_CMP $procmux$4210_CMP $procmux$3839_CMP $procmux$3838_CMP $procmux$3837_CMP [0] }
    New input vector for $reduce_or cell $auto$opt_reduce.cc:131:opt_pmux$24684: { $procmux$1098_CMP $procmux$1097_CMP }
    New input vector for $reduce_or cell $auto$opt_reduce.cc:131:opt_pmux$24686: { $procmux$1100_CMP $procmux$1099_CMP }
    New input vector for $reduce_or cell $auto$opt_reduce.cc:131:opt_pmux$24688: { $procmux$21725_CMP $procmux$21724_CMP $procmux$14600_CMP }
    New input vector for $reduce_or cell $auto$opt_reduce.cc:131:opt_pmux$24690: { $procmux$21723_CMP $procmux$15081_CMP }
    New input vector for $reduce_or cell $auto$opt_reduce.cc:131:opt_pmux$24696: { $procmux$1094_CMP $procmux$1006_CMP }
    New input vector for $reduce_or cell $auto$opt_reduce.cc:131:opt_pmux$24700: { $procmux$19135_CMP $procmux$4294_CMP $procmux$4210_CMP }
    New input vector for $reduce_or cell $auto$opt_reduce.cc:131:opt_pmux$24702: { $procmux$1100_CMP $procmux$1099_CMP }
    New input vector for $reduce_or cell $auto$opt_reduce.cc:131:opt_pmux$24704: { $procmux$1098_CMP $procmux$1097_CMP }
    New input vector for $reduce_or cell $auto$opt_reduce.cc:131:opt_pmux$24708: { $procmux$1094_CMP $procmux$1006_CMP }
    New input vector for $reduce_or cell $auto$opt_reduce.cc:131:opt_pmux$24712: { $procmux$1100_CMP $procmux$1094_CMP $procmux$1006_CMP }
    New input vector for $reduce_or cell $auto$opt_reduce.cc:131:opt_pmux$24714: { $procmux$3334_CMP $procmux$1101_CMP }
    New input vector for $reduce_or cell $auto$opt_reduce.cc:131:opt_pmux$24718: { $procmux$21723_CMP $procmux$15081_CMP }
    New input vector for $reduce_or cell $auto$opt_reduce.cc:131:opt_pmux$24726: { $procmux$21725_CMP $procmux$21723_CMP $procmux$15081_CMP $procmux$14600_CMP }
    New input vector for $reduce_or cell $auto$opt_reduce.cc:131:opt_pmux$24738: { $procmux$17017_CMP $procmux$10088_CMP }
  Optimizing cells in module \tv80_mcode_gate.
Performed a total of 84 changes.

3.6.12. Executing OPT_MERGE pass (detect identical cells).
Finding identical cells in module `\tv80_mcode_gate'.
Computing hashes of 899 cells of `\tv80_mcode_gate'.
Finding duplicate cells in `\tv80_mcode_gate'.
Computing hashes of 851 cells of `\tv80_mcode_gate'.
Finding duplicate cells in `\tv80_mcode_gate'.
<suppressed ~144 debug messages>
Removed a total of 48 cells.

3.6.13. Executing OPT_DFF pass (perform DFF optimizations).

3.6.14. Executing OPT_CLEAN pass (remove unused cells and wires).
Finding unused cells or wires in module \tv80_mcode_gate..
Removed 0 unused cells and 49 unused wires.
<suppressed ~1 debug messages>

3.6.15. Executing OPT_EXPR pass (perform const folding).
Optimizing module tv80_mcode_gate.

3.6.16. Rerunning OPT passes. (Maybe there is more to do..)

3.6.17. Executing OPT_MUXTREE pass (detect dead branches in mux trees).
Running muxtree optimizer on module \tv80_mcode_gate..
  Creating internal representation of mux trees.
  Evaluating internal representation of mux trees.
  Analyzing evaluation results.
Removed 0 multiplexer ports.
<suppressed ~1210 debug messages>

3.6.18. Executing OPT_REDUCE pass (consolidate $*mux and $reduce_* inputs).
  Optimizing cells in module \tv80_mcode_gate.
Performed a total of 0 changes.

3.6.19. Executing OPT_MERGE pass (detect identical cells).
Finding identical cells in module `\tv80_mcode_gate'.
Computing hashes of 851 cells of `\tv80_mcode_gate'.
Finding duplicate cells in `\tv80_mcode_gate'.
Removed a total of 0 cells.

3.6.20. Executing OPT_DFF pass (perform DFF optimizations).

3.6.21. Executing OPT_CLEAN pass (remove unused cells and wires).
Finding unused cells or wires in module \tv80_mcode_gate..

3.6.22. Executing OPT_EXPR pass (perform const folding).
Optimizing module tv80_mcode_gate.

3.6.23. Finished fast OPT passes. (There is nothing left to do.)

3.7. Executing FSM pass (extract and optimize FSM).

3.7.1. Executing FSM_DETECT pass (finding FSMs in design).

3.7.2. Executing FSM_EXTRACT pass (extracting FSM from design).

3.7.3. Executing FSM_OPT pass (simple optimizations of FSMs).

3.7.4. Executing OPT_CLEAN pass (remove unused cells and wires).
Finding unused cells or wires in module \tv80_mcode_gate..

3.7.5. Executing FSM_OPT pass (simple optimizations of FSMs).

3.7.6. Executing FSM_RECODE pass (re-assigning FSM state encoding).

3.7.7. Executing FSM_INFO pass (dumping all available information on FSM cells).

3.7.8. Executing FSM_MAP pass (mapping FSMs to basic logic).

3.8. Executing OPT pass (performing simple optimizations).

3.8.1. Executing OPT_EXPR pass (perform const folding).
Optimizing module tv80_mcode_gate.

3.8.2. Executing OPT_MERGE pass (detect identical cells).
Finding identical cells in module `\tv80_mcode_gate'.
Computing hashes of 851 cells of `\tv80_mcode_gate'.
Finding duplicate cells in `\tv80_mcode_gate'.
Removed a total of 0 cells.

3.8.3. Executing OPT_MUXTREE pass (detect dead branches in mux trees).
Running muxtree optimizer on module \tv80_mcode_gate..
  Creating internal representation of mux trees.
  Evaluating internal representation of mux trees.
  Analyzing evaluation results.
Removed 0 multiplexer ports.
<suppressed ~1210 debug messages>

3.8.4. Executing OPT_REDUCE pass (consolidate $*mux and $reduce_* inputs).
  Optimizing cells in module \tv80_mcode_gate.
Performed a total of 0 changes.

3.8.5. Executing OPT_MERGE pass (detect identical cells).
Finding identical cells in module `\tv80_mcode_gate'.
Computing hashes of 851 cells of `\tv80_mcode_gate'.
Finding duplicate cells in `\tv80_mcode_gate'.
Removed a total of 0 cells.

3.8.6. Executing OPT_DFF pass (perform DFF optimizations).

3.8.7. Executing OPT_CLEAN pass (remove unused cells and wires).
Finding unused cells or wires in module \tv80_mcode_gate..

3.8.8. Executing OPT_EXPR pass (perform const folding).
Optimizing module tv80_mcode_gate.

3.8.9. Finished fast OPT passes. (There is nothing left to do.)

3.9. Executing WREDUCE pass (reducing word size of cells).
Removed top 2 bits (of 3) from mux cell tv80_mcode_gate.$ternary$/home/toshn/slacksmith_work/depth_tv80/run3/gates/O1/gate.v:3429$567 ($mux).
Removed top 2 bits (of 3) from mux cell tv80_mcode_gate.$ternary$/home/toshn/slacksmith_work/depth_tv80/run3/gates/O1/gate.v:3430$569 ($mux).
Removed top 2 bits (of 3) from mux cell tv80_mcode_gate.$ternary$/home/toshn/slacksmith_work/depth_tv80/run3/gates/O1/gate.v:3431$570 ($mux).
Removed top 2 bits (of 3) from mux cell tv80_mcode_gate.$ternary$/home/toshn/slacksmith_work/depth_tv80/run3/gates/O1/gate.v:3432$572 ($mux).
Removed top 1 bits (of 2) from port B of cell tv80_mcode_gate.$ne$/home/toshn/slacksmith_work/depth_tv80/run3/gates/O1/gate.v:4720$621 ($ne).
Removed top 2 bits (of 8) from port B of cell tv80_mcode_gate.$eq$/home/toshn/slacksmith_work/depth_tv80/run3/gates/O1/gate.v:4744$637 ($eq).
Removed top 1 bits (of 3) from mux cell tv80_mcode_gate.$procmux$1733 ($mux).
Removed top 1 bits (of 3) from mux cell tv80_mcode_gate.$procmux$1735 ($mux).
Removed top 1 bits (of 4) from mux cell tv80_mcode_gate.$procmux$1971 ($mux).
Removed top 1 bits (of 4) from mux cell tv80_mcode_gate.$procmux$1973 ($mux).
Removed top 1 bits (of 4) from mux cell tv80_mcode_gate.$procmux$2502 ($mux).
Removed top 1 bits (of 4) from mux cell tv80_mcode_gate.$procmux$2504 ($mux).
Removed top 1 bits (of 4) from mux cell tv80_mcode_gate.$procmux$2822 ($mux).
Removed top 1 bits (of 4) from mux cell tv80_mcode_gate.$procmux$2824 ($mux).
Removed top 1 bits (of 4) from mux cell tv80_mcode_gate.$procmux$2878 ($mux).
Removed top 1 bits (of 8) from port B of cell tv80_mcode_gate.$procmux$4700_CMP0 ($eq).
Removed top 1 bits (of 8) from port B of cell tv80_mcode_gate.$procmux$4700_CMP1 ($eq).
Removed top 1 bits (of 8) from port B of cell tv80_mcode_gate.$procmux$4700_CMP2 ($eq).
Removed top 1 bits (of 8) from port B of cell tv80_mcode_gate.$procmux$4700_CMP3 ($eq).
Removed top 1 bits (of 8) from port B of cell tv80_mcode_gate.$procmux$4700_CMP4 ($eq).
Removed top 1 bits (of 8) from port B of cell tv80_mcode_gate.$procmux$4700_CMP5 ($eq).
Removed top 1 bits (of 8) from port B of cell tv80_mcode_gate.$procmux$4700_CMP6 ($eq).
Removed top 1 bits (of 8) from port B of cell tv80_mcode_gate.$procmux$4700_CMP7 ($eq).
Removed top 1 bits (of 8) from port B of cell tv80_mcode_gate.$procmux$4701_CMP0 ($eq).
Removed top 1 bits (of 8) from port B of cell tv80_mcode_gate.$procmux$4701_CMP1 ($eq).
Removed top 1 bits (of 8) from port B of cell tv80_mcode_gate.$procmux$4701_CMP2 ($eq).
Removed top 1 bits (of 8) from port B of cell tv80_mcode_gate.$procmux$4701_CMP3 ($eq).
Removed top 1 bits (of 8) from port B of cell tv80_mcode_gate.$procmux$4701_CMP4 ($eq).
Removed top 1 bits (of 8) from port B of cell tv80_mcode_gate.$procmux$4701_CMP5 ($eq).
Removed top 1 bits (of 8) from port B of cell tv80_mcode_gate.$procmux$4701_CMP6 ($eq).
Removed top 1 bits (of 8) from port B of cell tv80_mcode_gate.$procmux$4701_CMP7 ($eq).
Removed top 1 bits (of 8) from port B of cell tv80_mcode_gate.$procmux$4701_CMP8 ($eq).
Removed top 1 bits (of 8) from port B of cell tv80_mcode_gate.$procmux$4701_CMP9 ($eq).
Removed top 1 bits (of 8) from port B of cell tv80_mcode_gate.$procmux$4701_CMP10 ($eq).
Removed top 1 bits (of 8) from port B of cell tv80_mcode_gate.$procmux$4701_CMP11 ($eq).
Removed top 1 bits (of 8) from port B of cell tv80_mcode_gate.$procmux$4701_CMP12 ($eq).
Removed top 1 bits (of 8) from port B of cell tv80_mcode_gate.$procmux$4701_CMP13 ($eq).
Removed top 1 bits (of 8) from port B of cell tv80_mcode_gate.$procmux$4701_CMP14 ($eq).
Removed top 1 bits (of 8) from port B of cell tv80_mcode_gate.$procmux$4701_CMP15 ($eq).
Removed top 1 bits (of 8) from port B of cell tv80_mcode_gate.$procmux$4701_CMP16 ($eq).
Removed top 1 bits (of 8) from port B of cell tv80_mcode_gate.$procmux$4701_CMP17 ($eq).
Removed top 1 bits (of 8) from port B of cell tv80_mcode_gate.$procmux$4701_CMP18 ($eq).
Removed top 1 bits (of 8) from port B of cell tv80_mcode_gate.$procmux$4701_CMP19 ($eq).
Removed top 1 bits (of 8) from port B of cell tv80_mcode_gate.$procmux$4701_CMP20 ($eq).
Removed top 1 bits (of 8) from port B of cell tv80_mcode_gate.$procmux$4701_CMP21 ($eq).
Removed top 1 bits (of 8) from port B of cell tv80_mcode_gate.$procmux$4701_CMP22 ($eq).
Removed top 1 bits (of 8) from port B of cell tv80_mcode_gate.$procmux$4701_CMP23 ($eq).
Removed top 1 bits (of 8) from port B of cell tv80_mcode_gate.$procmux$4701_CMP24 ($eq).
Removed top 1 bits (of 8) from port B of cell tv80_mcode_gate.$procmux$4701_CMP25 ($eq).
Removed top 1 bits (of 8) from port B of cell tv80_mcode_gate.$procmux$4701_CMP26 ($eq).
Removed top 1 bits (of 8) from port B of cell tv80_mcode_gate.$procmux$4701_CMP27 ($eq).
Removed top 1 bits (of 8) from port B of cell tv80_mcode_gate.$procmux$4701_CMP28 ($eq).
Removed top 1 bits (of 8) from port B of cell tv80_mcode_gate.$procmux$4701_CMP29 ($eq).
Removed top 1 bits (of 8) from port B of cell tv80_mcode_gate.$procmux$4701_CMP30 ($eq).
Removed top 1 bits (of 8) from port B of cell tv80_mcode_gate.$procmux$4701_CMP31 ($eq).
Removed top 1 bits (of 8) from port B of cell tv80_mcode_gate.$procmux$4701_CMP32 ($eq).
Removed top 1 bits (of 8) from port B of cell tv80_mcode_gate.$procmux$4701_CMP33 ($eq).
Removed top 1 bits (of 8) from port B of cell tv80_mcode_gate.$procmux$4701_CMP34 ($eq).
Removed top 1 bits (of 8) from port B of cell tv80_mcode_gate.$procmux$4701_CMP35 ($eq).
Removed top 1 bits (of 8) from port B of cell tv80_mcode_gate.$procmux$4701_CMP36 ($eq).
Removed top 1 bits (of 8) from port B of cell tv80_mcode_gate.$procmux$4701_CMP37 ($eq).
Removed top 1 bits (of 8) from port B of cell tv80_mcode_gate.$procmux$4701_CMP38 ($eq).
Removed top 1 bits (of 8) from port B of cell tv80_mcode_gate.$procmux$4701_CMP39 ($eq).
Removed top 1 bits (of 8) from port B of cell tv80_mcode_gate.$procmux$4701_CMP40 ($eq).
Removed top 1 bits (of 8) from port B of cell tv80_mcode_gate.$procmux$4701_CMP41 ($eq).
Removed top 1 bits (of 8) from port B of cell tv80_mcode_gate.$procmux$4701_CMP42 ($eq).
Removed top 1 bits (of 8) from port B of cell tv80_mcode_gate.$procmux$4701_CMP43 ($eq).
Removed top 1 bits (of 8) from port B of cell tv80_mcode_gate.$procmux$4701_CMP44 ($eq).
Removed top 1 bits (of 8) from port B of cell tv80_mcode_gate.$procmux$4701_CMP45 ($eq).
Removed top 1 bits (of 8) from port B of cell tv80_mcode_gate.$procmux$4701_CMP46 ($eq).
Removed top 1 bits (of 8) from port B of cell tv80_mcode_gate.$procmux$4701_CMP47 ($eq).
Removed top 1 bits (of 8) from port B of cell tv80_mcode_gate.$procmux$4701_CMP48 ($eq).
Removed top 1 bits (of 8) from port B of cell tv80_mcode_gate.$procmux$4701_CMP49 ($eq).
Removed top 1 bits (of 8) from port B of cell tv80_mcode_gate.$procmux$4701_CMP50 ($eq).
Removed top 1 bits (of 8) from port B of cell tv80_mcode_gate.$procmux$4701_CMP51 ($eq).
Removed top 1 bits (of 8) from port B of cell tv80_mcode_gate.$procmux$4701_CMP52 ($eq).
Removed top 1 bits (of 8) from port B of cell tv80_mcode_gate.$procmux$4701_CMP53 ($eq).
Removed top 1 bits (of 8) from port B of cell tv80_mcode_gate.$procmux$4701_CMP54 ($eq).
Removed top 1 bits (of 8) from port B of cell tv80_mcode_gate.$procmux$4701_CMP55 ($eq).
Removed top 6 bits (of 8) from port B of cell tv80_mcode_gate.$procmux$4703_CMP3 ($eq).
Removed top 5 bits (of 8) from port B of cell tv80_mcode_gate.$procmux$4703_CMP4 ($eq).
Removed top 5 bits (of 8) from port B of cell tv80_mcode_gate.$procmux$4703_CMP5 ($eq).
Removed top 3 bits (of 8) from port B of cell tv80_mcode_gate.$procmux$4703_CMP10 ($eq).
Removed top 3 bits (of 8) from port B of cell tv80_mcode_gate.$procmux$4703_CMP11 ($eq).
Removed top 3 bits (of 8) from port B of cell tv80_mcode_gate.$procmux$4703_CMP12 ($eq).
Removed top 4 bits (of 8) from port B of cell tv80_mcode_gate.$procmux$4703_CMP15 ($eq).
Removed top 4 bits (of 8) from port B of cell tv80_mcode_gate.$procmux$4703_CMP17 ($eq).
Removed top 4 bits (of 8) from port B of cell tv80_mcode_gate.$procmux$4703_CMP18 ($eq).
Removed top 4 bits (of 8) from port B of cell tv80_mcode_gate.$procmux$4703_CMP19 ($eq).
Removed top 3 bits (of 8) from port B of cell tv80_mcode_gate.$procmux$4703_CMP22 ($eq).
Removed top 3 bits (of 8) from port B of cell tv80_mcode_gate.$procmux$4703_CMP24 ($eq).
Removed top 3 bits (of 8) from port B of cell tv80_mcode_gate.$procmux$4703_CMP25 ($eq).
Removed top 3 bits (of 8) from port B of cell tv80_mcode_gate.$procmux$4703_CMP26 ($eq).
Removed top 2 bits (of 8) from port B of cell tv80_mcode_gate.$procmux$4703_CMP28 ($eq).
Removed top 2 bits (of 8) from port B of cell tv80_mcode_gate.$procmux$4703_CMP31 ($eq).
Removed top 2 bits (of 8) from port B of cell tv80_mcode_gate.$procmux$4703_CMP32 ($eq).
Removed top 2 bits (of 8) from port B of cell tv80_mcode_gate.$procmux$4703_CMP33 ($eq).
Removed top 2 bits (of 8) from port B of cell tv80_mcode_gate.$procmux$4703_CMP35 ($eq).
Removed top 2 bits (of 8) from port B of cell tv80_mcode_gate.$procmux$4703_CMP36 ($eq).
Removed top 2 bits (of 8) from port B of cell tv80_mcode_gate.$procmux$4703_CMP38 ($eq).
Removed top 2 bits (of 8) from port B of cell tv80_mcode_gate.$procmux$4703_CMP39 ($eq).
Removed top 2 bits (of 8) from port B of cell tv80_mcode_gate.$procmux$4703_CMP40 ($eq).
Removed top 2 bits (of 8) from port B of cell tv80_mcode_gate.$procmux$4703_CMP42 ($eq).
Removed top 2 bits (of 8) from port B of cell tv80_mcode_gate.$procmux$4703_CMP45 ($eq).
Removed top 2 bits (of 8) from port B of cell tv80_mcode_gate.$procmux$4703_CMP46 ($eq).
Removed top 2 bits (of 8) from port B of cell tv80_mcode_gate.$procmux$4703_CMP47 ($eq).
Removed top 2 bits (of 8) from port B of cell tv80_mcode_gate.$procmux$4703_CMP49 ($eq).
Removed top 2 bits (of 8) from port B of cell tv80_mcode_gate.$procmux$4703_CMP50 ($eq).
Removed top 2 bits (of 8) from port B of cell tv80_mcode_gate.$procmux$4703_CMP52 ($eq).
Removed top 2 bits (of 8) from port B of cell tv80_mcode_gate.$procmux$4703_CMP53 ($eq).
Removed top 2 bits (of 8) from port B of cell tv80_mcode_gate.$procmux$4703_CMP54 ($eq).
Removed top 1 bits (of 3) from mux cell tv80_mcode_gate.$procmux$4894 ($mux).
Removed top 1 bits (of 3) from mux cell tv80_mcode_gate.$procmux$5349 ($mux).
Removed top 1 bits (of 3) from mux cell tv80_mcode_gate.$procmux$5440 ($mux).
Removed top 1 bits (of 3) from mux cell tv80_mcode_gate.$procmux$6815 ($mux).
Removed top 1 bits (of 3) from mux cell tv80_mcode_gate.$procmux$7621 ($mux).
Removed top 1 bits (of 3) from mux cell tv80_mcode_gate.$procmux$7623 ($mux).
Removed top 1 bits (of 3) from mux cell tv80_mcode_gate.$procmux$7625 ($mux).
Removed top 1 bits (of 4) from mux cell tv80_mcode_gate.$procmux$8489 ($mux).
Removed top 1 bits (of 3) from mux cell tv80_mcode_gate.$procmux$8674 ($mux).
Removed top 1 bits (of 3) from port B of cell tv80_mcode_gate.$procmux$8707_CMP0 ($eq).
Removed top 1 bits (of 3) from port B of cell tv80_mcode_gate.$procmux$8708_CMP0 ($eq).
Removed top 2 bits (of 3) from port B of cell tv80_mcode_gate.$procmux$8709_CMP0 ($eq).
Removed top 1 bits (of 4) from mux cell tv80_mcode_gate.$procmux$10421 ($mux).
Removed top 1 bits (of 4) from mux cell tv80_mcode_gate.$procmux$10423 ($mux).
Removed top 1 bits (of 4) from mux cell tv80_mcode_gate.$procmux$10466 ($mux).
Removed top 1 bits (of 3) from mux cell tv80_mcode_gate.$procmux$10936 ($mux).
Removed top 1 bits (of 3) from mux cell tv80_mcode_gate.$procmux$11355 ($mux).
Removed top 1 bits (of 4) from mux cell tv80_mcode_gate.$procmux$11772 ($mux).
Removed top 1 bits (of 4) from mux cell tv80_mcode_gate.$procmux$11774 ($mux).
Removed top 1 bits (of 4) from mux cell tv80_mcode_gate.$procmux$12118 ($mux).
Removed top 1 bits (of 4) from mux cell tv80_mcode_gate.$procmux$12871 ($mux).
Removed top 1 bits (of 3) from mux cell tv80_mcode_gate.$procmux$13019 ($mux).
Removed top 1 bits (of 3) from mux cell tv80_mcode_gate.$procmux$13666 ($mux).
Removed top 1 bits (of 2) from port B of cell tv80_mcode_gate.$procmux$14358_CMP1 ($eq).
Removed top 1 bits (of 4) from mux cell tv80_mcode_gate.$procmux$14887 ($mux).
Removed top 1 bits (of 4) from mux cell tv80_mcode_gate.$procmux$14983 ($mux).
Removed top 2 bits (of 3) from mux cell tv80_mcode_gate.$procmux$15771 ($mux).
Removed top 2 bits (of 3) from mux cell tv80_mcode_gate.$procmux$15773 ($mux).
Removed top 1 bits (of 4) from mux cell tv80_mcode_gate.$procmux$15823 ($mux).
Removed top 1 bits (of 4) from mux cell tv80_mcode_gate.$procmux$15825 ($mux).
Removed top 1 bits (of 4) from mux cell tv80_mcode_gate.$procmux$15827 ($mux).
Removed top 2 bits (of 3) from mux cell tv80_mcode_gate.$procmux$16439 ($mux).
Removed top 1 bits (of 4) from mux cell tv80_mcode_gate.$procmux$17697 ($mux).
Removed top 1 bits (of 4) from mux cell tv80_mcode_gate.$procmux$18343 ($mux).
Removed top 2 bits (of 3) from mux cell tv80_mcode_gate.$procmux$18449 ($mux).
Removed top 1 bits (of 4) from mux cell tv80_mcode_gate.$procmux$19653 ($mux).
Removed top 2 bits (of 3) from mux cell tv80_mcode_gate.$procmux$19765 ($mux).
Removed top 1 bits (of 3) from mux cell tv80_mcode_gate.$procmux$20449 ($mux).
Removed top 1 bits (of 3) from mux cell tv80_mcode_gate.$procmux$21070 ($mux).
Removed top 1 bits (of 4) from mux cell tv80_mcode_gate.$procmux$21250 ($mux).
Removed top 1 bits (of 3) from mux cell tv80_mcode_gate.$procmux$21424 ($mux).
Removed top 1 bits (of 4) from mux cell tv80_mcode_gate.$procmux$21652 ($mux).
Removed top 1 bits (of 3) from mux cell tv80_mcode_gate.$procmux$22083 ($mux).
Removed top 1 bits (of 3) from mux cell tv80_mcode_gate.$procmux$22085 ($mux).
Removed top 3 bits (of 8) from port B of cell tv80_mcode_gate.$procmux$22644_CMP0 ($eq).
Removed top 2 bits (of 6) from port B of cell tv80_mcode_gate.$procmux$22646_CMP0 ($eq).
Removed top 3 bits (of 8) from port B of cell tv80_mcode_gate.$procmux$22647_CMP0 ($eq).
Removed top 5 bits (of 8) from port B of cell tv80_mcode_gate.$procmux$22650_CMP0 ($eq).
Removed top 3 bits (of 8) from port B of cell tv80_mcode_gate.$procmux$22650_CMP1 ($eq).
Removed top 4 bits (of 8) from port B of cell tv80_mcode_gate.$procmux$22650_CMP2 ($eq).
Removed top 3 bits (of 8) from port B of cell tv80_mcode_gate.$procmux$22650_CMP3 ($eq).
Removed top 2 bits (of 6) from port B of cell tv80_mcode_gate.$procmux$22651_CMP0 ($eq).
Removed top 4 bits (of 6) from port B of cell tv80_mcode_gate.$procmux$22652_CMP0 ($eq).
Removed top 2 bits (of 6) from port B of cell tv80_mcode_gate.$procmux$22653_CMP0 ($eq).
Removed top 2 bits (of 8) from port B of cell tv80_mcode_gate.$procmux$22657_CMP0 ($eq).
Removed top 2 bits (of 8) from port B of cell tv80_mcode_gate.$procmux$22658_CMP0 ($eq).
Removed top 2 bits (of 8) from port B of cell tv80_mcode_gate.$procmux$22659_CMP0 ($eq).
Removed top 2 bits (of 8) from port B of cell tv80_mcode_gate.$procmux$22660_CMP0 ($eq).
Removed top 2 bits (of 5) from port B of cell tv80_mcode_gate.$procmux$22661_CMP0 ($eq).
Removed top 2 bits (of 5) from port B of cell tv80_mcode_gate.$procmux$22662_CMP0 ($eq).
Removed top 4 bits (of 8) from port B of cell tv80_mcode_gate.$procmux$22667_CMP0 ($eq).
Removed top 2 bits (of 8) from port B of cell tv80_mcode_gate.$procmux$22672_CMP0 ($eq).
Removed top 2 bits (of 8) from port B of cell tv80_mcode_gate.$procmux$22673_CMP0 ($eq).
Removed top 7 bits (of 8) from port B of cell tv80_mcode_gate.$procmux$22674_CMP0 ($eq).
Removed top 3 bits (of 8) from port B of cell tv80_mcode_gate.$procmux$22674_CMP1 ($eq).
Removed top 2 bits (of 8) from port B of cell tv80_mcode_gate.$procmux$22674_CMP2 ($eq).
Removed top 2 bits (of 8) from port B of cell tv80_mcode_gate.$procmux$22674_CMP3 ($eq).
Removed top 2 bits (of 8) from port B of cell tv80_mcode_gate.$procmux$22675_CMP0 ($eq).
Removed top 3 bits (of 8) from port B of cell tv80_mcode_gate.$procmux$22676_CMP0 ($eq).
Removed top 6 bits (of 8) from port B of cell tv80_mcode_gate.$procmux$22677_CMP0 ($eq).
Removed top 2 bits (of 8) from port B of cell tv80_mcode_gate.$procmux$22678_CMP0 ($eq).
Removed top 3 bits (of 8) from port B of cell tv80_mcode_gate.$procmux$22679_CMP0 ($eq).
Removed top 4 bits (of 8) from port B of cell tv80_mcode_gate.$procmux$22680_CMP0 ($eq).
Removed top 2 bits (of 5) from port B of cell tv80_mcode_gate.$procmux$22681_CMP0 ($eq).
Removed top 1 bits (of 2) from port B of cell tv80_mcode_gate.$procmux$22682_CMP0 ($eq).
Removed top 1 bits (of 2) from port B of cell tv80_mcode_gate.$procmux$24109_CMP0 ($eq).
Removed top 1 bits (of 2) from port B of cell tv80_mcode_gate.$procmux$24263_CMP0 ($eq).
Removed top 1 bits (of 4) from wire tv80_mcode_gate.$procmux$2556_Y.
Removed top 1 bits (of 4) from wire tv80_mcode_gate.$procmux$15825_Y.
Removed top 1 bits (of 3) from wire tv80_mcode_gate.$42\Set_Addr_To[2:0].
Removed top 1 bits (of 4) from wire tv80_mcode_gate.$procmux$12516_Y.
Removed top 1 bits (of 4) from wire tv80_mcode_gate.$10\ALU_Op[3:0].
Removed top 1 bits (of 4) from wire tv80_mcode_gate.$27\ALU_Op[3:0].
Removed top 1 bits (of 4) from wire tv80_mcode_gate.$procmux$11772_Y.
Removed top 1 bits (of 4) from wire tv80_mcode_gate.$procmux$1971_Y.
Removed top 2 bits (of 3) from wire tv80_mcode_gate.$ternary$/home/toshn/slacksmith_work/depth_tv80/run3/gates/O1/gate.v:3432$572_Y.
Removed top 2 bits (of 3) from wire tv80_mcode_gate.$ternary$/home/toshn/slacksmith_work/depth_tv80/run3/gates/O1/gate.v:3431$570_Y.
Removed top 2 bits (of 3) from wire tv80_mcode_gate.$ternary$/home/toshn/slacksmith_work/depth_tv80/run3/gates/O1/gate.v:3430$569_Y.
Removed top 1 bits (of 4) from wire tv80_mcode_gate.$25\ALU_Op[3:0].
Removed top 2 bits (of 3) from wire tv80_mcode_gate.$ternary$/home/toshn/slacksmith_work/depth_tv80/run3/gates/O1/gate.v:3429$567_Y.
Removed top 1 bits (of 4) from wire tv80_mcode_gate.$procmux$2502_Y.
Removed top 1 bits (of 4) from wire tv80_mcode_gate.$24\ALU_Op[3:0].
Removed top 1 bits (of 4) from wire tv80_mcode_gate.$procmux$13884_Y.
Removed top 2 bits (of 3) from wire tv80_mcode_gate.$procmux$15771_Y.
Removed top 1 bits (of 4) from wire tv80_mcode_gate.$procmux$1359_Y.
Removed top 1 bits (of 4) from wire tv80_mcode_gate.$7\ALU_Op[3:0].
Removed top 1 bits (of 3) from wire tv80_mcode_gate.$34\Set_Addr_To[2:0].
Removed top 1 bits (of 3) from wire tv80_mcode_gate.$32\Set_Addr_To[2:0].
Removed top 1 bits (of 4) from wire tv80_mcode_gate.$6\ALU_Op[3:0].
Removed top 1 bits (of 4) from wire tv80_mcode_gate.$5\ALU_Op[3:0].
Removed top 1 bits (of 3) from wire tv80_mcode_gate.$13\MCycles[2:0].
Removed top 1 bits (of 4) from wire tv80_mcode_gate.$3\ALU_Op[3:0].
Removed top 2 bits (of 3) from wire tv80_mcode_gate.$procmux$15773_Y.
Removed top 1 bits (of 3) from wire tv80_mcode_gate.$12\MCycles[2:0].
Removed top 1 bits (of 3) from wire tv80_mcode_gate.$24\Set_Addr_To[2:0].
Removed top 1 bits (of 4) from wire tv80_mcode_gate.$16\Set_BusA_To[3:0].
Removed top 1 bits (of 3) from wire tv80_mcode_gate.$22\Set_Addr_To[2:0].
Removed top 1 bits (of 4) from wire tv80_mcode_gate.$50\Set_BusB_To[3:0].
Removed top 1 bits (of 3) from wire tv80_mcode_gate.$procmux$22083_Y.
Removed top 1 bits (of 4) from wire tv80_mcode_gate.$13\Set_BusB_To[3:0].
Removed top 1 bits (of 3) from wire tv80_mcode_gate.$55\Set_Addr_To[2:0].
Removed top 1 bits (of 3) from wire tv80_mcode_gate.$procmux$22081_Y.
Removed top 2 bits (of 3) from wire tv80_mcode_gate.$18\Set_Addr_To[2:0].
Removed top 1 bits (of 3) from wire tv80_mcode_gate.$31\MCycles[2:0].
Removed top 1 bits (of 3) from wire tv80_mcode_gate.$53\Set_Addr_To[2:0].
Removed top 1 bits (of 3) from wire tv80_mcode_gate.$procmux$22079_Y.
Removed top 1 bits (of 4) from wire tv80_mcode_gate.$procmux$10421_Y.
Removed top 1 bits (of 4) from wire tv80_mcode_gate.$11\Set_BusB_To[3:0].
Removed top 1 bits (of 4) from wire tv80_mcode_gate.$10\Set_BusB_To[3:0].
Removed top 2 bits (of 3) from wire tv80_mcode_gate.$12\Set_Addr_To[2:0].
Removed top 2 bits (of 3) from wire tv80_mcode_gate.$6\MCycles[2:0].
Removed top 1 bits (of 4) from wire tv80_mcode_gate.$7\Set_BusB_To[3:0].
Removed top 1 bits (of 4) from wire tv80_mcode_gate.$6\Set_BusB_To[3:0].
Removed top 1 bits (of 3) from wire tv80_mcode_gate.$5\MCycles[2:0].
Removed top 1 bits (of 4) from wire tv80_mcode_gate.$5\Set_BusB_To[3:0].
Removed top 1 bits (of 3) from wire tv80_mcode_gate.$4\MCycles[2:0].
Removed top 1 bits (of 4) from wire tv80_mcode_gate.$4\Set_BusB_To[3:0].
Removed top 1 bits (of 3) from wire tv80_mcode_gate.$3\MCycles[2:0].
Removed top 1 bits (of 4) from wire tv80_mcode_gate.$3\Set_BusB_To[3:0].
Removed top 1 bits (of 4) from wire tv80_mcode_gate.$procmux$14887_Y.
Removed top 1 bits (of 3) from wire tv80_mcode_gate.$procmux$10501_Y.
Removed top 1 bits (of 3) from wire tv80_mcode_gate.$28\MCycles[2:0].
Removed top 1 bits (of 3) from wire tv80_mcode_gate.$45\Set_Addr_To[2:0].

3.10. Executing PEEPOPT pass (run peephole optimizers).

3.11. Executing OPT_CLEAN pass (remove unused cells and wires).
Finding unused cells or wires in module \tv80_mcode_gate..
Removed 0 unused cells and 56 unused wires.
<suppressed ~1 debug messages>

3.12. Executing ALUMACC pass (create $alu and $macc cells).
Extracting $alu and $macc cells in module tv80_mcode_gate:
  created 0 $alu and 0 $macc cells.

3.13. Executing SHARE pass (SAT-based resource sharing).

3.14. Executing OPT pass (performing simple optimizations).

3.14.1. Executing OPT_EXPR pass (perform const folding).
Optimizing module tv80_mcode_gate.

3.14.2. Executing OPT_MERGE pass (detect identical cells).
Finding identical cells in module `\tv80_mcode_gate'.
Computing hashes of 851 cells of `\tv80_mcode_gate'.
Finding duplicate cells in `\tv80_mcode_gate'.
Removed a total of 0 cells.

3.14.3. Executing OPT_MUXTREE pass (detect dead branches in mux trees).
Running muxtree optimizer on module \tv80_mcode_gate..
  Creating internal representation of mux trees.
  Evaluating internal representation of mux trees.
  Analyzing evaluation results.
Removed 0 multiplexer ports.
<suppressed ~1178 debug messages>

3.14.4. Executing OPT_REDUCE pass (consolidate $*mux and $reduce_* inputs).
  Optimizing cells in module \tv80_mcode_gate.
    New ctrl vector for $pmux cell $procmux$4835: { $auto$opt_reduce.cc:137:opt_pmux$24803 $procmux$21723_CTRL $procmux$21726_CMP $procmux$21727_CMP $procmux$21728_CMP $procmux$10088_CMP $procmux$10511_CMP $auto$opt_reduce.cc:137:opt_pmux$24603 $procmux$13798_CMP $procmux$15081_CMP }
    New input vector for $reduce_or cell $auto$opt_reduce.cc:131:opt_pmux$24802: { $procmux$21755_CMP $procmux$21744_CMP $procmux$21743_CMP $procmux$21742_CMP $procmux$21741_CMP $procmux$21739_CMP $procmux$21738_CMP $procmux$21736_CMP $procmux$21735_CMP $procmux$21734_CMP $procmux$21730_CMP $procmux$21729_CMP $procmux$21725_CMP $procmux$21724_CMP $procmux$21719_CMP $procmux$21718_CMP $procmux$19943_CMP $procmux$19135_CMP $procmux$19022_CMP $procmux$18914_CMP $procmux$18399_CMP $procmux$18242_CMP $procmux$18085_CMP $procmux$17540_CMP $procmux$17017_CMP $procmux$16337_CMP $procmux$15622_CMP $procmux$15030_CMP $procmux$14600_CMP $procmux$14472_CMP $procmux$14433_CMP $procmux$14402_CMP $procmux$13259_CMP $procmux$13102_CMP $procmux$10469_CMP $procmux$10055_CMP $procmux$10032_CMP $procmux$10018_CMP $eq$/home/toshn/slacksmith_work/depth_tv80/run3/gates/O1/gate.v:4722$624_Y }
  Optimizing cells in module \tv80_mcode_gate.
Performed a total of 2 changes.

3.14.5. Executing OPT_MERGE pass (detect identical cells).
Finding identical cells in module `\tv80_mcode_gate'.
Computing hashes of 852 cells of `\tv80_mcode_gate'.
Finding duplicate cells in `\tv80_mcode_gate'.
Computing hashes of 849 cells of `\tv80_mcode_gate'.
Finding duplicate cells in `\tv80_mcode_gate'.
Computing hashes of 848 cells of `\tv80_mcode_gate'.
Finding duplicate cells in `\tv80_mcode_gate'.
<suppressed ~12 debug messages>
Removed a total of 4 cells.

3.14.6. Executing OPT_DFF pass (perform DFF optimizations).

3.14.7. Executing OPT_CLEAN pass (remove unused cells and wires).
Finding unused cells or wires in module \tv80_mcode_gate..
Removed 1 unused cells and 5 unused wires.
<suppressed ~2 debug messages>

3.14.8. Executing OPT_EXPR pass (perform const folding).
Optimizing module tv80_mcode_gate.

3.14.9. Rerunning OPT passes. (Maybe there is more to do..)

3.14.10. Executing OPT_MUXTREE pass (detect dead branches in mux trees).
Running muxtree optimizer on module \tv80_mcode_gate..
  Creating internal representation of mux trees.
  Evaluating internal representation of mux trees.
  Analyzing evaluation results.
Removed 0 multiplexer ports.
<suppressed ~1183 debug messages>

3.14.11. Executing OPT_REDUCE pass (consolidate $*mux and $reduce_* inputs).
  Optimizing cells in module \tv80_mcode_gate.
Performed a total of 0 changes.

3.14.12. Executing OPT_MERGE pass (detect identical cells).
Finding identical cells in module `\tv80_mcode_gate'.
Computing hashes of 847 cells of `\tv80_mcode_gate'.
Finding duplicate cells in `\tv80_mcode_gate'.
Removed a total of 0 cells.

3.14.13. Executing OPT_DFF pass (perform DFF optimizations).

3.14.14. Executing OPT_CLEAN pass (remove unused cells and wires).
Finding unused cells or wires in module \tv80_mcode_gate..

3.14.15. Executing OPT_EXPR pass (perform const folding).
Optimizing module tv80_mcode_gate.

3.14.16. Finished fast OPT passes. (There is nothing left to do.)

3.15. Executing MEMORY pass.

3.15.1. Executing OPT_MEM pass (optimize memories).
Performed a total of 0 transformations.

3.15.2. Executing OPT_MEM_PRIORITY pass (removing unnecessary memory write priority relations).
Performed a total of 0 transformations.

3.15.3. Executing OPT_MEM_FEEDBACK pass (finding memory read-to-write feedback paths).

3.15.4. Executing MEMORY_BMUX2ROM pass (converting muxes to ROMs).

3.15.5. Executing MEMORY_DFF pass (merging $dff cells to $memrd).

3.15.6. Executing OPT_CLEAN pass (remove unused cells and wires).
Finding unused cells or wires in module \tv80_mcode_gate..

3.15.7. Executing MEMORY_SHARE pass (consolidating $memrd/$memwr cells).

3.15.8. Executing OPT_MEM_WIDEN pass (optimize memories where all ports are wide).
Performed a total of 0 transformations.

3.15.9. Executing OPT_CLEAN pass (remove unused cells and wires).
Finding unused cells or wires in module \tv80_mcode_gate..

3.15.10. Executing MEMORY_COLLECT pass (generating $mem cells).

3.16. Executing OPT_CLEAN pass (remove unused cells and wires).
Finding unused cells or wires in module \tv80_mcode_gate..

3.17. Executing OPT pass (performing simple optimizations).

3.17.1. Executing OPT_EXPR pass (perform const folding).
Optimizing module tv80_mcode_gate.
<suppressed ~133 debug messages>

3.17.2. Executing OPT_MERGE pass (detect identical cells).
Finding identical cells in module `\tv80_mcode_gate'.
Computing hashes of 813 cells of `\tv80_mcode_gate'.
Finding duplicate cells in `\tv80_mcode_gate'.
Computing hashes of 809 cells of `\tv80_mcode_gate'.
Finding duplicate cells in `\tv80_mcode_gate'.
<suppressed ~12 debug messages>
Removed a total of 4 cells.

3.17.3. Executing OPT_DFF pass (perform DFF optimizations).

3.17.4. Executing OPT_CLEAN pass (remove unused cells and wires).
Finding unused cells or wires in module \tv80_mcode_gate..
Removed 30 unused cells and 68 unused wires.
<suppressed ~31 debug messages>

3.17.5. Finished fast OPT passes.

3.18. Executing MEMORY_MAP pass (converting memories to logic and flip-flops).

3.19. Executing OPT pass (performing simple optimizations).

3.19.1. Executing OPT_EXPR pass (perform const folding).
Optimizing module tv80_mcode_gate.

3.19.2. Executing OPT_MERGE pass (detect identical cells).
Finding identical cells in module `\tv80_mcode_gate'.
Computing hashes of 779 cells of `\tv80_mcode_gate'.
Finding duplicate cells in `\tv80_mcode_gate'.
Removed a total of 0 cells.

3.19.3. Executing OPT_MUXTREE pass (detect dead branches in mux trees).
Running muxtree optimizer on module \tv80_mcode_gate..
  Creating internal representation of mux trees.
  Evaluating internal representation of mux trees.
  Analyzing evaluation results.
Removed 0 multiplexer ports.
<suppressed ~801 debug messages>

3.19.4. Executing OPT_REDUCE pass (consolidate $*mux and $reduce_* inputs).
  Optimizing cells in module \tv80_mcode_gate.
    Consolidated identical input bits for $mux cell $procmux$1678:
      Old ports: A=3'000, B=3'111, Y=$auto$wreduce.cc:514:run$24763 [2:0]
      New ports: A=1'0, B=1'1, Y=$auto$wreduce.cc:514:run$24763 [0]
      New connections: $auto$wreduce.cc:514:run$24763 [2:1] = { $auto$wreduce.cc:514:run$24763 [0] $auto$wreduce.cc:514:run$24763 [0] }
    Consolidated identical input bits for $mux cell $procmux$16487:
      Old ports: A=3'000, B=3'100, Y=$procmux$16487_Y
      New ports: A=1'0, B=1'1, Y=$procmux$16487_Y [2]
      New connections: $procmux$16487_Y [1:0] = 2'00
    Consolidated identical input bits for $mux cell $procmux$2558:
      Old ports: A={ 1'0 $auto$wreduce.cc:514:run$24746 [2:0] }, B=4'0000, Y=$58\Set_BusB_To[3:0]
      New ports: A=$auto$wreduce.cc:514:run$24746 [2:0], B=3'000, Y=$58\Set_BusB_To[3:0] [2:0]
      New connections: $58\Set_BusB_To[3:0] [3] = 1'0
    Consolidated identical input bits for $mux cell $procmux$17330:
      Old ports: A=4'0000, B={ $10\Set_BusA_To[3:0] [3:1] $10\Set_BusA_To[3:0] [3] }, Y=$procmux$17330_Y
      New ports: A=3'000, B={ $10\Set_BusA_To[3:0] [2:1] $10\Set_BusA_To[3:0] [3] }, Y=$procmux$17330_Y [2:0]
      New connections: $procmux$17330_Y [3] = $procmux$17330_Y [0]
    Consolidated identical input bits for $mux cell $procmux$18082:
      Old ports: A=3'111, B=3'001, Y=$11\Set_Addr_To[2:0]
      New ports: A=1'1, B=1'0, Y=$11\Set_Addr_To[2:0] [1]
      New connections: { $11\Set_Addr_To[2:0] [2] $11\Set_Addr_To[2:0] [0] } = { $11\Set_Addr_To[2:0] [1] 1'1 }
    Consolidated identical input bits for $pmux cell $procmux$24106:
      Old ports: A={ 2'01 $auto$wreduce.cc:514:run$24758 [0] }, B={ 2'01 \F [6] 2'01 $auto$wreduce.cc:514:run$24755 [0] 2'01 \F [0] }, Y=$22\MCycles[2:0]
      New ports: A=$auto$wreduce.cc:514:run$24758 [0], B={ \F [6] $auto$wreduce.cc:514:run$24755 [0] \F [0] }, Y=$22\MCycles[2:0] [0]
      New connections: $22\MCycles[2:0] [2:1] = 2'01
    Consolidated identical input bits for $mux cell $procmux$1697:
      Old ports: A=3'000, B=3'110, Y=$procmux$1507_Y
      New ports: A=1'0, B=1'1, Y=$procmux$1507_Y [1]
      New connections: { $procmux$1507_Y [2] $procmux$1507_Y [0] } = { $procmux$1507_Y [1] 1'0 }
    Consolidated identical input bits for $mux cell $procmux$7781:
      Old ports: A=4'0000, B=4'1010, Y=$38\Set_BusB_To[3:0]
      New ports: A=1'0, B=1'1, Y=$38\Set_BusB_To[3:0] [1]
      New connections: { $38\Set_BusB_To[3:0] [3:2] $38\Set_BusB_To[3:0] [0] } = { $38\Set_BusB_To[3:0] [1] 2'00 }
    Consolidated identical input bits for $mux cell $procmux$7692:
      Old ports: A=4'0000, B=4'1101, Y=$44\Set_BusB_To[3:0]
      New ports: A=1'0, B=1'1, Y=$44\Set_BusB_To[3:0] [0]
      New connections: $44\Set_BusB_To[3:0] [3:1] = { $44\Set_BusB_To[3:0] [0] $44\Set_BusB_To[3:0] [0] 1'0 }
    Consolidated identical input bits for $mux cell $procmux$13705:
      Old ports: A=3'111, B=3'010, Y=$9\Set_Addr_To[2:0]
      New ports: A=1'1, B=1'0, Y=$9\Set_Addr_To[2:0] [0]
      New connections: $9\Set_Addr_To[2:0] [2:1] = { $9\Set_Addr_To[2:0] [0] 1'1 }
    Consolidated identical input bits for $mux cell $procmux$10301:
      Old ports: A=4'0000, B={ $32\Set_BusB_To[3:0] [3:1] $32\Set_BusB_To[3:0] [3] }, Y=$procmux$10301_Y
      New ports: A=3'000, B={ $32\Set_BusB_To[3:0] [2:1] $32\Set_BusB_To[3:0] [3] }, Y=$procmux$10301_Y [2:0]
      New connections: $procmux$10301_Y [3] = $procmux$10301_Y [0]
    Consolidated identical input bits for $mux cell $procmux$18343:
      Old ports: A=3'000, B=3'111, Y=$10\Set_BusB_To[3:0]
      New ports: A=1'0, B=1'1, Y=$10\Set_BusB_To[3:0] [0]
      New connections: $10\Set_BusB_To[3:0] [2:1] = { $10\Set_BusB_To[3:0] [0] $10\Set_BusB_To[3:0] [0] }
    Consolidated identical input bits for $mux cell $procmux$2878:
      Old ports: A=3'000, B=3'110, Y=$auto$wreduce.cc:514:run$24746 [2:0]
      New ports: A=1'0, B=1'1, Y=$auto$wreduce.cc:514:run$24746 [1]
      New connections: { $auto$wreduce.cc:514:run$24746 [2] $auto$wreduce.cc:514:run$24746 [0] } = { $auto$wreduce.cc:514:run$24746 [1] 1'0 }
    Consolidated identical input bits for $mux cell $procmux$11072:
      Old ports: A=3'001, B=3'101, Y=$16\MCycles[2:0]
      New ports: A=1'0, B=1'1, Y=$16\MCycles[2:0] [2]
      New connections: $16\MCycles[2:0] [1:0] = 2'01
    Consolidated identical input bits for $mux cell $procmux$7667:
      Old ports: A=4'0000, B=4'1111, Y=$procmux$7244_Y
      New ports: A=1'0, B=1'1, Y=$procmux$7244_Y [0]
      New connections: $procmux$7244_Y [3:1] = { $procmux$7244_Y [0] $procmux$7244_Y [0] $procmux$7244_Y [0] }
    Consolidated identical input bits for $mux cell $procmux$13933:
      Old ports: A={ 1'0 $auto$wreduce.cc:514:run$24761 [2:0] }, B=4'0000, Y=$procmux$13886_Y
      New ports: A=$auto$wreduce.cc:514:run$24761 [2:0], B=3'000, Y=$procmux$13886_Y [2:0]
      New connections: $procmux$13886_Y [3] = 1'0
    Consolidated identical input bits for $mux cell $procmux$8674:
      Old ports: A=2'11, B=2'01, Y=$45\Set_Addr_To[2:0]
      New ports: A=1'1, B=1'0, Y=$45\Set_Addr_To[2:0] [1]
      New connections: $45\Set_Addr_To[2:0] [0] = 1'1
    Consolidated identical input bits for $mux cell $procmux$1914:
      Old ports: A=3'000, B=3'100, Y=$procmux$10331_Y
      New ports: A=1'0, B=1'1, Y=$procmux$10331_Y [2]
      New connections: $procmux$10331_Y [1:0] = 2'00
    Consolidated identical input bits for $mux cell $procmux$7486:
      Old ports: A=4'0000, B=4'1100, Y=$procmux$11108_Y
      New ports: A=1'0, B=1'1, Y=$procmux$11108_Y [2]
      New connections: { $procmux$11108_Y [3] $procmux$11108_Y [1:0] } = { $procmux$11108_Y [2] 2'00 }
    Consolidated identical input bits for $mux cell $procmux$7644:
      Old ports: A=4'0000, B=4'1100, Y=$procmux$7219_Y
      New ports: A=1'0, B=1'1, Y=$procmux$7219_Y [2]
      New connections: { $procmux$7219_Y [3] $procmux$7219_Y [1:0] } = { $procmux$7219_Y [2] 2'00 }
    Consolidated identical input bits for $mux cell $procmux$12602:
      Old ports: A=4'0000, B=4'1010, Y=$procmux$11856_Y
      New ports: A=1'0, B=1'1, Y=$procmux$11856_Y [1]
      New connections: { $procmux$11856_Y [3:2] $procmux$11856_Y [0] } = { $procmux$11856_Y [1] 2'00 }
    Consolidated identical input bits for $mux cell $procmux$2584:
      Old ports: A=4'0101, B=4'1101, Y=$22\IncDec_16[3:0]
      New ports: A=1'0, B=1'1, Y=$22\IncDec_16[3:0] [3]
      New connections: $22\IncDec_16[3:0] [2:0] = 3'101
    Consolidated identical input bits for $mux cell $procmux$2923:
      Old ports: A=4'0110, B=4'1110, Y=$21\IncDec_16[3:0]
      New ports: A=1'0, B=1'1, Y=$21\IncDec_16[3:0] [3]
      New connections: $21\IncDec_16[3:0] [2:0] = 3'110
    Consolidated identical input bits for $mux cell $procmux$20828:
      Old ports: A=3'111, B=3'010, Y=$27\Set_Addr_To[2:0]
      New ports: A=1'1, B=1'0, Y=$27\Set_Addr_To[2:0] [0]
      New connections: $27\Set_Addr_To[2:0] [2:1] = { $27\Set_Addr_To[2:0] [0] 1'1 }
    Consolidated identical input bits for $mux cell $procmux$2676:
      Old ports: A=3'111, B=3'001, Y=$procmux$2676_Y
      New ports: A=1'1, B=1'0, Y=$procmux$2676_Y [1]
      New connections: { $procmux$2676_Y [2] $procmux$2676_Y [0] } = { $procmux$2676_Y [1] 1'1 }
    Consolidated identical input bits for $mux cell $procmux$5584:
      Old ports: A={ 1'0 $auto$wreduce.cc:514:run$24763 [2:0] }, B=4'0111, Y=$procmux$1361_Y
      New ports: A=$auto$wreduce.cc:514:run$24763 [2:0], B=3'111, Y=$procmux$1361_Y [2:0]
      New connections: $procmux$1361_Y [3] = 1'0
    Consolidated identical input bits for $mux cell $procmux$1751:
      Old ports: A=3'111, B=3'010, Y=$procmux$1544_Y
      New ports: A=1'1, B=1'0, Y=$procmux$1544_Y [0]
      New connections: $procmux$1544_Y [2:1] = { $procmux$1544_Y [0] 1'1 }
    Consolidated identical input bits for $mux cell $procmux$7196:
      Old ports: A={ 1'1 $auto$wreduce.cc:514:run$24784 [1:0] }, B={ 1'1 $45\Set_Addr_To[2:0] }, Y=$procmux$7196_Y
      New ports: A=$auto$wreduce.cc:514:run$24784 [1:0], B=$45\Set_Addr_To[2:0], Y=$procmux$7196_Y [1:0]
      New connections: $procmux$7196_Y [2] = 1'1
    Consolidated identical input bits for $mux cell $procmux$7621:
      Old ports: A=2'11, B=2'01, Y=$auto$wreduce.cc:514:run$24784 [1:0]
      New ports: A=1'1, B=1'0, Y=$auto$wreduce.cc:514:run$24784 [1]
      New connections: $auto$wreduce.cc:514:run$24784 [0] = 1'1
    Consolidated identical input bits for $mux cell $procmux$5349:
      Old ports: A=2'01, B=2'11, Y=$31\MCycles[2:0]
      New ports: A=1'0, B=1'1, Y=$31\MCycles[2:0] [1]
      New connections: $31\MCycles[2:0] [0] = 1'1
    Consolidated identical input bits for $mux cell $procmux$15823:
      Old ports: A=3'000, B=3'100, Y=$auto$wreduce.cc:514:run$24761 [2:0]
      New ports: A=1'0, B=1'1, Y=$auto$wreduce.cc:514:run$24761 [2]
      New connections: $auto$wreduce.cc:514:run$24761 [1:0] = 2'00
    Consolidated identical input bits for $mux cell $procmux$3262:
      Old ports: A=4'0000, B={ $10\Set_BusA_To[3:0] [3:1] $10\Set_BusA_To[3:0] [3] }, Y=$procmux$3262_Y
      New ports: A=3'000, B={ $10\Set_BusA_To[3:0] [2:1] $10\Set_BusA_To[3:0] [3] }, Y=$procmux$3262_Y [2:0]
      New connections: $procmux$3262_Y [3] = $procmux$3262_Y [0]
    New ctrl vector for $pmux cell $procmux$24173: { $auto$opt_reduce.cc:137:opt_pmux$24543 $procmux$21728_CMP $procmux$10511_CMP $auto$opt_reduce.cc:137:opt_pmux$24805 }
    Consolidated identical input bits for $mux cell $procmux$2246:
      Old ports: A={ 1'0 $auto$wreduce.cc:514:run$24785 [2:0] }, B=4'0001, Y=$26\ALU_Op[3:0]
      New ports: A=$auto$wreduce.cc:514:run$24785 [2:0], B=3'001, Y=$26\ALU_Op[3:0] [2:0]
      New connections: $26\ALU_Op[3:0] [3] = 1'0
    Consolidated identical input bits for $mux cell $procmux$6869:
      Old ports: A=3'011, B=3'101, Y=$27\MCycles[2:0]
      New ports: A=2'01, B=2'10, Y=$27\MCycles[2:0] [2:1]
      New connections: $27\MCycles[2:0] [0] = 1'1
    Consolidated identical input bits for $mux cell $procmux$14024:
      Old ports: A=4'0000, B=4'1111, Y=$procmux$14024_Y
      New ports: A=1'0, B=1'1, Y=$procmux$14024_Y [0]
      New connections: $procmux$14024_Y [3:1] = { $procmux$14024_Y [0] $procmux$14024_Y [0] $procmux$14024_Y [0] }
    Consolidated identical input bits for $pmux cell $procmux$4671:
      Old ports: A=3'011, B=6'001010, Y=$34\MCycles[2:0]
      New ports: A=2'11, B=4'0110, Y=$34\MCycles[2:0] [1:0]
      New connections: $34\MCycles[2:0] [2] = 1'0
    Consolidated identical input bits for $mux cell $procmux$18291:
      Old ports: A=3'111, B=3'000, Y=$10\Set_Addr_To[2:0]
      New ports: A=1'1, B=1'0, Y=$10\Set_Addr_To[2:0] [0]
      New connections: $10\Set_Addr_To[2:0] [2:1] = { $10\Set_Addr_To[2:0] [0] $10\Set_Addr_To[2:0] [0] }
    Consolidated identical input bits for $mux cell $procmux$1375:
      Old ports: A=4'0010, B=4'1010, Y=$30\IncDec_16[3:0]
      New ports: A=1'0, B=1'1, Y=$30\IncDec_16[3:0] [3]
      New connections: $30\IncDec_16[3:0] [2:0] = 3'010
    Consolidated identical input bits for $mux cell $procmux$791:
      Old ports: A=3'111, B=3'000, Y=$procmux$791_Y
      New ports: A=1'1, B=1'0, Y=$procmux$791_Y [0]
      New connections: $procmux$791_Y [2:1] = { $procmux$791_Y [0] $procmux$791_Y [0] }
    Consolidated identical input bits for $mux cell $procmux$5461:
      Old ports: A={ 1'1 $auto$wreduce.cc:514:run$24799 [1:0] }, B={ 1'1 $45\Set_Addr_To[2:0] }, Y=$47\Set_Addr_To[2:0]
      New ports: A=$auto$wreduce.cc:514:run$24799 [1:0], B=$45\Set_Addr_To[2:0], Y=$47\Set_Addr_To[2:0] [1:0]
      New connections: $47\Set_Addr_To[2:0] [2] = 1'1
    Consolidated identical input bits for $mux cell $procmux$4403:
      Old ports: A=3'111, B=3'010, Y=$61\Set_Addr_To[2:0]
      New ports: A=1'1, B=1'0, Y=$61\Set_Addr_To[2:0] [0]
      New connections: $61\Set_Addr_To[2:0] [2:1] = { $61\Set_Addr_To[2:0] [0] 1'1 }
    Consolidated identical input bits for $mux cell $procmux$13019:
      Old ports: A=2'01, B=2'11, Y=$13\MCycles[2:0]
      New ports: A=1'0, B=1'1, Y=$13\MCycles[2:0] [1]
      New connections: $13\MCycles[2:0] [0] = 1'1
    Consolidated identical input bits for $mux cell $procmux$6842:
      Old ports: A=4'0000, B=4'1111, Y=$14\IncDec_16[3:0]
      New ports: A=1'0, B=1'1, Y=$14\IncDec_16[3:0] [0]
      New connections: $14\IncDec_16[3:0] [3:1] = { $14\IncDec_16[3:0] [0] $14\IncDec_16[3:0] [0] $14\IncDec_16[3:0] [0] }
    Consolidated identical input bits for $mux cell $procmux$2850:
      Old ports: A=3'000, B=3'111, Y=$21\Set_BusA_To[2:0]
      New ports: A=1'0, B=1'1, Y=$21\Set_BusA_To[2:0] [0]
      New connections: $21\Set_BusA_To[2:0] [2:1] = { $21\Set_BusA_To[2:0] [0] $21\Set_BusA_To[2:0] [0] }
    Consolidated identical input bits for $mux cell $procmux$3649:
      Old ports: A=4'0000, B={ $10\Set_BusA_To[3:0] [3:1] $10\Set_BusA_To[3:0] [3] }, Y=$procmux$3649_Y
      New ports: A=3'000, B={ $10\Set_BusA_To[3:0] [2:1] $10\Set_BusA_To[3:0] [3] }, Y=$procmux$3649_Y [2:0]
      New connections: $procmux$3649_Y [3] = $procmux$3649_Y [0]
    Consolidated identical input bits for $mux cell $procmux$1733:
      Old ports: A=2'11, B=2'01, Y=$auto$wreduce.cc:514:run$24799 [1:0]
      New ports: A=1'1, B=1'0, Y=$auto$wreduce.cc:514:run$24799 [1]
      New connections: $auto$wreduce.cc:514:run$24799 [0] = 1'1
    Consolidated identical input bits for $mux cell $procmux$4894:
      Old ports: A=2'11, B=2'00, Y=$55\Set_Addr_To[2:0]
      New ports: A=1'1, B=1'0, Y=$55\Set_Addr_To[2:0] [0]
      New connections: $55\Set_Addr_To[2:0] [1] = $55\Set_Addr_To[2:0] [0]
    Consolidated identical input bits for $mux cell $procmux$11182:
      Old ports: A=4'0000, B=4'1111, Y=$procmux$10543_Y
      New ports: A=1'0, B=1'1, Y=$procmux$10543_Y [0]
      New connections: $procmux$10543_Y [3:1] = { $procmux$10543_Y [0] $procmux$10543_Y [0] $procmux$10543_Y [0] }
    Consolidated identical input bits for $mux cell $procmux$17644:
      Old ports: A={ 2'11 $12\Set_Addr_To[2:0] }, B=3'111, Y=$16\Set_Addr_To[2:0]
      New ports: A=$12\Set_Addr_To[2:0], B=1'1, Y=$16\Set_Addr_To[2:0] [0]
      New connections: $16\Set_Addr_To[2:0] [2:1] = 2'11
    Consolidated identical input bits for $mux cell $procmux$24448:
      Old ports: A=3'011, B=3'100, Y=$1\TStates[2:0]
      New ports: A=2'01, B=2'10, Y={ $1\TStates[2:0] [2] $1\TStates[2:0] [0] }
      New connections: $1\TStates[2:0] [1] = $1\TStates[2:0] [0]
    New input vector for $reduce_or cell $auto$opt_reduce.cc:131:opt_pmux$24804: { $procmux$21727_CMP $procmux$21726_CMP $procmux$18399_CMP $procmux$17540_CMP $procmux$17017_CMP $procmux$16337_CMP $procmux$15622_CMP $procmux$14433_CMP $procmux$10018_CMP }
  Optimizing cells in module \tv80_mcode_gate.
    Consolidated identical input bits for $mux cell $procmux$7198:
      Old ports: A=$procmux$7196_Y, B=3'111, Y=$43\Set_Addr_To[2:0]
      New ports: A=$procmux$7196_Y [1:0], B=2'11, Y=$43\Set_Addr_To[2:0] [1:0]
      New connections: $43\Set_Addr_To[2:0] [2] = 1'1
    Consolidated identical input bits for $mux cell $procmux$2558:
      Old ports: A=$auto$wreduce.cc:514:run$24746 [2:0], B=3'000, Y=$58\Set_BusB_To[3:0] [2:0]
      New ports: A=$auto$wreduce.cc:514:run$24746 [1], B=1'0, Y=$58\Set_BusB_To[3:0] [1]
      New connections: { $58\Set_BusB_To[3:0] [2] $58\Set_BusB_To[3:0] [0] } = { $58\Set_BusB_To[3:0] [1] 1'0 }
    Consolidated identical input bits for $mux cell $procmux$7121:
      Old ports: A=3'101, B=$27\MCycles[2:0], Y=$procmux$7121_Y
      New ports: A=2'10, B=$27\MCycles[2:0] [2:1], Y=$procmux$7121_Y [2:1]
      New connections: $procmux$7121_Y [0] = 1'1
    Consolidated identical input bits for $mux cell $procmux$5225:
      Old ports: A=$procmux$10543_Y, B=4'1111, Y=$10\IncDec_16[3:0]
      New ports: A=$procmux$10543_Y [0], B=1'1, Y=$10\IncDec_16[3:0] [0]
      New connections: $10\IncDec_16[3:0] [3:1] = { $10\IncDec_16[3:0] [0] $10\IncDec_16[3:0] [0] $10\IncDec_16[3:0] [0] }
    Consolidated identical input bits for $mux cell $procmux$20320:
      Old ports: A=3'111, B=$27\Set_Addr_To[2:0], Y=$6\Set_Addr_To[2:0]
      New ports: A=1'1, B=$27\Set_Addr_To[2:0] [0], Y=$6\Set_Addr_To[2:0] [0]
      New connections: $6\Set_Addr_To[2:0] [2:1] = { $6\Set_Addr_To[2:0] [0] 1'1 }
    Consolidated identical input bits for $mux cell $procmux$7669:
      Old ports: A=$procmux$7244_Y, B=4'1111, Y=$procmux$7669_Y
      New ports: A=$procmux$7244_Y [0], B=1'1, Y=$procmux$7669_Y [0]
      New connections: $procmux$7669_Y [3:1] = { $procmux$7669_Y [0] $procmux$7669_Y [0] $procmux$7669_Y [0] }
    Consolidated identical input bits for $mux cell $procmux$13935:
      Old ports: A=$procmux$13886_Y, B=4'0101, Y=$procmux$13888_Y
      New ports: A=$procmux$13886_Y [2:0], B=3'101, Y=$procmux$13888_Y [2:0]
      New connections: $procmux$13888_Y [3] = 1'0
    Consolidated identical input bits for $mux cell $procmux$4719:
      Old ports: A=$9\Set_Addr_To[2:0], B=3'010, Y=$60\Set_Addr_To[2:0]
      New ports: A=$9\Set_Addr_To[2:0] [0], B=1'0, Y=$60\Set_Addr_To[2:0] [0]
      New connections: $60\Set_Addr_To[2:0] [2:1] = { $60\Set_Addr_To[2:0] [0] 1'1 }
    Consolidated identical input bits for $mux cell $procmux$7488:
      Old ports: A=$procmux$11108_Y, B=4'1101, Y=$28\Set_BusB_To[3:0]
      New ports: A={ $procmux$11108_Y [2] 1'0 }, B=2'11, Y={ $28\Set_BusB_To[3:0] [2] $28\Set_BusB_To[3:0] [0] }
      New connections: { $28\Set_BusB_To[3:0] [3] $28\Set_BusB_To[3:0] [1] } = { $28\Set_BusB_To[3:0] [2] 1'0 }
    Consolidated identical input bits for $mux cell $procmux$13933:
      Old ports: A=$auto$wreduce.cc:514:run$24761 [2:0], B=3'000, Y=$procmux$13886_Y [2:0]
      New ports: A=$auto$wreduce.cc:514:run$24761 [2], B=1'0, Y=$procmux$13886_Y [2]
      New connections: $procmux$13886_Y [1:0] = 2'00
    Consolidated identical input bits for $mux cell $procmux$1916:
      Old ports: A=$procmux$10331_Y, B=3'101, Y=$26\Set_BusA_To[2:0]
      New ports: A={ $procmux$10331_Y [2] 1'0 }, B=2'11, Y={ $26\Set_BusA_To[2:0] [2] $26\Set_BusA_To[2:0] [0] }
      New connections: $26\Set_BusA_To[2:0] [1] = 1'0
    Consolidated identical input bits for $mux cell $procmux$7646:
      Old ports: A=$procmux$7219_Y, B=4'1101, Y=$procmux$7646_Y
      New ports: A={ $procmux$7219_Y [2] 1'0 }, B=2'11, Y={ $procmux$7646_Y [2] $procmux$7646_Y [0] }
      New connections: { $procmux$7646_Y [3] $procmux$7646_Y [1] } = { $procmux$7646_Y [2] 1'0 }
    Consolidated identical input bits for $mux cell $procmux$12604:
      Old ports: A=$procmux$11856_Y, B=4'0000, Y=$24\Set_BusB_To[3:0]
      New ports: A=$procmux$11856_Y [1], B=1'0, Y=$24\Set_BusB_To[3:0] [1]
      New connections: { $24\Set_BusB_To[3:0] [3:2] $24\Set_BusB_To[3:0] [0] } = { $24\Set_BusB_To[3:0] [1] 2'00 }
    Consolidated identical input bits for $mux cell $procmux$14026:
      Old ports: A=$procmux$14024_Y, B=4'0000, Y=$procmux$14026_Y
      New ports: A=$procmux$14024_Y [0], B=1'0, Y=$procmux$14026_Y [0]
      New connections: $procmux$14026_Y [3:1] = { $procmux$14026_Y [0] $procmux$14026_Y [0] $procmux$14026_Y [0] }
    Consolidated identical input bits for $mux cell $procmux$8287:
      Old ports: A=3'011, B=$22\MCycles[2:0], Y=$20\MCycles[2:0]
      New ports: A=1'1, B=$22\MCycles[2:0] [0], Y=$20\MCycles[2:0] [0]
      New connections: $20\MCycles[2:0] [2:1] = 2'01
    New ctrl vector for $pmux cell $procmux$1093: { $procmux$1101_CTRL $auto$opt_reduce.cc:137:opt_pmux$24605 $procmux$1096_CTRL $auto$opt_reduce.cc:137:opt_pmux$24609 }
    Consolidated identical input bits for $mux cell $procmux$7246:
      Old ports: A=$procmux$7244_Y, B=$14\IncDec_16[3:0], Y=$procmux$7246_Y
      New ports: A=$procmux$7244_Y [0], B=$14\IncDec_16[3:0] [0], Y=$procmux$7246_Y [0]
      New connections: $procmux$7246_Y [3:1] = { $procmux$7246_Y [0] $procmux$7246_Y [0] $procmux$7246_Y [0] }
    Consolidated identical input bits for $mux cell $procmux$1080:
      Old ports: A=4'0000, B=$21\IncDec_16[3:0], Y=$procmux$1080_Y
      New ports: A=2'00, B={ $21\IncDec_16[3:0] [3] 1'1 }, Y={ $procmux$1080_Y [3] $procmux$1080_Y [1] }
      New connections: { $procmux$1080_Y [2] $procmux$1080_Y [0] } = { $procmux$1080_Y [1] 1'0 }
    Consolidated identical input bits for $mux cell $procmux$16489:
      Old ports: A=$procmux$16487_Y, B=3'101, Y=$procmux$16489_Y
      New ports: A={ $procmux$16487_Y [2] 1'0 }, B=2'11, Y={ $procmux$16489_Y [2] $procmux$16489_Y [0] }
      New connections: $procmux$16489_Y [1] = 1'0
    Consolidated identical input bits for $mux cell $procmux$1878:
      Old ports: A=$1\TStates[2:0], B=3'100, Y=$15\TStates[2:0]
      New ports: A={ $1\TStates[2:0] [2] $1\TStates[2:0] [0] }, B=2'10, Y={ $15\TStates[2:0] [2] $15\TStates[2:0] [0] }
      New connections: $15\TStates[2:0] [1] = $15\TStates[2:0] [0]
    Consolidated identical input bits for $mux cell $procmux$5584:
      Old ports: A=$auto$wreduce.cc:514:run$24763 [2:0], B=3'111, Y=$procmux$1361_Y [2:0]
      New ports: A=$auto$wreduce.cc:514:run$24763 [0], B=1'1, Y=$procmux$1361_Y [0]
      New connections: $procmux$1361_Y [2:1] = { $procmux$1361_Y [0] $procmux$1361_Y [0] }
    Consolidated identical input bits for $mux cell $procmux$11218:
      Old ports: A=$1\TStates[2:0], B=3'100, Y=$procmux$10584_Y
      New ports: A={ $1\TStates[2:0] [2] $1\TStates[2:0] [0] }, B=2'10, Y={ $procmux$10584_Y [2] $procmux$10584_Y [0] }
      New connections: $procmux$10584_Y [1] = $procmux$10584_Y [0]
    Consolidated identical input bits for $mux cell $procmux$7623:
      Old ports: A=$auto$wreduce.cc:514:run$24784 [1:0], B=2'01, Y=$auto$wreduce.cc:514:run$24780 [1:0]
      New ports: A=$auto$wreduce.cc:514:run$24784 [1], B=1'0, Y=$auto$wreduce.cc:514:run$24780 [1]
      New connections: $auto$wreduce.cc:514:run$24780 [0] = 1'1
    Consolidated identical input bits for $mux cell $procmux$15825:
      Old ports: A=$auto$wreduce.cc:514:run$24761 [2:0], B=3'101, Y=$auto$wreduce.cc:514:run$24747 [2:0]
      New ports: A={ $auto$wreduce.cc:514:run$24761 [2] 1'0 }, B=2'11, Y={ $auto$wreduce.cc:514:run$24747 [2] $auto$wreduce.cc:514:run$24747 [0] }
      New connections: $auto$wreduce.cc:514:run$24747 [1] = 1'0
    Consolidated identical input bits for $mux cell $procmux$2309:
      Old ports: A=4'0000, B=$21\IncDec_16[3:0], Y=$procmux$2309_Y
      New ports: A=2'00, B={ $21\IncDec_16[3:0] [3] 1'1 }, Y={ $procmux$2309_Y [3] $procmux$2309_Y [1] }
      New connections: { $procmux$2309_Y [2] $procmux$2309_Y [0] } = { $procmux$2309_Y [1] 1'0 }
    Consolidated identical input bits for $mux cell $procmux$7196:
      Old ports: A=$auto$wreduce.cc:514:run$24784 [1:0], B=$45\Set_Addr_To[2:0], Y=$procmux$7196_Y [1:0]
      New ports: A=$auto$wreduce.cc:514:run$24784 [1], B=$45\Set_Addr_To[2:0] [1], Y=$procmux$7196_Y [1]
      New connections: $procmux$7196_Y [0] = 1'1
    Consolidated identical input bits for $mux cell $procmux$987:
      Old ports: A=$9\Set_Addr_To[2:0], B=3'000, Y=$74\Set_Addr_To[2:0]
      New ports: A={ 1'1 $9\Set_Addr_To[2:0] [0] }, B=2'00, Y=$74\Set_Addr_To[2:0] [1:0]
      New connections: $74\Set_Addr_To[2:0] [2] = $74\Set_Addr_To[2:0] [0]
    Consolidated identical input bits for $mux cell $procmux$11448:
      Old ports: A=$16\MCycles[2:0], B=3'011, Y=$15\MCycles[2:0]
      New ports: A={ $16\MCycles[2:0] [2] 1'0 }, B=2'01, Y=$15\MCycles[2:0] [2:1]
      New connections: $15\MCycles[2:0] [0] = 1'1
    Consolidated identical input bits for $mux cell $procmux$972:
      Old ports: A={ 1'0 $auto$wreduce.cc:514:run$24746 [2:0] }, B=4'1010, Y=$70\Set_BusB_To[3:0]
      New ports: A={ 1'0 $auto$wreduce.cc:514:run$24746 [1] $auto$wreduce.cc:514:run$24746 [1] }, B=3'101, Y=$70\Set_BusB_To[3:0] [3:1]
      New connections: $70\Set_BusB_To[3:0] [0] = 1'0
    Consolidated identical input bits for $mux cell $procmux$19597:
      Old ports: A=3'111, B=$9\Set_Addr_To[2:0], Y=$8\Set_Addr_To[2:0]
      New ports: A=1'1, B=$9\Set_Addr_To[2:0] [0], Y=$8\Set_Addr_To[2:0] [0]
      New connections: $8\Set_Addr_To[2:0] [2:1] = { $8\Set_Addr_To[2:0] [0] 1'1 }
    Consolidated identical input bits for $mux cell $procmux$881:
      Old ports: A=4'0000, B=$30\IncDec_16[3:0], Y=$procmux$881_Y
      New ports: A=2'00, B={ $30\IncDec_16[3:0] [3] 1'1 }, Y={ $procmux$881_Y [3] $procmux$881_Y [1] }
      New connections: { $procmux$881_Y [2] $procmux$881_Y [0] } = 2'00
    Consolidated identical input bits for $mux cell $procmux$2852:
      Old ports: A=$21\Set_BusA_To[2:0], B=3'000, Y=$20\Set_BusA_To[2:0]
      New ports: A=$21\Set_BusA_To[2:0] [0], B=1'0, Y=$20\Set_BusA_To[2:0] [0]
      New connections: $20\Set_BusA_To[2:0] [2:1] = { $20\Set_BusA_To[2:0] [0] $20\Set_BusA_To[2:0] [0] }
    Consolidated identical input bits for $mux cell $procmux$1546:
      Old ports: A=$procmux$1544_Y, B=3'010, Y=$69\Set_Addr_To[2:0]
      New ports: A=$procmux$1544_Y [0], B=1'0, Y=$69\Set_Addr_To[2:0] [0]
      New connections: $69\Set_Addr_To[2:0] [2:1] = { $69\Set_Addr_To[2:0] [0] 1'1 }
    Consolidated identical input bits for $mux cell $procmux$1699:
      Old ports: A=$procmux$1507_Y, B=3'000, Y=$66\Set_BusB_To[2:0]
      New ports: A=$procmux$1507_Y [1], B=1'0, Y=$66\Set_BusB_To[2:0] [1]
      New connections: { $66\Set_BusB_To[2:0] [2] $66\Set_BusB_To[2:0] [0] } = { $66\Set_BusB_To[2:0] [1] 1'0 }
    Consolidated identical input bits for $mux cell $procmux$13471:
      Old ports: A=3'111, B=$27\Set_Addr_To[2:0], Y=$26\Set_Addr_To[2:0]
      New ports: A=1'1, B=$27\Set_Addr_To[2:0] [0], Y=$26\Set_Addr_To[2:0] [0]
      New connections: $26\Set_Addr_To[2:0] [2:1] = { $26\Set_Addr_To[2:0] [0] 1'1 }
    Consolidated identical input bits for $mux cell $procmux$793:
      Old ports: A=$procmux$791_Y, B=3'010, Y=$75\Set_Addr_To[2:0]
      New ports: A={ $procmux$791_Y [0] $procmux$791_Y [0] }, B=2'10, Y=$75\Set_Addr_To[2:0] [1:0]
      New connections: $75\Set_Addr_To[2:0] [2] = $75\Set_Addr_To[2:0] [0]
    Consolidated identical input bits for $mux cell $procmux$5461:
      Old ports: A=$auto$wreduce.cc:514:run$24799 [1:0], B=$45\Set_Addr_To[2:0], Y=$47\Set_Addr_To[2:0] [1:0]
      New ports: A=$auto$wreduce.cc:514:run$24799 [1], B=$45\Set_Addr_To[2:0] [1], Y=$47\Set_Addr_To[2:0] [1]
      New connections: $47\Set_Addr_To[2:0] [0] = 1'1
    Consolidated identical input bits for $mux cell $procmux$7221:
      Old ports: A=$procmux$7219_Y, B=$44\Set_BusB_To[3:0], Y=$procmux$7221_Y
      New ports: A={ $procmux$7219_Y [2] 1'0 }, B={ $44\Set_BusB_To[3:0] [0] $44\Set_BusB_To[3:0] [0] }, Y={ $procmux$7221_Y [2] $procmux$7221_Y [0] }
      New connections: { $procmux$7221_Y [3] $procmux$7221_Y [1] } = { $procmux$7221_Y [2] 1'0 }
    Consolidated identical input bits for $mux cell $procmux$2646:
      Old ports: A=4'0000, B=$22\IncDec_16[3:0], Y=$procmux$2646_Y
      New ports: A=2'00, B={ $22\IncDec_16[3:0] [3] 1'1 }, Y={ $procmux$2646_Y [3] $procmux$2646_Y [0] }
      New connections: $procmux$2646_Y [2:1] = { $procmux$2646_Y [0] 1'0 }
    Consolidated identical input bits for $mux cell $procmux$1735:
      Old ports: A=$auto$wreduce.cc:514:run$24799 [1:0], B=2'01, Y=$22\Set_Addr_To[2:0]
      New ports: A=$auto$wreduce.cc:514:run$24799 [1], B=1'0, Y=$22\Set_Addr_To[2:0] [1]
      New connections: $22\Set_Addr_To[2:0] [0] = 1'1
    Consolidated identical input bits for $mux cell $procmux$1680:
      Old ports: A=$auto$wreduce.cc:514:run$24763 [2:0], B=3'000, Y=$11\Set_BusB_To[3:0]
      New ports: A=$auto$wreduce.cc:514:run$24763 [0], B=1'0, Y=$11\Set_BusB_To[3:0] [0]
      New connections: $11\Set_BusB_To[3:0] [2:1] = { $11\Set_BusB_To[3:0] [0] $11\Set_BusB_To[3:0] [0] }
    Consolidated identical input bits for $mux cell $procmux$6788:
      Old ports: A=$1\TStates[2:0], B=3'100, Y=$26\TStates[2:0]
      New ports: A={ $1\TStates[2:0] [2] $1\TStates[2:0] [0] }, B=2'10, Y={ $26\TStates[2:0] [2] $26\TStates[2:0] [0] }
      New connections: $26\TStates[2:0] [1] = $26\TStates[2:0] [0]
    Consolidated identical input bits for $mux cell $procmux$5440:
      Old ports: A=2'11, B=$31\MCycles[2:0], Y=$28\MCycles[2:0]
      New ports: A=1'1, B=$31\MCycles[2:0] [1], Y=$28\MCycles[2:0] [1]
      New connections: $28\MCycles[2:0] [0] = 1'1
    Consolidated identical input bits for $mux cell $procmux$13707:
      Old ports: A=$9\Set_Addr_To[2:0], B=3'010, Y=$29\Set_Addr_To[2:0]
      New ports: A=$9\Set_Addr_To[2:0] [0], B=1'0, Y=$29\Set_Addr_To[2:0] [0]
      New connections: $29\Set_Addr_To[2:0] [2:1] = { $29\Set_Addr_To[2:0] [0] 1'1 }
    Consolidated identical input bits for $mux cell $procmux$1363:
      Old ports: A=$procmux$1361_Y, B=4'0000, Y=$15\IncDec_16[3:0]
      New ports: A=$procmux$1361_Y [2:0], B=3'000, Y=$15\IncDec_16[3:0] [2:0]
      New connections: $15\IncDec_16[3:0] [3] = 1'0
  Optimizing cells in module \tv80_mcode_gate.
    Consolidated identical input bits for $mux cell $procmux$7198:
      Old ports: A=$procmux$7196_Y [1:0], B=2'11, Y=$43\Set_Addr_To[2:0] [1:0]
      New ports: A=$procmux$7196_Y [1], B=1'1, Y=$43\Set_Addr_To[2:0] [1]
      New connections: $43\Set_Addr_To[2:0] [0] = 1'1
    Consolidated identical input bits for $mux cell $procmux$4318:
      Old ports: A=$15\TStates[2:0], B=$1\TStates[2:0], Y=$31\TStates[2:0]
      New ports: A={ $15\TStates[2:0] [2] $15\TStates[2:0] [0] }, B={ $1\TStates[2:0] [2] $1\TStates[2:0] [0] }, Y={ $31\TStates[2:0] [2] $31\TStates[2:0] [0] }
      New connections: $31\TStates[2:0] [1] = $31\TStates[2:0] [0]
    Consolidated identical input bits for $mux cell $procmux$7123:
      Old ports: A=$procmux$7121_Y, B=3'101, Y=$25\MCycles[2:0]
      New ports: A=$procmux$7121_Y [2:1], B=2'10, Y=$25\MCycles[2:0] [2:1]
      New connections: $25\MCycles[2:0] [0] = 1'1
    Consolidated identical input bits for $mux cell $procmux$7097:
      Old ports: A=$1\TStates[2:0], B=$26\TStates[2:0], Y=$procmux$7097_Y
      New ports: A={ $1\TStates[2:0] [2] $1\TStates[2:0] [0] }, B={ $26\TStates[2:0] [2] $26\TStates[2:0] [0] }, Y={ $procmux$7097_Y [2] $procmux$7097_Y [0] }
      New connections: $procmux$7097_Y [1] = $procmux$7097_Y [0]
    Consolidated identical input bits for $mux cell $procmux$12010:
      Old ports: A=3'111, B=$29\Set_Addr_To[2:0], Y=$28\Set_Addr_To[2:0]
      New ports: A=1'1, B=$29\Set_Addr_To[2:0] [0], Y=$28\Set_Addr_To[2:0] [0]
      New connections: $28\Set_Addr_To[2:0] [2:1] = { $28\Set_Addr_To[2:0] [0] 1'1 }
    Consolidated identical input bits for $mux cell $procmux$7671:
      Old ports: A=$procmux$7669_Y, B=4'0000, Y=$11\IncDec_16[3:0]
      New ports: A=$procmux$7669_Y [0], B=1'0, Y=$11\IncDec_16[3:0] [0]
      New connections: $11\IncDec_16[3:0] [3:1] = { $11\IncDec_16[3:0] [0] $11\IncDec_16[3:0] [0] $11\IncDec_16[3:0] [0] }
    Consolidated identical input bits for $mux cell $procmux$13937:
      Old ports: A=$procmux$13888_Y, B=4'0000, Y=$17\Set_BusA_To[3:0]
      New ports: A=$procmux$13888_Y [2:0], B=3'000, Y=$17\Set_BusA_To[3:0] [2:0]
      New connections: $17\Set_BusA_To[3:0] [3] = 1'0
    Consolidated identical input bits for $mux cell $procmux$12945:
      Old ports: A=4'1010, B=$24\Set_BusB_To[3:0], Y=$23\Set_BusB_To[3:0]
      New ports: A=1'1, B=$24\Set_BusB_To[3:0] [1], Y=$23\Set_BusB_To[3:0] [1]
      New connections: { $23\Set_BusB_To[3:0] [3:2] $23\Set_BusB_To[3:0] [0] } = { $23\Set_BusB_To[3:0] [1] 2'00 }
    Consolidated identical input bits for $mux cell $procmux$13935:
      Old ports: A=$procmux$13886_Y [2:0], B=3'101, Y=$procmux$13888_Y [2:0]
      New ports: A={ $procmux$13886_Y [2] 1'0 }, B=2'11, Y={ $procmux$13888_Y [2] $procmux$13888_Y [0] }
      New connections: $procmux$13888_Y [1] = 1'0
    Consolidated identical input bits for $mux cell $procmux$7648:
      Old ports: A=$procmux$7646_Y, B=4'0000, Y=$41\Set_BusB_To[3:0]
      New ports: A={ $procmux$7646_Y [2] $procmux$7646_Y [0] }, B=2'00, Y={ $41\Set_BusB_To[3:0] [2] $41\Set_BusB_To[3:0] [0] }
      New connections: { $41\Set_BusB_To[3:0] [3] $41\Set_BusB_To[3:0] [1] } = { $41\Set_BusB_To[3:0] [2] 1'0 }
    Consolidated identical input bits for $mux cell $procmux$13549:
      Old ports: A=3'111, B=$20\Set_BusA_To[2:0], Y=$19\Set_BusA_To[2:0]
      New ports: A=1'1, B=$20\Set_BusA_To[2:0] [0], Y=$19\Set_BusA_To[2:0] [0]
      New connections: $19\Set_BusA_To[2:0] [2:1] = { $19\Set_BusA_To[2:0] [0] $19\Set_BusA_To[2:0] [0] }
    Consolidated identical input bits for $mux cell $procmux$22083:
      Old ports: A=$auto$wreduce.cc:514:run$24780 [1:0], B=2'01, Y=$auto$wreduce.cc:514:run$24777 [1:0]
      New ports: A=$auto$wreduce.cc:514:run$24780 [1], B=1'0, Y=$auto$wreduce.cc:514:run$24777 [1]
      New connections: $auto$wreduce.cc:514:run$24777 [0] = 1'1
    Consolidated identical input bits for $mux cell $procmux$15827:
      Old ports: A=$auto$wreduce.cc:514:run$24747 [2:0], B=3'000, Y=$13\Set_BusB_To[3:0]
      New ports: A={ $auto$wreduce.cc:514:run$24747 [2] $auto$wreduce.cc:514:run$24747 [0] }, B=2'00, Y={ $13\Set_BusB_To[3:0] [2] $13\Set_BusB_To[3:0] [0] }
      New connections: $13\Set_BusB_To[3:0] [1] = 1'0
    Consolidated identical input bits for $mux cell $procmux$1603:
      Old ports: A=$procmux$10584_Y, B=$1\TStates[2:0], Y=$23\TStates[2:0]
      New ports: A={ $procmux$10584_Y [2] $procmux$10584_Y [0] }, B={ $1\TStates[2:0] [2] $1\TStates[2:0] [0] }, Y={ $23\TStates[2:0] [2] $23\TStates[2:0] [0] }
      New connections: $23\TStates[2:0] [1] = $23\TStates[2:0] [0]
    Consolidated identical input bits for $mux cell $procmux$1082:
      Old ports: A=$procmux$1080_Y, B=4'0000, Y=$procmux$1082_Y
      New ports: A={ $procmux$1080_Y [3] $procmux$1080_Y [1] }, B=2'00, Y={ $procmux$1082_Y [3] $procmux$1082_Y [1] }
      New connections: { $procmux$1082_Y [2] $procmux$1082_Y [0] } = { $procmux$1082_Y [1] 1'0 }
    Consolidated identical input bits for $mux cell $procmux$11220:
      Old ports: A=$procmux$10584_Y, B=3'100, Y=$procmux$10586_Y
      New ports: A={ $procmux$10584_Y [2] $procmux$10584_Y [0] }, B=2'10, Y={ $procmux$10586_Y [2] $procmux$10586_Y [0] }
      New connections: $procmux$10586_Y [1] = $procmux$10586_Y [0]
    Consolidated identical input bits for $mux cell $procmux$7625:
      Old ports: A=$auto$wreduce.cc:514:run$24780 [1:0], B=2'11, Y=$42\Set_Addr_To[2:0]
      New ports: A=$auto$wreduce.cc:514:run$24780 [1], B=1'1, Y=$42\Set_Addr_To[2:0] [1]
      New connections: $42\Set_Addr_To[2:0] [0] = 1'1
    Consolidated identical input bits for $mux cell $procmux$11648:
      Old ports: A=$15\TStates[2:0], B=$1\TStates[2:0], Y=$10\TStates[2:0]
      New ports: A={ $15\TStates[2:0] [2] $15\TStates[2:0] [0] }, B={ $1\TStates[2:0] [2] $1\TStates[2:0] [0] }, Y={ $10\TStates[2:0] [2] $10\TStates[2:0] [0] }
      New connections: $10\TStates[2:0] [1] = $10\TStates[2:0] [0]
    Consolidated identical input bits for $mux cell $procmux$14028:
      Old ports: A=$procmux$14026_Y, B=4'0111, Y=$procmux$14028_Y
      New ports: A={ $procmux$14026_Y [0] $procmux$14026_Y [0] }, B=2'01, Y={ $procmux$14028_Y [3] $procmux$14028_Y [0] }
      New connections: $procmux$14028_Y [2:1] = { $procmux$14028_Y [0] $procmux$14028_Y [0] }
    Consolidated identical input bits for $mux cell $procmux$7223:
      Old ports: A=$procmux$7221_Y, B=4'0000, Y=$42\Set_BusB_To[3:0]
      New ports: A={ $procmux$7221_Y [2] $procmux$7221_Y [0] }, B=2'00, Y={ $42\Set_BusB_To[3:0] [2] $42\Set_BusB_To[3:0] [0] }
      New connections: { $42\Set_BusB_To[3:0] [3] $42\Set_BusB_To[3:0] [1] } = { $42\Set_BusB_To[3:0] [2] 1'0 }
    Consolidated identical input bits for $mux cell $procmux$2311:
      Old ports: A=$procmux$2309_Y, B=4'1100, Y=$23\IncDec_16[3:0]
      New ports: A={ $procmux$2309_Y [3] $procmux$2309_Y [1] $procmux$2309_Y [1] }, B=3'110, Y=$23\IncDec_16[3:0] [3:1]
      New connections: $23\IncDec_16[3:0] [0] = 1'0
    Consolidated identical input bits for $mux cell $procmux$21010:
      Old ports: A=$6\Set_Addr_To[2:0], B=$27\Set_Addr_To[2:0], Y=$4\Set_Addr_To[2:0]
      New ports: A=$6\Set_Addr_To[2:0] [0], B=$27\Set_Addr_To[2:0] [0], Y=$4\Set_Addr_To[2:0] [0]
      New connections: $4\Set_Addr_To[2:0] [2:1] = { $4\Set_Addr_To[2:0] [0] 1'1 }
    Consolidated identical input bits for $mux cell $procmux$11004:
      Old ports: A=4'0000, B=$10\IncDec_16[3:0], Y=$9\IncDec_16[3:0]
      New ports: A=1'0, B=$10\IncDec_16[3:0] [0], Y=$9\IncDec_16[3:0] [0]
      New connections: $9\IncDec_16[3:0] [3:1] = { $9\IncDec_16[3:0] [0] $9\IncDec_16[3:0] [0] $9\IncDec_16[3:0] [0] }
    Consolidated identical input bits for $mux cell $procmux$883:
      Old ports: A=$procmux$881_Y, B=$21\IncDec_16[3:0], Y=$procmux$883_Y
      New ports: A={ $procmux$881_Y [3] 1'0 $procmux$881_Y [1] }, B={ $21\IncDec_16[3:0] [3] 2'11 }, Y=$procmux$883_Y [3:1]
      New connections: $procmux$883_Y [0] = 1'0
    Consolidated identical input bits for $mux cell $procmux$10970:
      Old ports: A=4'0000, B=$28\Set_BusB_To[3:0], Y=$29\Set_BusB_To[3:0]
      New ports: A=2'00, B={ $28\Set_BusB_To[3:0] [2] $28\Set_BusB_To[3:0] [0] }, Y={ $29\Set_BusB_To[3:0] [2] $29\Set_BusB_To[3:0] [0] }
      New connections: { $29\Set_BusB_To[3:0] [3] $29\Set_BusB_To[3:0] [1] } = { $29\Set_BusB_To[3:0] [2] 1'0 }
    Consolidated identical input bits for $pmux cell $procmux$4683:
      Old ports: A=$60\Set_Addr_To[2:0], B={ $61\Set_Addr_To[2:0] 3'111 }, Y=$59\Set_Addr_To[2:0]
      New ports: A=$60\Set_Addr_To[2:0] [0], B={ $61\Set_Addr_To[2:0] [0] 1'1 }, Y=$59\Set_Addr_To[2:0] [0]
      New connections: $59\Set_Addr_To[2:0] [2:1] = { $59\Set_Addr_To[2:0] [0] 1'1 }
    Consolidated identical input bits for $mux cell $procmux$10936:
      Old ports: A=2'11, B=$22\Set_Addr_To[2:0], Y=$34\Set_Addr_To[2:0]
      New ports: A=1'1, B=$22\Set_Addr_To[2:0] [1], Y=$34\Set_Addr_To[2:0] [1]
      New connections: $34\Set_Addr_To[2:0] [0] = 1'1
    Consolidated identical input bits for $mux cell $procmux$1363:
      Old ports: A=$procmux$1361_Y [2:0], B=3'000, Y=$15\IncDec_16[3:0] [2:0]
      New ports: A=$procmux$1361_Y [0], B=1'0, Y=$15\IncDec_16[3:0] [0]
      New connections: $15\IncDec_16[3:0] [2:1] = { $15\IncDec_16[3:0] [0] $15\IncDec_16[3:0] [0] }
    Consolidated identical input bits for $mux cell $procmux$16491:
      Old ports: A=$procmux$16489_Y, B=3'000, Y=$procmux$16491_Y
      New ports: A={ $procmux$16489_Y [2] $procmux$16489_Y [0] }, B=2'00, Y={ $procmux$16491_Y [2] $procmux$16491_Y [0] }
      New connections: $procmux$16491_Y [1] = 1'0
    Consolidated identical input bits for $mux cell $procmux$7248:
      Old ports: A=$procmux$7246_Y, B=4'0000, Y=$12\IncDec_16[3:0]
      New ports: A=$procmux$7246_Y [0], B=1'0, Y=$12\IncDec_16[3:0] [0]
      New connections: $12\IncDec_16[3:0] [3:1] = { $12\IncDec_16[3:0] [0] $12\IncDec_16[3:0] [0] $12\IncDec_16[3:0] [0] }
  Optimizing cells in module \tv80_mcode_gate.
    Consolidated identical input bits for $mux cell $procmux$11355:
      Old ports: A=$34\Set_Addr_To[2:0], B=$22\Set_Addr_To[2:0], Y=$32\Set_Addr_To[2:0]
      New ports: A=$34\Set_Addr_To[2:0] [1], B=$22\Set_Addr_To[2:0] [1], Y=$32\Set_Addr_To[2:0] [1]
      New connections: $32\Set_Addr_To[2:0] [0] = 1'1
    Consolidated identical input bits for $mux cell $procmux$7099:
      Old ports: A=$procmux$7097_Y, B=$1\TStates[2:0], Y=$24\TStates[2:0]
      New ports: A={ $procmux$7097_Y [2] $procmux$7097_Y [0] }, B={ $1\TStates[2:0] [2] $1\TStates[2:0] [0] }, Y={ $24\TStates[2:0] [2] $24\TStates[2:0] [0] }
      New connections: $24\TStates[2:0] [1] = $24\TStates[2:0] [0]
    Consolidated identical input bits for $mux cell $procmux$12723:
      Old ports: A=$1\TStates[2:0], B=$10\TStates[2:0], Y=$7\TStates[2:0]
      New ports: A={ $1\TStates[2:0] [2] $1\TStates[2:0] [0] }, B={ $10\TStates[2:0] [2] $10\TStates[2:0] [0] }, Y={ $7\TStates[2:0] [2] $7\TStates[2:0] [0] }
      New connections: $7\TStates[2:0] [1] = $7\TStates[2:0] [0]
    New ctrl vector for $pmux cell $procmux$4727: { $procmux$17017_CTRL $procmux$14600_CMP }
    Consolidated identical input bits for $mux cell $procmux$13937:
      Old ports: A=$procmux$13888_Y [2:0], B=3'000, Y=$17\Set_BusA_To[3:0] [2:0]
      New ports: A={ $procmux$13888_Y [2] $procmux$13888_Y [0] }, B=2'00, Y={ $17\Set_BusA_To[3:0] [2] $17\Set_BusA_To[3:0] [0] }
      New connections: $17\Set_BusA_To[3:0] [1] = 1'0
    Consolidated identical input bits for $mux cell $procmux$1084:
      Old ports: A=$procmux$1082_Y, B=4'0000, Y=$26\IncDec_16[3:0]
      New ports: A={ $procmux$1082_Y [3] $procmux$1082_Y [1] }, B=2'00, Y={ $26\IncDec_16[3:0] [3] $26\IncDec_16[3:0] [1] }
      New connections: { $26\IncDec_16[3:0] [2] $26\IncDec_16[3:0] [0] } = { $26\IncDec_16[3:0] [1] 1'0 }
    Consolidated identical input bits for $mux cell $procmux$11417:
      Old ports: A=$9\IncDec_16[3:0], B=$10\IncDec_16[3:0], Y=$7\IncDec_16[3:0]
      New ports: A=$9\IncDec_16[3:0] [0], B=$10\IncDec_16[3:0] [0], Y=$7\IncDec_16[3:0] [0]
      New connections: $7\IncDec_16[3:0] [3:1] = { $7\IncDec_16[3:0] [0] $7\IncDec_16[3:0] [0] $7\IncDec_16[3:0] [0] }
    Consolidated identical input bits for $mux cell $procmux$4659:
      Old ports: A=$31\TStates[2:0], B=$1\TStates[2:0], Y=$30\TStates[2:0]
      New ports: A={ $31\TStates[2:0] [2] $31\TStates[2:0] [0] }, B={ $1\TStates[2:0] [2] $1\TStates[2:0] [0] }, Y={ $30\TStates[2:0] [2] $30\TStates[2:0] [0] }
      New connections: $30\TStates[2:0] [1] = $30\TStates[2:0] [0]
    Consolidated identical input bits for $mux cell $procmux$885:
      Old ports: A=$procmux$883_Y, B=4'0000, Y=$28\IncDec_16[3:0]
      New ports: A=$procmux$883_Y [3:1], B=3'000, Y=$28\IncDec_16[3:0] [3:1]
      New connections: $28\IncDec_16[3:0] [0] = 1'0
    Consolidated identical input bits for $mux cell $procmux$21538:
      Old ports: A=$4\Set_Addr_To[2:0], B=3'111, Y=$3\Set_Addr_To[2:0]
      New ports: A=$4\Set_Addr_To[2:0] [0], B=1'1, Y=$3\Set_Addr_To[2:0] [0]
      New connections: $3\Set_Addr_To[2:0] [2:1] = { $3\Set_Addr_To[2:0] [0] 1'1 }
    New ctrl vector for $pmux cell $procmux$4835: { $procmux$15081_CMP $auto$opt_reduce.cc:137:opt_pmux$24603 $procmux$10511_CMP $procmux$10088_CMP $procmux$21728_CMP $procmux$21727_CMP $procmux$21726_CMP $procmux$21723_CTRL }
    Consolidated identical input bits for $mux cell $procmux$22085:
      Old ports: A=$auto$wreduce.cc:514:run$24777 [1:0], B=2'01, Y=$24\Set_Addr_To[2:0]
      New ports: A=$auto$wreduce.cc:514:run$24777 [1], B=1'0, Y=$24\Set_Addr_To[2:0] [1]
      New connections: $24\Set_Addr_To[2:0] [0] = 1'1
    Consolidated identical input bits for $mux cell $procmux$14030:
      Old ports: A=$procmux$14028_Y, B=4'0000, Y=$procmux$14030_Y
      New ports: A={ $procmux$14028_Y [3] $procmux$14028_Y [0] }, B=2'00, Y={ $procmux$14030_Y [3] $procmux$14030_Y [0] }
      New connections: $procmux$14030_Y [2:1] = { $procmux$14030_Y [0] $procmux$14030_Y [0] }
    Consolidated identical input bits for $mux cell $procmux$11386:
      Old ports: A=$29\Set_BusB_To[3:0], B=$28\Set_BusB_To[3:0], Y=$27\Set_BusB_To[3:0]
      New ports: A={ $29\Set_BusB_To[3:0] [2] $29\Set_BusB_To[3:0] [0] }, B={ $28\Set_BusB_To[3:0] [2] $28\Set_BusB_To[3:0] [0] }, Y={ $27\Set_BusB_To[3:0] [2] $27\Set_BusB_To[3:0] [0] }
      New connections: { $27\Set_BusB_To[3:0] [3] $27\Set_BusB_To[3:0] [1] } = { $27\Set_BusB_To[3:0] [2] 1'0 }
    Consolidated identical input bits for $mux cell $procmux$16493:
      Old ports: A=$procmux$16491_Y, B=3'000, Y=$12\Set_BusA_To[2:0]
      New ports: A={ $procmux$16491_Y [2] $procmux$16491_Y [0] }, B=2'00, Y={ $12\Set_BusA_To[2:0] [2] $12\Set_BusA_To[2:0] [0] }
      New connections: $12\Set_BusA_To[2:0] [1] = 1'0
  Optimizing cells in module \tv80_mcode_gate.
    Consolidated identical input bits for $mux cell $procmux$14032:
      Old ports: A=$procmux$14030_Y, B=4'0000, Y=$5\IncDec_16[3:0]
      New ports: A={ $procmux$14030_Y [3] $procmux$14030_Y [0] }, B=2'00, Y={ $5\IncDec_16[3:0] [3] $5\IncDec_16[3:0] [0] }
      New connections: $5\IncDec_16[3:0] [2:1] = { $5\IncDec_16[3:0] [0] $5\IncDec_16[3:0] [0] }
  Optimizing cells in module \tv80_mcode_gate.
Performed a total of 143 changes.

3.19.5. Executing OPT_MERGE pass (detect identical cells).
Finding identical cells in module `\tv80_mcode_gate'.
Computing hashes of 780 cells of `\tv80_mcode_gate'.
Finding duplicate cells in `\tv80_mcode_gate'.
Computing hashes of 760 cells of `\tv80_mcode_gate'.
Finding duplicate cells in `\tv80_mcode_gate'.
Computing hashes of 753 cells of `\tv80_mcode_gate'.
Finding duplicate cells in `\tv80_mcode_gate'.
Computing hashes of 752 cells of `\tv80_mcode_gate'.
Finding duplicate cells in `\tv80_mcode_gate'.
<suppressed ~84 debug messages>
Removed a total of 28 cells.

3.19.6. Executing OPT_SHARE pass.
    Found cells that share an operand and can be merged by moving the $pmux $procmux$21717 in front of them:
        $procmux$12686
        $procmux$19541

3.19.7. Executing OPT_DFF pass (perform DFF optimizations).

3.19.8. Executing OPT_CLEAN pass (remove unused cells and wires).
Finding unused cells or wires in module \tv80_mcode_gate..
Removed 2 unused cells and 32 unused wires.
<suppressed ~3 debug messages>

3.19.9. Executing OPT_EXPR pass (perform const folding).
Optimizing module tv80_mcode_gate.
<suppressed ~24 debug messages>

3.19.10. Rerunning OPT passes. (Maybe there is more to do..)

3.19.11. Executing OPT_MUXTREE pass (detect dead branches in mux trees).
Running muxtree optimizer on module \tv80_mcode_gate..
  Creating internal representation of mux trees.
  Evaluating internal representation of mux trees.
  Analyzing evaluation results.
Removed 0 multiplexer ports.
<suppressed ~633 debug messages>

3.19.12. Executing OPT_REDUCE pass (consolidate $*mux and $reduce_* inputs).
  Optimizing cells in module \tv80_mcode_gate.
    New ctrl vector for $pmux cell $procmux$21717: { $auto$opt_reduce.cc:137:opt_pmux$24569 $procmux$10469_CMP $procmux$10511_CMP $auto$opt_reduce.cc:137:opt_pmux$24810 $procmux$13798_CMP $auto$opt_reduce.cc:137:opt_pmux$24651 $auto$opt_reduce.cc:137:opt_pmux$24721 $procmux$17540_CMP $procmux$18085_CMP $procmux$18242_CMP }
    New ctrl vector for $pmux cell $procmux$5285: { $auto$opt_reduce.cc:137:opt_pmux$24495 $procmux$10469_CMP $procmux$21723_CTRL $procmux$21726_CMP $auto$opt_reduce.cc:137:opt_pmux$24812 $procmux$21728_CMP $procmux$10088_CMP $procmux$10511_CMP $auto$opt_reduce.cc:137:opt_pmux$24603 $procmux$13102_CMP $procmux$13259_CMP $procmux$13798_CMP $procmux$15081_CMP $procmux$17540_CMP $auto$opt_reduce.cc:137:opt_pmux$24695 $procmux$19135_CMP }
    New input vector for $reduce_or cell $auto$opt_reduce.cc:131:opt_pmux$24809: { $procmux$19135_CMP $procmux$12351_CMP $procmux$11611_CMP }
  Optimizing cells in module \tv80_mcode_gate.
Performed a total of 3 changes.

3.19.13. Executing OPT_MERGE pass (detect identical cells).
Finding identical cells in module `\tv80_mcode_gate'.
Computing hashes of 743 cells of `\tv80_mcode_gate'.
Finding duplicate cells in `\tv80_mcode_gate'.
Computing hashes of 734 cells of `\tv80_mcode_gate'.
Finding duplicate cells in `\tv80_mcode_gate'.
Computing hashes of 729 cells of `\tv80_mcode_gate'.
Finding duplicate cells in `\tv80_mcode_gate'.
Computing hashes of 728 cells of `\tv80_mcode_gate'.
Finding duplicate cells in `\tv80_mcode_gate'.
<suppressed ~45 debug messages>
Removed a total of 15 cells.

3.19.14. Executing OPT_SHARE pass.

3.19.15. Executing OPT_DFF pass (perform DFF optimizations).

3.19.16. Executing OPT_CLEAN pass (remove unused cells and wires).
Finding unused cells or wires in module \tv80_mcode_gate..
Removed 0 unused cells and 24 unused wires.
<suppressed ~1 debug messages>

3.19.17. Executing OPT_EXPR pass (perform const folding).
Optimizing module tv80_mcode_gate.

3.19.18. Rerunning OPT passes. (Maybe there is more to do..)

3.19.19. Executing OPT_MUXTREE pass (detect dead branches in mux trees).
Running muxtree optimizer on module \tv80_mcode_gate..
  Creating internal representation of mux trees.
  Evaluating internal representation of mux trees.
  Analyzing evaluation results.
Removed 0 multiplexer ports.
<suppressed ~603 debug messages>

3.19.20. Executing OPT_REDUCE pass (consolidate $*mux and $reduce_* inputs).
  Optimizing cells in module \tv80_mcode_gate.
Performed a total of 0 changes.

3.19.21. Executing OPT_MERGE pass (detect identical cells).
Finding identical cells in module `\tv80_mcode_gate'.
Computing hashes of 728 cells of `\tv80_mcode_gate'.
Finding duplicate cells in `\tv80_mcode_gate'.
Removed a total of 0 cells.

3.19.22. Executing OPT_SHARE pass.

3.19.23. Executing OPT_DFF pass (perform DFF optimizations).

3.19.24. Executing OPT_CLEAN pass (remove unused cells and wires).
Finding unused cells or wires in module \tv80_mcode_gate..

3.19.25. Executing OPT_EXPR pass (perform const folding).
Optimizing module tv80_mcode_gate.

3.19.26. Finished fast OPT passes. (There is nothing left to do.)

3.20. Executing TECHMAP pass (map to technology primitives).

3.20.1. Executing Verilog-2005 frontend: /home/toshn/tools/oss-cad-suite/lib/../share/yosys/techmap.v
Parsing Verilog input from `/home/toshn/tools/oss-cad-suite/lib/../share/yosys/techmap.v' to AST representation.
Generating RTLIL representation for module `\_90_simplemap_bool_ops'.
Generating RTLIL representation for module `\_90_simplemap_reduce_ops'.
Generating RTLIL representation for module `\_90_simplemap_logic_ops'.
Generating RTLIL representation for module `\_90_simplemap_compare_ops'.
Generating RTLIL representation for module `\_90_simplemap_various'.
Generating RTLIL representation for module `\_90_simplemap_registers'.
Generating RTLIL representation for module `\_90_shift_ops_shr_shl_sshl_sshr'.
Generating RTLIL representation for module `\_90_shift_shiftx'.
Generating RTLIL representation for module `\_90_fa'.
Generating RTLIL representation for module `\_90_lcu_brent_kung'.
Generating RTLIL representation for module `\_90_alu'.
Generating RTLIL representation for module `\_90_macc'.
Generating RTLIL representation for module `\_90_alumacc'.
Generating RTLIL representation for module `$__div_mod_u'.
Generating RTLIL representation for module `$__div_mod_trunc'.
Generating RTLIL representation for module `\_90_div'.
Generating RTLIL representation for module `\_90_mod'.
Generating RTLIL representation for module `$__div_mod_floor'.
Generating RTLIL representation for module `\_90_divfloor'.
Generating RTLIL representation for module `\_90_modfloor'.
Generating RTLIL representation for module `\_90_pow'.
Generating RTLIL representation for module `\_90_demux'.
Generating RTLIL representation for module `\_90_lut'.
Generating RTLIL representation for module `$connect'.
Generating RTLIL representation for module `$input_port'.
Successfully finished Verilog frontend.

3.20.2. Continuing TECHMAP pass.
Using extmapper simplemap for cells of type $reduce_or.
Using extmapper simplemap for cells of type $mux.
Using extmapper simplemap for cells of type $eq.
Using extmapper simplemap for cells of type $not.
Using extmapper simplemap for cells of type $ne.
Using extmapper simplemap for cells of type $logic_and.
Using extmapper simplemap for cells of type $logic_or.
Using extmapper simplemap for cells of type $logic_not.
Using extmapper simplemap for cells of type $or.
Using extmapper simplemap for cells of type $pmux.
Using extmapper simplemap for cells of type $and.
No more expansions possible.
<suppressed ~805 debug messages>

3.21. Executing OPT pass (performing simple optimizations).

3.21.1. Executing OPT_EXPR pass (perform const folding).
Optimizing module tv80_mcode_gate.
<suppressed ~2512 debug messages>

3.21.2. Executing OPT_MERGE pass (detect identical cells).
Finding identical cells in module `\tv80_mcode_gate'.
Computing hashes of 7011 cells of `\tv80_mcode_gate'.
Finding duplicate cells in `\tv80_mcode_gate'.
Computing hashes of 4677 cells of `\tv80_mcode_gate'.
Finding duplicate cells in `\tv80_mcode_gate'.
Computing hashes of 3520 cells of `\tv80_mcode_gate'.
Finding duplicate cells in `\tv80_mcode_gate'.
Computing hashes of 2954 cells of `\tv80_mcode_gate'.
Finding duplicate cells in `\tv80_mcode_gate'.
Computing hashes of 2923 cells of `\tv80_mcode_gate'.
Finding duplicate cells in `\tv80_mcode_gate'.
Computing hashes of 2916 cells of `\tv80_mcode_gate'.
Finding duplicate cells in `\tv80_mcode_gate'.
Computing hashes of 2915 cells of `\tv80_mcode_gate'.
Finding duplicate cells in `\tv80_mcode_gate'.
<suppressed ~12288 debug messages>
Removed a total of 4096 cells.

3.21.3. Executing OPT_DFF pass (perform DFF optimizations).

3.21.4. Executing OPT_CLEAN pass (remove unused cells and wires).
Finding unused cells or wires in module \tv80_mcode_gate..
Removed 0 unused cells and 2677 unused wires.
<suppressed ~1 debug messages>

3.21.5. Finished fast OPT passes.

3.22. Executing ABC pass (technology mapping using ABC).

3.22.1. Extracting gate netlist of module `\tv80_mcode_gate' to `<abc-temp-dir>/input.blif'..

3.22.1.1. Executed ABC.
Extracted 2915 gates and 2940 wires to a netlist network with 23 inputs and 68 outputs.
Running ABC script: <abc-temp-dir>/abc.script
ABC: UC Berkeley, ABC 1.01 (compiled Jul 25 2026 03:54:11)
ABC: abc 01> empty
ABC: abc 01> source <abc-temp-dir>/abc.script
ABC: + read_blif <abc-temp-dir>/input.blif 
ABC: + read_library <abc-temp-dir>/stdcells.genlib 
ABC: + strash 
ABC: + &get -n 
ABC: + &fraig -x 
ABC: + &put 
ABC: + scorr 
ABC: Warning: The network is combinational (run "fraig" or "fraig_sweep").
ABC: + dc2 
ABC: + dretime 
ABC: + strash 
ABC: + &get -n 
ABC: + &dch -f 
ABC: + &nf 
ABC: + &put 
ABC: + write_blif <abc-temp-dir>/output.blif 
ABC: 
ABC: YOSYS_ABC_DONE 

3.22.1.2. Re-integrating ABC results.
ABC RESULTS:               AND cells:      507
ABC RESULTS:            ANDNOT cells:      108
ABC RESULTS:               MUX cells:       13
ABC RESULTS:              NAND cells:      421
ABC RESULTS:               NOR cells:       42
ABC RESULTS:               NOT cells:       10
ABC RESULTS:                OR cells:       69
ABC RESULTS:             ORNOT cells:       64
ABC RESULTS:              XNOR cells:        1
ABC RESULTS:               XOR cells:        1
ABC RESULTS:        internal signals:     2849
ABC RESULTS:           input signals:       23
ABC RESULTS:          output signals:       68
Removing temp directory.
Removing global temp directory.

3.23. Executing OPT pass (performing simple optimizations).

3.23.1. Executing OPT_EXPR pass (perform const folding).
Optimizing module tv80_mcode_gate.
<suppressed ~1 debug messages>

3.23.2. Executing OPT_MERGE pass (detect identical cells).
Finding identical cells in module `\tv80_mcode_gate'.
Computing hashes of 1236 cells of `\tv80_mcode_gate'.
Finding duplicate cells in `\tv80_mcode_gate'.
Removed a total of 0 cells.

3.23.3. Executing OPT_DFF pass (perform DFF optimizations).

3.23.4. Executing OPT_CLEAN pass (remove unused cells and wires).
Finding unused cells or wires in module \tv80_mcode_gate..
Removed 0 unused cells and 1667 unused wires.
<suppressed ~1 debug messages>

3.23.5. Finished fast OPT passes.

3.24. Executing HIERARCHY pass (managing design hierarchy).
Attribute `top' found on module `tv80_mcode_gate'. Setting top module to tv80_mcode_gate.

3.24.1. Analyzing design hierarchy..
Top module:  \tv80_mcode_gate

3.24.2. Analyzing design hierarchy..
Top module:  \tv80_mcode_gate
Removed 0 unused modules.

3.25. Printing statistics.

=== tv80_mcode_gate ===

        +----------Local Count, excluding submodules.
        | 
     1229 wires
     1304 wire bits
       61 public wires
      136 public wire bits
       52 ports
       95 port bits
     1236 cells
      108   $_ANDNOT_
      507   $_AND_
       13   $_MUX_
      421   $_NAND_
       42   $_NOR_
       10   $_NOT_
       64   $_ORNOT_
       69   $_OR_
        1   $_XNOR_
        1   $_XOR_

3.26. Executing CHECK pass (checking for obvious problems).
Checking module tv80_mcode_gate...
Found and reported 0 problems.

4. Printing statistics.

=== tv80_mcode_gate ===

        +----------Local Count, excluding submodules.
        | 
     1229 wires
     1304 wire bits
       61 public wires
      136 public wire bits
       52 ports
       95 port bits
     1236 cells
      108   $_ANDNOT_
      507   $_AND_
       13   $_MUX_
      421   $_NAND_
       42   $_NOR_
       10   $_NOT_
       64   $_ORNOT_
       69   $_OR_
        1   $_XNOR_
        1   $_XOR_

Warnings: 1 unique messages, 1 total
End of script. Logfile hash: 05b0ab6a82, time: 2.03s, user: 1.78s, system: 0.06s, MEM: 63.57 MB peak
Yosys 0.67+94 (git sha1 7defa5186-dirty, Release, Clang /usr/bin/clang++ 18.1.8)
Time spent: 27% 1x proc_mux (0 sec), 19% 18x opt_expr (0 sec), ...
