
 /----------------------------------------------------------------------------\
 |  yosys -- Yosys Open SYnthesis Suite                                       |
 |  Copyright (C) 2012 - 2026  Claire Xenia Wolf <claire@yosyshq.com>         |
 |  Distributed under an ISC-like license, type "license" to see terms        |
 \----------------------------------------------------------------------------/
 Yosys 0.67+94 (git sha1 7defa5186-dirty, Release, Clang /usr/bin/clang++ 18.1.8)

-- Running command `read_verilog /home/toshn/slacksmith_work/depth_tv80/run3/gates/O1/gold.v; hierarchy -check -top tv80_mcode_gold; synth -top tv80_mcode_gold; stat' --

1. Executing Verilog-2005 frontend: /home/toshn/slacksmith_work/depth_tv80/run3/gates/O1/gold.v
Parsing Verilog input from `/home/toshn/slacksmith_work/depth_tv80/run3/gates/O1/gold.v' to AST representation.
Warning: Encountered `translate_off' comment! Such legacy hot comments are supported by Yosys, but are not part of any formal language specification. Using a portable and standards-compliant construct such as `ifdef is recommended!
Generating RTLIL representation for module `\tv80s_gold'.
Generating RTLIL representation for module `\tv80_core_gold'.
Note: Assuming pure combinatorial block at /home/toshn/slacksmith_work/depth_tv80/run3/gates/O1/gold.v:490.3-513.8 in
compliance with IEC 62142(E):2005 / IEEE Std. 1364.1(E):2002. Recommending
use of @* instead of @(...) for better match of synthesis and simulation.
Note: Assuming pure combinatorial block at /home/toshn/slacksmith_work/depth_tv80/run3/gates/O1/gold.v:516.3-540.8 in
compliance with IEC 62142(E):2005 / IEEE Std. 1364.1(E):2002. Recommending
use of @* instead of @(...) for better match of synthesis and simulation.
Note: Assuming pure combinatorial block at /home/toshn/slacksmith_work/depth_tv80/run3/gates/O1/gold.v:1105.3-1123.8 in
compliance with IEC 62142(E):2005 / IEEE Std. 1364.1(E):2002. Recommending
use of @* instead of @(...) for better match of synthesis and simulation.
Note: Assuming pure combinatorial block at /home/toshn/slacksmith_work/depth_tv80/run3/gates/O1/gold.v:1126.3-1164.8 in
compliance with IEC 62142(E):2005 / IEEE Std. 1364.1(E):2002. Recommending
use of @* instead of @(...) for better match of synthesis and simulation.
Note: Assuming pure combinatorial block at /home/toshn/slacksmith_work/depth_tv80/run3/gates/O1/gold.v:1167.3-1188.8 in
compliance with IEC 62142(E):2005 / IEEE Std. 1364.1(E):2002. Recommending
use of @* instead of @(...) for better match of synthesis and simulation.
Note: Assuming pure combinatorial block at /home/toshn/slacksmith_work/depth_tv80/run3/gates/O1/gold.v:1312.3-1324.8 in
compliance with IEC 62142(E):2005 / IEEE Std. 1364.1(E):2002. Recommending
use of @* instead of @(...) for better match of synthesis and simulation.
Note: Assuming pure combinatorial block at /home/toshn/slacksmith_work/depth_tv80/run3/gates/O1/gold.v:1507.3-1547.8 in
compliance with IEC 62142(E):2005 / IEEE Std. 1364.1(E):2002. Recommending
use of @* instead of @(...) for better match of synthesis and simulation.
Note: Assuming pure combinatorial block at /home/toshn/slacksmith_work/depth_tv80/run3/gates/O1/gold.v:1550.3-1560.8 in
compliance with IEC 62142(E):2005 / IEEE Std. 1364.1(E):2002. Recommending
use of @* instead of @(...) for better match of synthesis and simulation.
Generating RTLIL representation for module `\tv80_alu_gold'.
Note: Assuming pure combinatorial block at /home/toshn/slacksmith_work/depth_tv80/run3/gates/O1/gold.v:1662.3-1686.8 in
compliance with IEC 62142(E):2005 / IEEE Std. 1364.1(E):2002. Recommending
use of @* instead of @(...) for better match of synthesis and simulation.
Note: Assuming pure combinatorial block at /home/toshn/slacksmith_work/depth_tv80/run3/gates/O1/gold.v:1691.3-2012.8 in
compliance with IEC 62142(E):2005 / IEEE Std. 1364.1(E):2002. Recommending
use of @* instead of @(...) for better match of synthesis and simulation.
Generating RTLIL representation for module `\tv80_reg_gold'.
Generating RTLIL representation for module `\tv80_mcode_gold'.
Note: Assuming pure combinatorial block at /home/toshn/slacksmith_work/depth_tv80/run3/gates/O1/gold.v:2299.3-4745.8 in
compliance with IEC 62142(E):2005 / IEEE Std. 1364.1(E):2002. Recommending
use of @* instead of @(...) for better match of synthesis and simulation.
Successfully finished Verilog frontend.

2. Executing HIERARCHY pass (managing design hierarchy).

2.1. Analyzing design hierarchy..
Top module:  \tv80_mcode_gold

2.2. Analyzing design hierarchy..
Top module:  \tv80_mcode_gold
Removing unused module `\tv80_reg_gold'.
Removing unused module `\tv80_alu_gold'.
Removing unused module `\tv80_core_gold'.
Removing unused module `\tv80s_gold'.
Removed 4 unused modules.

3. Executing SYNTH pass.

3.1. Executing HIERARCHY pass (managing design hierarchy).

3.1.1. Analyzing design hierarchy..
Top module:  \tv80_mcode_gold

3.1.2. Analyzing design hierarchy..
Top module:  \tv80_mcode_gold
Removed 0 unused modules.

3.2. Executing PROC pass (convert processes to netlists).

3.2.1. Executing PROC_CLEAN pass (remove empty switches from decision trees).
Found and cleaned up 26 empty switches in `\tv80_mcode_gold.$proc$/home/toshn/slacksmith_work/depth_tv80/run3/gates/O1/gold.v:2299$506'.
Cleaned up 26 empty switches.

3.2.2. Executing PROC_RMDEAD pass (remove dead branches from decision trees).
Removed 8 dead cases from process $proc$/home/toshn/slacksmith_work/depth_tv80/run3/gates/O1/gold.v:2299$506 in module tv80_mcode_gold.
Marked 129 switch rules as full_case in process $proc$/home/toshn/slacksmith_work/depth_tv80/run3/gates/O1/gold.v:2299$506 in module tv80_mcode_gold.
Removed a total of 8 dead cases.

3.2.3. Executing PROC_PRUNE pass (remove redundant assignments in processes).
Removed 0 redundant assignments.
Promoted 58 assignments to connections.

3.2.4. Executing PROC_INIT pass (extract init attributes).

3.2.5. Executing PROC_ARST pass (detect async resets in processes).

3.2.6. Executing PROC_ROM pass (convert switches to ROMs).
Converted 0 switches.
<suppressed ~129 debug messages>

3.2.7. Executing PROC_MUX pass (convert decision trees to multiplexers).
Creating decoders for process `\tv80_mcode_gold.$proc$/home/toshn/slacksmith_work/depth_tv80/run3/gates/O1/gold.v:2299$506'.
     1/833: $73\Set_BusB_To[3:0] [3]
     2/833: $24\NoRead[0:0]
     3/833: $80\Set_Addr_To[2:0]
     4/833: $46\TStates[2:0]
     5/833: $23\NoRead[0:0]
     6/833: $52\Inc_PC[0:0]
     7/833: $73\Set_BusB_To[3:0] [2:0]
     8/833: $53\Inc_PC[0:0]
     9/833: $79\Set_Addr_To[2:0]
    10/833: $45\TStates[2:0]
    11/833: $78\Set_Addr_To[2:0]
    12/833: $77\Set_Addr_To[2:0]
    13/833: $51\Inc_PC[0:0]
    14/833: $22\NoRead[0:0]
    15/833: $44\TStates[2:0]
    16/833: $76\Set_Addr_To[2:0]
    17/833: $72\Set_BusB_To[3:0]
    18/833: $50\Inc_PC[0:0]
    19/833: $34\Set_BusA_To[3:0] [3]
    20/833: $29\IncDec_16[3:0]
    21/833: $31\ALU_Op[3:0]
    22/833: $31\Save_ALU[0:0]
    23/833: $46\Read_To_Reg[0:0]
    24/833: $47\Set_BusA_To[3:0]
    25/833: $71\Set_BusB_To[3:0]
    26/833: $75\Set_Addr_To[2:0]
    27/833: $43\TStates[2:0]
    28/833: $50\Write[0:0]
    29/833: $21\NoRead[0:0]
    30/833: $15\IORQ[0:0]
    31/833: $4\I_BTR[0:0]
    32/833: $28\IncDec_16[3:0]
    33/833: $34\Set_BusA_To[3:0] [2:0]
    34/833: $30\ALU_Op[3:0]
    35/833: $30\Save_ALU[0:0]
    36/833: $45\Read_To_Reg[0:0]
    37/833: $46\Set_BusA_To[3:0]
    38/833: $70\Set_BusB_To[3:0]
    39/833: $74\Set_Addr_To[2:0]
    40/833: $49\Write[0:0]
    41/833: $20\NoRead[0:0]
    42/833: $14\IORQ[0:0]
    43/833: $42\TStates[2:0]
    44/833: $3\I_BTR[0:0]
    45/833: $26\IncDec_16[3:0]
    46/833: $54\Set_BusB_To[3:0] [3]
    47/833: $68\Set_BusB_To[3:0] [2:0]
    48/833: $69\Set_BusB_To[3:3]
    49/833: $73\Set_Addr_To[2:0]
    50/833: $48\Write[0:0]
    51/833: $13\IORQ[0:0]
    52/833: $27\IncDec_16[3:0]
    53/833: $44\Read_To_Reg[0:0]
    54/833: $72\Set_Addr_To[2:0]
    55/833: $12\IORQ[0:0]
    56/833: $3\I_INRC[0:0]
    57/833: $44\Set_BusA_To[2:0]
    58/833: $43\Read_To_Reg[0:0]
    59/833: $68\Set_BusB_To[3:0] [3]
    60/833: $3\I_RETN[0:0]
    61/833: $31\LDZ[0:0]
    62/833: $14\Jump[0:0]
    63/833: $25\IncDec_16[3:0]
    64/833: $30\IncDec_16[3:0]
    65/833: $47\Write[0:0]
    66/833: $41\TStates[2:0]
    67/833: $3\I_RRD[0:0]
    68/833: $29\Save_ALU[0:0]
    69/833: $29\ALU_Op[3:0]
    70/833: $43\Set_BusA_To[2:0]
    71/833: $67\Set_BusB_To[2:0]
    72/833: $42\Read_To_Reg[0:0]
    73/833: $69\Set_Addr_To[2:0]
    74/833: $19\NoRead[0:0]
    75/833: $46\Write[0:0]
    76/833: $40\TStates[2:0]
    77/833: $3\I_RLD[0:0]
    78/833: $28\Save_ALU[0:0]
    79/833: $28\ALU_Op[3:0]
    80/833: $42\Set_BusA_To[2:0]
    81/833: $66\Set_BusB_To[2:0]
    82/833: $41\Read_To_Reg[0:0]
    83/833: $71\Set_Addr_To[2:0]
    84/833: $70\Set_Addr_To[2:0]
    85/833: $65\Set_BusB_To[3:0] [0]
    86/833: $65\Set_BusB_To[3:0] [2:1]
    87/833: $64\Set_BusB_To[3:0] [3]
    88/833: $64\Set_BusB_To[3:0] [0]
    89/833: $64\Set_BusB_To[3:0] [2:1]
    90/833: $39\TStates[2:0]
    91/833: $63\Set_BusB_To[3:0]
    92/833: $41\Set_BusA_To[2:0]
    93/833: $27\Save_ALU[0:0]
    94/833: $40\Read_To_Reg[0:0]
    95/833: $27\ALU_Op[3:0]
    96/833: $18\NoRead[0:0]
    97/833: $62\Set_BusB_To[3:0] [3]
    98/833: $62\Set_BusB_To[3:0] [0]
    99/833: $62\Set_BusB_To[3:0] [2:1]
   100/833: $61\Set_BusB_To[3:0] [3]
   101/833: $61\Set_BusB_To[3:0] [0]
   102/833: $61\Set_BusB_To[3:0] [2:1]
   103/833: $38\TStates[2:0]
   104/833: $60\Set_BusB_To[3:0]
   105/833: $40\Set_BusA_To[2:0]
   106/833: $26\Save_ALU[0:0]
   107/833: $39\Read_To_Reg[0:0]
   108/833: $26\ALU_Op[3:0]
   109/833: $17\NoRead[0:0]
   110/833: $45\Set_BusA_To[2:0]
   111/833: $23\IncDec_16[3:0]
   112/833: $68\Set_Addr_To[2:0]
   113/833: $16\NoRead[0:0]
   114/833: $37\TStates[2:0]
   115/833: $3\I_BC[0:0]
   116/833: $8\PreserveC[0:0]
   117/833: $25\Save_ALU[0:0]
   118/833: $25\ALU_Op[3:0]
   119/833: $39\Set_BusA_To[2:0]
   120/833: $59\Set_BusB_To[3:0]
   121/833: $22\IncDec_16[3:0]
   122/833: $21\IncDec_16[3:0]
   123/833: $20\IncDec_16[3:0]
   124/833: $67\Set_Addr_To[2:0]
   125/833: $45\Write[0:0]
   126/833: $15\NoRead[0:0]
   127/833: $36\TStates[2:0]
   128/833: $3\I_BT[0:0]
   129/833: $24\ALU_Op[3:0]
   130/833: $38\Set_BusA_To[2:0]
   131/833: $58\Set_BusB_To[3:0]
   132/833: $54\Set_BusB_To[3:0] [2:0]
   133/833: $24\IncDec_16[3:0]
   134/833: $57\Set_BusB_To[3:0] [2:1]
   135/833: $57\Set_BusB_To[3:0] [0]
   136/833: $56\Set_BusB_To[3:0] [3]
   137/833: $56\Set_BusB_To[3:0] [2:1]
   138/833: $56\Set_BusB_To[3:0] [0]
   139/833: $30\LDZ[0:0]
   140/833: $49\Inc_PC[0:0]
   141/833: $44\Write[0:0]
   142/833: $15\LDW[0:0]
   143/833: $66\Set_Addr_To[2:0]
   144/833: $55\Set_BusB_To[3:0]
   145/833: $12\Inc_WZ[0:0]
   146/833: $37\Set_BusA_To[3:0] [2:1]
   147/833: $37\Set_BusA_To[3:0] [0]
   148/833: $37\Set_BusA_To[3:0] [3]
   149/833: $36\Set_BusA_To[3:0] [2:1]
   150/833: $36\Set_BusA_To[3:0] [0]
   151/833: $36\Set_BusA_To[3:0] [3]
   152/833: $29\LDZ[0:0]
   153/833: $48\Inc_PC[0:0]
   154/833: $14\LDW[0:0]
   155/833: $65\Set_Addr_To[2:0]
   156/833: $35\Set_BusA_To[3:0]
   157/833: $38\Read_To_Reg[0:0]
   158/833: $11\Inc_WZ[0:0]
   159/833: $35\TStates[2:0]
   160/833: $2\Special_LD[2:0]
   161/833: $43\Write[0:0]
   162/833: $14\NoRead[0:0]
   163/833: $11\IORQ[0:0]
   164/833: $35\MCycles[2:0]
   165/833: $2\IMode[1:0]
   166/833: $2\I_INRC[0:0]
   167/833: $2\I_RRD[0:0]
   168/833: $2\I_RLD[0:0]
   169/833: $2\I_BTR[0:0]
   170/833: $2\I_BC[0:0]
   171/833: $2\I_BT[0:0]
   172/833: $2\I_RETN[0:0]
   173/833: $13\LDW[0:0]
   174/833: $28\LDZ[0:0]
   175/833: $13\Jump[0:0]
   176/833: $64\Set_Addr_To[2:0]
   177/833: $7\PreserveC[0:0]
   178/833: $24\Save_ALU[0:0]
   179/833: $23\ALU_Op[3:0]
   180/833: $57\Set_BusB_To[3:0] [3]
   181/833: $65\Set_BusB_To[3:0] [3]
   182/833: $37\Read_To_Reg[0:0]
   183/833: $16\Read_To_Acc[0:0]
   184/833: $19\IncDec_16[3:0]
   185/833: $10\Inc_WZ[0:0]
   186/833: $47\Inc_PC[0:0]
   187/833: $1\Set_BusA_To[3:0] [3]
   188/833: $42\Write[0:0]
   189/833: $34\TStates[2:0]
   190/833: $23\Save_ALU[0:0]
   191/833: $22\ALU_Op[3:0]
   192/833: $36\Read_To_Reg[0:0]
   193/833: $22\Save_ALU[0:0]
   194/833: $35\Read_To_Reg[0:0]
   195/833: $21\ALU_Op[3:0]
   196/833: $62\Set_Addr_To[2:0]
   197/833: $41\Write[0:0]
   198/833: $33\TStates[2:0]
   199/833: $21\Save_ALU[0:0]
   200/833: $20\ALU_Op[3:0]
   201/833: $34\Read_To_Reg[0:0]
   202/833: $20\Save_ALU[0:0]
   203/833: $33\Read_To_Reg[0:0]
   204/833: $19\ALU_Op[3:0]
   205/833: $61\Set_Addr_To[2:0]
   206/833: $32\TStates[2:0]
   207/833: $18\ALU_Op[3:0]
   208/833: $17\ALU_Op[3:0]
   209/833: $53\Set_BusB_To[2:0]
   210/833: $60\Set_Addr_To[2:0]
   211/833: $40\Write[0:0]
   212/833: $31\TStates[2:0]
   213/833: $19\Save_ALU[0:0]
   214/833: $16\ALU_Op[3:0]
   215/833: $32\Read_To_Reg[0:0]
   216/833: $18\Save_ALU[0:0]
   217/833: $31\Read_To_Reg[0:0]
   218/833: $15\ALU_Op[3:0]
   219/833: $17\Save_ALU[0:0]
   220/833: $14\ALU_Op[3:0]
   221/833: $30\Read_To_Reg[0:0]
   222/833: $39\Write[0:0]
   223/833: $30\TStates[2:0]
   224/833: $34\MCycles[2:0]
   225/833: $59\Set_Addr_To[2:0]
   226/833: $52\Set_BusB_To[2:0]
   227/833: $1\Set_BusA_To[3:0] [2:0]
   228/833: $1\Set_BusB_To[3:0] [3]
   229/833: $63\Set_Addr_To[2:0]
   230/833: $2\Set_BusA_To[3:0] [3]
   231/833: $2\Set_BusA_To[3:0] [2:0]
   232/833: $2\Set_BusB_To[3:0] [3]
   233/833: $58\Set_Addr_To[2:0]
   234/833: $46\Inc_PC[0:0]
   235/833: $38\Write[0:0]
   236/833: $10\IORQ[0:0]
   237/833: $37\Write[0:0]
   238/833: $9\IORQ[0:0]
   239/833: $57\Set_Addr_To[2:0]
   240/833: $50\Set_BusB_To[3:0]
   241/833: $45\Inc_PC[0:0]
   242/833: $33\MCycles[2:0]
   243/833: $2\IncDec_16[3:0] [1:0]
   244/833: $44\Inc_PC[0:0]
   245/833: $8\IORQ[0:0]
   246/833: $15\Read_To_Acc[0:0]
   247/833: $7\IORQ[0:0]
   248/833: $55\Set_Addr_To[2:0]
   249/833: $14\Read_To_Acc[0:0]
   250/833: $43\Inc_PC[0:0]
   251/833: $32\MCycles[2:0]
   252/833: $2\IncDec_16[3:0] [3:2]
   253/833: $54\Set_Addr_To[2:0]
   254/833: $18\IncDec_16[3:0]
   255/833: $29\TStates[2:0]
   256/833: $36\Write[0:0]
   257/833: $3\RstP[0:0]
   258/833: $2\Set_BusB_To[3:0] [2:0]
   259/833: $31\MCycles[2:0]
   260/833: $6\is_cc_true$func$/home/toshn/slacksmith_work/depth_tv80/run3/gates/O1/gold.v:3715$505.$result[0:0]$600
   261/833: $5\is_cc_true$func$/home/toshn/slacksmith_work/depth_tv80/run3/gates/O1/gold.v:3715$505.$result[0:0]$599
   262/833: $28\TStates[2:0]
   263/833: $30\MCycles[2:0]
   264/833: $52\Set_Addr_To[2:0]
   265/833: $4\is_cc_true$func$/home/toshn/slacksmith_work/depth_tv80/run3/gates/O1/gold.v:3715$505.$result[0:0]$596
   266/833: $4\is_cc_true$func$/home/toshn/slacksmith_work/depth_tv80/run3/gates/O1/gold.v:3715$505.cc[2:0]$598
   267/833: $4\is_cc_true$func$/home/toshn/slacksmith_work/depth_tv80/run3/gates/O1/gold.v:3715$505.FF[7:0]$597
   268/833: $27\LDZ[0:0]
   269/833: $12\Jump[0:0]
   270/833: $17\IncDec_16[3:0]
   271/833: $26\LDZ[0:0]
   272/833: $42\Inc_PC[0:0]
   273/833: $12\LDW[0:0]
   274/833: $51\Set_Addr_To[2:0]
   275/833: $33\Set_BusA_To[2:0]
   276/833: $29\Read_To_Reg[0:0]
   277/833: $9\Inc_WZ[0:0]
   278/833: $31\Set_BusA_To[3:0] [3]
   279/833: $31\Set_BusA_To[3:0] [2:0]
   280/833: $41\Inc_PC[0:0]
   281/833: $13\Read_To_Acc[0:0]
   282/833: $48\Set_BusB_To[3:0]
   283/833: $32\Set_BusA_To[3:0]
   284/833: $16\Save_ALU[0:0]
   285/833: $28\Read_To_Reg[0:0]
   286/833: $40\Inc_PC[0:0]
   287/833: $13\ALU_Op[3:0]
   288/833: $13\NoRead[0:0]
   289/833: $47\Set_BusB_To[3:0]
   290/833: $49\Set_Addr_To[2:0]
   291/833: $39\Inc_PC[0:0]
   292/833: $35\Write[0:0]
   293/833: $34\Write[0:0]
   294/833: $48\Set_Addr_To[2:0]
   295/833: $46\Set_BusB_To[3:0]
   296/833: $38\Inc_PC[0:0]
   297/833: $29\MCycles[2:0]
   298/833: $12\NoRead[0:0]
   299/833: $11\LDW[0:0]
   300/833: $25\LDZ[0:0]
   301/833: $15\Save_ALU[0:0]
   302/833: $12\ALU_Op[3:0]
   303/833: $50\Set_Addr_To[2:0]
   304/833: $27\Read_To_Reg[0:0]
   305/833: $12\Read_To_Acc[0:0]
   306/833: $8\Inc_WZ[0:0]
   307/833: $33\Write[0:0]
   308/833: $11\NoRead[0:0]
   309/833: $28\MCycles[2:0]
   310/833: $10\LDW[0:0]
   311/833: $24\LDZ[0:0]
   312/833: $47\Set_Addr_To[2:0]
   313/833: $14\Save_ALU[0:0]
   314/833: $11\ALU_Op[3:0]
   315/833: $30\Set_BusA_To[3:0]
   316/833: $45\Set_BusB_To[3:0]
   317/833: $26\Read_To_Reg[0:0]
   318/833: $11\Read_To_Acc[0:0]
   319/833: $7\Inc_WZ[0:0]
   320/833: $37\Inc_PC[0:0]
   321/833: $3\is_cc_true$func$/home/toshn/slacksmith_work/depth_tv80/run3/gates/O1/gold.v:3715$505.cc[2:0]$595
   322/833: $3\is_cc_true$func$/home/toshn/slacksmith_work/depth_tv80/run3/gates/O1/gold.v:3715$505.FF[7:0]$594
   323/833: $3\is_cc_true$func$/home/toshn/slacksmith_work/depth_tv80/run3/gates/O1/gold.v:3715$505.$result[0:0]$593
   324/833: $27\TStates[2:0]
   325/833: $11\Jump[0:0]
   326/833: $16\IncDec_16[3:0]
   327/833: $4\Prefix[1:0]
   328/833: $23\LDZ[0:0]
   329/833: $10\Jump[0:0]
   330/833: $15\IncDec_16[3:0]
   331/833: $3\Prefix[1:0]
   332/833: $26\TStates[2:0]
   333/833: $45\Set_Addr_To[2:0]
   334/833: $14\IncDec_16[3:0]
   335/833: $27\MCycles[2:0]
   336/833: $6\is_cc_true$func$/home/toshn/slacksmith_work/depth_tv80/run3/gates/O1/gold.v:3541$504.$result[0:0]$582
   337/833: $5\is_cc_true$func$/home/toshn/slacksmith_work/depth_tv80/run3/gates/O1/gold.v:3541$504.$result[0:0]$581
   338/833: $22\LDZ[0:0]
   339/833: $36\Inc_PC[0:0]
   340/833: $4\is_cc_true$func$/home/toshn/slacksmith_work/depth_tv80/run3/gates/O1/gold.v:3541$504.cc[2:0]$580
   341/833: $4\is_cc_true$func$/home/toshn/slacksmith_work/depth_tv80/run3/gates/O1/gold.v:3541$504.FF[7:0]$579
   342/833: $4\is_cc_true$func$/home/toshn/slacksmith_work/depth_tv80/run3/gates/O1/gold.v:3541$504.$result[0:0]$578
   343/833: $32\Write[0:0]
   344/833: $25\TStates[2:0]
   345/833: $26\MCycles[2:0]
   346/833: $9\LDW[0:0]
   347/833: $5\Call[0:0]
   348/833: $44\Set_Addr_To[2:0]
   349/833: $43\Set_BusB_To[3:0]
   350/833: $13\IncDec_16[3:0]
   351/833: $3\is_cc_true$func$/home/toshn/slacksmith_work/depth_tv80/run3/gates/O1/gold.v:3541$504.cc[2:0]$577
   352/833: $3\is_cc_true$func$/home/toshn/slacksmith_work/depth_tv80/run3/gates/O1/gold.v:3541$504.FF[7:0]$576
   353/833: $3\is_cc_true$func$/home/toshn/slacksmith_work/depth_tv80/run3/gates/O1/gold.v:3541$504.$result[0:0]$575
   354/833: $31\Write[0:0]
   355/833: $24\TStates[2:0]
   356/833: $25\MCycles[2:0]
   357/833: $8\LDW[0:0]
   358/833: $21\LDZ[0:0]
   359/833: $4\Call[0:0]
   360/833: $43\Set_Addr_To[2:0]
   361/833: $42\Set_BusB_To[3:0]
   362/833: $12\IncDec_16[3:0]
   363/833: $35\Inc_PC[0:0]
   364/833: $49\Set_BusB_To[3:0]
   365/833: $34\Inc_PC[0:0]
   366/833: $30\Write[0:0]
   367/833: $23\TStates[2:0]
   368/833: $7\LDW[0:0]
   369/833: $3\Call[0:0]
   370/833: $42\Set_Addr_To[2:0]
   371/833: $41\Set_BusB_To[3:0]
   372/833: $11\IncDec_16[3:0]
   373/833: $44\Set_BusB_To[3:0]
   374/833: $13\Save_ALU[0:0]
   375/833: $25\Read_To_Reg[0:0]
   376/833: $29\Set_BusA_To[2:0]
   377/833: $40\Set_BusB_To[3:0]
   378/833: $5\I_DJNZ[0:0]
   379/833: $22\TStates[2:0]
   380/833: $10\NoRead[0:0]
   381/833: $9\JumpE[0:0]
   382/833: $33\Inc_PC[0:0]
   383/833: $9\NoRead[0:0]
   384/833: $21\TStates[2:0]
   385/833: $4\I_DJNZ[0:0]
   386/833: $8\JumpE[0:0]
   387/833: $12\Save_ALU[0:0]
   388/833: $9\ALU_Op[3:0]
   389/833: $28\Set_BusA_To[2:0]
   390/833: $39\Set_BusB_To[3:0]
   391/833: $24\Read_To_Reg[0:0]
   392/833: $32\Inc_PC[0:0]
   393/833: $24\MCycles[2:0]
   394/833: $8\NoRead[0:0]
   395/833: $20\TStates[2:0]
   396/833: $23\MCycles[2:0]
   397/833: $3\I_DJNZ[0:0]
   398/833: $7\JumpE[0:0]
   399/833: $11\Save_ALU[0:0]
   400/833: $8\ALU_Op[3:0]
   401/833: $27\Set_BusA_To[2:0]
   402/833: $38\Set_BusB_To[3:0]
   403/833: $23\Read_To_Reg[0:0]
   404/833: $31\Inc_PC[0:0]
   405/833: $46\Set_Addr_To[2:0]
   406/833: $21\MCycles[2:0]
   407/833: $30\Inc_PC[0:0]
   408/833: $7\NoRead[0:0]
   409/833: $19\TStates[2:0]
   410/833: $6\JumpE[0:0]
   411/833: $6\NoRead[0:0]
   412/833: $18\TStates[2:0]
   413/833: $20\MCycles[2:0]
   414/833: $5\JumpE[0:0]
   415/833: $29\Inc_PC[0:0]
   416/833: $10\ALU_Op[3:0]
   417/833: $5\NoRead[0:0]
   418/833: $17\TStates[2:0]
   419/833: $4\JumpE[0:0]
   420/833: $4\NoRead[0:0]
   421/833: $16\TStates[2:0]
   422/833: $3\JumpE[0:0]
   423/833: $27\Inc_PC[0:0]
   424/833: $19\MCycles[2:0]
   425/833: $53\Set_Addr_To[2:0]
   426/833: $6\is_cc_true$func$/home/toshn/slacksmith_work/depth_tv80/run3/gates/O1/gold.v:3386$503.$result[0:0]$558
   427/833: $5\is_cc_true$func$/home/toshn/slacksmith_work/depth_tv80/run3/gates/O1/gold.v:3386$503.$result[0:0]$557
   428/833: $19\LDZ[0:0]
   429/833: $26\Inc_PC[0:0]
   430/833: $4\is_cc_true$func$/home/toshn/slacksmith_work/depth_tv80/run3/gates/O1/gold.v:3386$503.cc[2:0]$556
   431/833: $4\is_cc_true$func$/home/toshn/slacksmith_work/depth_tv80/run3/gates/O1/gold.v:3386$503.FF[7:0]$555
   432/833: $4\is_cc_true$func$/home/toshn/slacksmith_work/depth_tv80/run3/gates/O1/gold.v:3386$503.$result[0:0]$554
   433/833: $8\Jump[0:0]
   434/833: $18\LDZ[0:0]
   435/833: $25\Inc_PC[0:0]
   436/833: $41\Set_Addr_To[2:0]
   437/833: $10\Read_To_Acc[0:0]
   438/833: $40\Set_Addr_To[2:0]
   439/833: $6\IORQ[0:0]
   440/833: $9\Read_To_Acc[0:0]
   441/833: $17\LDZ[0:0]
   442/833: $24\Inc_PC[0:0]
   443/833: $29\Write[0:0]
   444/833: $39\Set_Addr_To[2:0]
   445/833: $37\Set_BusB_To[3:0]
   446/833: $36\Set_BusB_To[3:0]
   447/833: $38\Set_Addr_To[2:0]
   448/833: $28\Write[0:0]
   449/833: $5\IORQ[0:0]
   450/833: $27\Write[0:0]
   451/833: $4\IORQ[0:0]
   452/833: $37\Set_Addr_To[2:0]
   453/833: $35\Set_BusB_To[3:0]
   454/833: $18\MCycles[2:0]
   455/833: $16\LDZ[0:0]
   456/833: $8\Read_To_Acc[0:0]
   457/833: $23\Inc_PC[0:0]
   458/833: $26\Write[0:0]
   459/833: $3\IORQ[0:0]
   460/833: $17\MCycles[2:0]
   461/833: $15\LDZ[0:0]
   462/833: $36\Set_Addr_To[2:0]
   463/833: $34\Set_BusB_To[3:0]
   464/833: $7\Read_To_Acc[0:0]
   465/833: $22\Inc_PC[0:0]
   466/833: $3\is_cc_true$func$/home/toshn/slacksmith_work/depth_tv80/run3/gates/O1/gold.v:3386$503.cc[2:0]$553
   467/833: $3\is_cc_true$func$/home/toshn/slacksmith_work/depth_tv80/run3/gates/O1/gold.v:3386$503.FF[7:0]$552
   468/833: $3\is_cc_true$func$/home/toshn/slacksmith_work/depth_tv80/run3/gates/O1/gold.v:3386$503.$result[0:0]$551
   469/833: $7\Jump[0:0]
   470/833: $20\LDZ[0:0]
   471/833: $21\Inc_PC[0:0]
   472/833: $14\LDZ[0:0]
   473/833: $20\Inc_PC[0:0]
   474/833: $56\Set_Addr_To[2:0]
   475/833: $28\Inc_PC[0:0]
   476/833: $33\Set_BusB_To[3:0] [0]
   477/833: $33\Set_BusB_To[3:0] [2:1]
   478/833: $32\Set_BusB_To[3:0] [3]
   479/833: $32\Set_BusB_To[3:0] [0]
   480/833: $32\Set_BusB_To[3:0] [2:1]
   481/833: $3\Arith16[0:0]
   482/833: $15\TStates[2:0]
   483/833: $31\Set_BusB_To[3:0]
   484/833: $26\Set_BusA_To[2:0]
   485/833: $10\Save_ALU[0:0]
   486/833: $22\Read_To_Reg[0:0]
   487/833: $7\ALU_Op[3:0]
   488/833: $3\NoRead[0:0]
   489/833: $51\Set_BusB_To[3:0]
   490/833: $35\Set_Addr_To[2:0]
   491/833: $10\IncDec_16[3:0]
   492/833: $14\TStates[2:0]
   493/833: $13\LDZ[0:0]
   494/833: $25\Write[0:0]
   495/833: $5\Jump[0:0]
   496/833: $19\Inc_PC[0:0]
   497/833: $24\Write[0:0]
   498/833: $13\TStates[2:0]
   499/833: $12\LDZ[0:0]
   500/833: $4\Jump[0:0]
   501/833: $34\Set_Addr_To[2:0]
   502/833: $29\Set_BusB_To[3:0]
   503/833: $9\IncDec_16[3:0]
   504/833: $18\Inc_PC[0:0]
   505/833: $16\MCycles[2:0]
   506/833: $28\Set_BusB_To[3:0]
   507/833: $33\Set_Addr_To[2:0]
   508/833: $8\IncDec_16[3:0]
   509/833: $12\TStates[2:0]
   510/833: $23\Write[0:0]
   511/833: $22\Write[0:0]
   512/833: $11\TStates[2:0]
   513/833: $32\Set_Addr_To[2:0]
   514/833: $27\Set_BusB_To[3:0]
   515/833: $7\IncDec_16[3:0]
   516/833: $15\MCycles[2:0]
   517/833: $11\LDZ[0:0]
   518/833: $3\Jump[0:0]
   519/833: $17\Inc_PC[0:0]
   520/833: $6\Jump[0:0]
   521/833: $21\Write[0:0]
   522/833: $10\TStates[2:0]
   523/833: $6\PreserveC[0:0]
   524/833: $9\Save_ALU[0:0]
   525/833: $6\ALU_Op[3:0]
   526/833: $25\Set_BusA_To[2:0]
   527/833: $26\Set_BusB_To[3:0]
   528/833: $21\Read_To_Reg[0:0]
   529/833: $20\Write[0:0]
   530/833: $9\TStates[2:0]
   531/833: $30\Set_Addr_To[2:0]
   532/833: $5\PreserveC[0:0]
   533/833: $8\Save_ALU[0:0]
   534/833: $5\ALU_Op[3:0]
   535/833: $24\Set_BusA_To[2:0]
   536/833: $25\Set_BusB_To[3:0]
   537/833: $20\Read_To_Reg[0:0]
   538/833: $14\MCycles[2:0]
   539/833: $30\Set_BusB_To[3:0]
   540/833: $19\Write[0:0]
   541/833: $8\TStates[2:0]
   542/833: $4\PreserveC[0:0]
   543/833: $7\Save_ALU[0:0]
   544/833: $4\ALU_Op[3:0]
   545/833: $23\Set_BusA_To[2:0]
   546/833: $24\Set_BusB_To[3:0]
   547/833: $19\Read_To_Reg[0:0]
   548/833: $18\Write[0:0]
   549/833: $7\TStates[2:0]
   550/833: $28\Set_Addr_To[2:0]
   551/833: $3\PreserveC[0:0]
   552/833: $6\Save_ALU[0:0]
   553/833: $3\ALU_Op[3:0]
   554/833: $22\Set_BusA_To[2:0]
   555/833: $23\Set_BusB_To[3:0]
   556/833: $18\Read_To_Reg[0:0]
   557/833: $13\MCycles[2:0]
   558/833: $31\Set_Addr_To[2:0]
   559/833: $22\Set_BusB_To[2:0]
   560/833: $5\Save_ALU[0:0]
   561/833: $17\Read_To_Reg[0:0]
   562/833: $16\Inc_PC[0:0]
   563/833: $27\Set_Addr_To[2:0]
   564/833: $4\Save_ALU[0:0]
   565/833: $20\Set_BusA_To[2:0]
   566/833: $21\Set_BusB_To[2:0]
   567/833: $16\Read_To_Reg[0:0]
   568/833: $26\Set_Addr_To[2:0]
   569/833: $3\Save_ALU[0:0]
   570/833: $19\Set_BusA_To[2:0]
   571/833: $20\Set_BusB_To[2:0]
   572/833: $15\Read_To_Reg[0:0]
   573/833: $12\MCycles[2:0]
   574/833: $29\Set_Addr_To[2:0]
   575/833: $21\Set_BusA_To[2:0]
   576/833: $17\Write[0:0]
   577/833: $6\TStates[2:0]
   578/833: $18\Set_BusA_To[3:0]
   579/833: $19\Set_BusB_To[3:0]
   580/833: $14\Read_To_Reg[0:0]
   581/833: $6\IncDec_16[3:0]
   582/833: $16\Write[0:0]
   583/833: $5\TStates[2:0]
   584/833: $24\Set_Addr_To[2:0]
   585/833: $17\Set_BusA_To[3:0]
   586/833: $18\Set_BusB_To[3:0]
   587/833: $13\Read_To_Reg[0:0]
   588/833: $5\IncDec_16[3:0]
   589/833: $11\MCycles[2:0]
   590/833: $33\Set_BusB_To[3:0] [3]
   591/833: $3\ExchangeRS[0:0]
   592/833: $9\Jump[0:0]
   593/833: $3\ExchangeAF[0:0]
   594/833: $4\ExchangeRS[0:0]
   595/833: $4\ExchangeAF[0:0]
   596/833: $16\Set_BusA_To[3:0] [0]
   597/833: $16\Set_BusA_To[3:0] [3]
   598/833: $15\Set_BusA_To[3:0] [2:1]
   599/833: $15\Set_BusA_To[3:0] [0]
   600/833: $15\Set_BusA_To[3:0] [3]
   601/833: $23\Set_Addr_To[2:0]
   602/833: $14\Set_BusA_To[3:0]
   603/833: $12\Read_To_Reg[0:0]
   604/833: $4\IncDec_16[3:0]
   605/833: $3\ExchangeDH[0:0]
   606/833: $17\Set_BusB_To[3:0] [2:1]
   607/833: $17\Set_BusB_To[3:0] [0]
   608/833: $16\Set_BusB_To[3:0] [3]
   609/833: $16\Set_BusB_To[3:0] [2:1]
   610/833: $16\Set_BusB_To[3:0] [0]
   611/833: $15\Set_BusB_To[3:0]
   612/833: $22\Set_Addr_To[2:0]
   613/833: $3\IncDec_16[3:0]
   614/833: $4\TStates[2:0]
   615/833: $15\Write[0:0]
   616/833: $16\Set_BusA_To[3:0] [2:1]
   617/833: $15\Inc_PC[0:0]
   618/833: $14\Write[0:0]
   619/833: $6\LDW[0:0]
   620/833: $21\Set_Addr_To[2:0]
   621/833: $14\Set_BusB_To[3:0]
   622/833: $6\Inc_WZ[0:0]
   623/833: $13\Write[0:0]
   624/833: $5\LDW[0:0]
   625/833: $9\LDZ[0:0]
   626/833: $20\Set_Addr_To[2:0]
   627/833: $13\Set_BusB_To[3:0]
   628/833: $5\Inc_WZ[0:0]
   629/833: $14\Inc_PC[0:0]
   630/833: $10\MCycles[2:0]
   631/833: $17\Set_BusB_To[3:0] [3]
   632/833: $13\Inc_PC[0:0]
   633/833: $4\LDW[0:0]
   634/833: $19\Set_Addr_To[2:0]
   635/833: $13\Set_BusA_To[2:0]
   636/833: $11\Read_To_Reg[0:0]
   637/833: $4\Inc_WZ[0:0]
   638/833: $3\LDW[0:0]
   639/833: $7\LDZ[0:0]
   640/833: $18\Set_Addr_To[2:0]
   641/833: $12\Set_BusA_To[2:0]
   642/833: $10\Read_To_Reg[0:0]
   643/833: $3\Inc_WZ[0:0]
   644/833: $12\Inc_PC[0:0]
   645/833: $9\MCycles[2:0]
   646/833: $11\Set_BusA_To[3:0] [2:1]
   647/833: $11\Set_BusA_To[3:0] [0]
   648/833: $11\Set_BusA_To[3:0] [3]
   649/833: $10\Set_BusA_To[3:0] [2:1]
   650/833: $10\Set_BusA_To[3:0] [0]
   651/833: $10\Set_BusA_To[3:0] [3]
   652/833: $9\Set_BusA_To[3:0]
   653/833: $9\Read_To_Reg[0:0]
   654/833: $11\Inc_PC[0:0]
   655/833: $10\LDZ[0:0]
   656/833: $10\Inc_PC[0:0]
   657/833: $12\Write[0:0]
   658/833: $17\Set_Addr_To[2:0]
   659/833: $12\Set_BusB_To[3:0]
   660/833: $11\Write[0:0]
   661/833: $5\LDZ[0:0]
   662/833: $16\Set_Addr_To[2:0]
   663/833: $11\Set_BusB_To[3:0]
   664/833: $9\Inc_PC[0:0]
   665/833: $8\MCycles[2:0]
   666/833: $8\LDZ[0:0]
   667/833: $15\Set_Addr_To[2:0]
   668/833: $10\Write[0:0]
   669/833: $6\LDZ[0:0]
   670/833: $9\Set_BusB_To[3:0]
   671/833: $14\Set_Addr_To[2:0]
   672/833: $10\Set_BusB_To[3:0]
   673/833: $8\Inc_PC[0:0]
   674/833: $13\Set_Addr_To[2:0]
   675/833: $4\LDZ[0:0]
   676/833: $7\Inc_PC[0:0]
   677/833: $5\Read_To_Acc[0:0]
   678/833: $12\Set_Addr_To[2:0]
   679/833: $6\Inc_PC[0:0]
   680/833: $3\LDZ[0:0]
   681/833: $7\MCycles[2:0]
   682/833: $9\Write[0:0]
   683/833: $11\Set_Addr_To[2:0]
   684/833: $6\Read_To_Acc[0:0]
   685/833: $10\Set_Addr_To[2:0]
   686/833: $4\Read_To_Acc[0:0]
   687/833: $8\Set_BusA_To[2:0]
   688/833: $5\Inc_PC[0:0]
   689/833: $8\Write[0:0]
   690/833: $8\Set_BusB_To[3:0] [3]
   691/833: $8\Set_BusB_To[3:0] [2:0]
   692/833: $9\Set_Addr_To[2:0]
   693/833: $4\Inc_PC[0:0]
   694/833: $7\Write[0:0]
   695/833: $8\Set_Addr_To[2:0]
   696/833: $7\Set_BusB_To[3:0]
   697/833: $3\Inc_PC[0:0]
   698/833: $6\MCycles[2:0]
   699/833: $7\Set_BusA_To[2:0]
   700/833: $7\Read_To_Reg[0:0]
   701/833: $5\Set_BusB_To[3:0] [3]
   702/833: $5\Set_BusB_To[3:0] [2:0]
   703/833: $6\Set_BusB_To[3:0] [3]
   704/833: $6\Set_BusB_To[3:0] [2:0]
   705/833: $7\Set_Addr_To[2:0]
   706/833: $5\Write[0:0]
   707/833: $6\Set_Addr_To[2:0]
   708/833: $6\Write[0:0]
   709/833: $5\MCycles[2:0]
   710/833: $5\ExchangeRp[0:0]
   711/833: $6\Set_BusA_To[2:0]
   712/833: $6\Read_To_Reg[0:0]
   713/833: $5\Read_To_Reg[0:0]
   714/833: $5\Set_BusA_To[2:0]
   715/833: $5\Set_Addr_To[2:0]
   716/833: $4\Set_BusA_To[2:0]
   717/833: $4\Read_To_Reg[0:0]
   718/833: $4\Set_Addr_To[2:0]
   719/833: $4\MCycles[2:0]
   720/833: $4\Write[0:0]
   721/833: $4\ExchangeRp[0:0]
   722/833: $4\Set_BusB_To[3:0]
   723/833: $3\Halt[0:0]
   724/833: $3\Write[0:0]
   725/833: $3\MCycles[2:0]
   726/833: $3\ExchangeRp[0:0]
   727/833: $3\Set_Addr_To[2:0]
   728/833: $3\Set_BusA_To[2:0]
   729/833: $3\Set_BusB_To[3:0]
   730/833: $3\Read_To_Reg[0:0]
   731/833: $2\Write[0:0]
   732/833: $2\MCycles[2:0]
   733/833: $2\Halt[0:0]
   734/833: $2\ExchangeRp[0:0]
   735/833: $2\Set_Addr_To[2:0]
   736/833: $8\Read_To_Reg[0:0]
   737/833: $25\Set_Addr_To[2:0]
   738/833: $2\Read_To_Reg[0:0]
   739/833: $2\is_cc_true$func$/home/toshn/slacksmith_work/depth_tv80/run3/gates/O1/gold.v:3715$505.cc[2:0]$533
   740/833: $2\is_cc_true$func$/home/toshn/slacksmith_work/depth_tv80/run3/gates/O1/gold.v:3715$505.FF[7:0]$532
   741/833: $2\is_cc_true$func$/home/toshn/slacksmith_work/depth_tv80/run3/gates/O1/gold.v:3715$505.$result[0:0]$531
   742/833: $2\is_cc_true$func$/home/toshn/slacksmith_work/depth_tv80/run3/gates/O1/gold.v:3541$504.cc[2:0]$530
   743/833: $2\is_cc_true$func$/home/toshn/slacksmith_work/depth_tv80/run3/gates/O1/gold.v:3541$504.FF[7:0]$529
   744/833: $2\is_cc_true$func$/home/toshn/slacksmith_work/depth_tv80/run3/gates/O1/gold.v:3541$504.$result[0:0]$528
   745/833: $2\is_cc_true$func$/home/toshn/slacksmith_work/depth_tv80/run3/gates/O1/gold.v:3386$503.cc[2:0]$527
   746/833: $2\is_cc_true$func$/home/toshn/slacksmith_work/depth_tv80/run3/gates/O1/gold.v:3386$503.FF[7:0]$526
   747/833: $2\is_cc_true$func$/home/toshn/slacksmith_work/depth_tv80/run3/gates/O1/gold.v:3386$503.$result[0:0]$525
   748/833: $2\NoRead[0:0]
   749/833: $2\IORQ[0:0]
   750/833: $3\TStates[2:0]
   751/833: $2\SetEI[0:0]
   752/833: $2\SetDI[0:0]
   753/833: $2\I_SCF[0:0]
   754/833: $2\I_CCF[0:0]
   755/833: $2\I_CPL[0:0]
   756/833: $2\I_DJNZ[0:0]
   757/833: $2\ExchangeRS[0:0]
   758/833: $2\ExchangeAF[0:0]
   759/833: $2\ExchangeDH[0:0]
   760/833: $2\LDSPHL[0:0]
   761/833: $2\LDW[0:0]
   762/833: $2\LDZ[0:0]
   763/833: $2\RstP[0:0]
   764/833: $2\Call[0:0]
   765/833: $2\JumpXY[0:0]
   766/833: $2\JumpE[0:0]
   767/833: $2\Jump[0:0]
   768/833: $2\Arith16[0:0]
   769/833: $2\PreserveC[0:0]
   770/833: $2\Save_ALU[0:0]
   771/833: $2\ALU_Op[3:0]
   772/833: $3\Read_To_Acc[0:0]
   773/833: $2\Read_To_Acc[0:0]
   774/833: $2\Prefix[1:0]
   775/833: $22\MCycles[2:0]
   776/833: $2\Inc_WZ[0:0]
   777/833: $2\Inc_PC[0:0]
   778/833: $1\is_cc_true$func$/home/toshn/slacksmith_work/depth_tv80/run3/gates/O1/gold.v:3715$505.cc[2:0]$524
   779/833: $1\is_cc_true$func$/home/toshn/slacksmith_work/depth_tv80/run3/gates/O1/gold.v:3715$505.FF[7:0]$523
   780/833: $1\is_cc_true$func$/home/toshn/slacksmith_work/depth_tv80/run3/gates/O1/gold.v:3715$505.$result[0:0]$522
   781/833: $1\is_cc_true$func$/home/toshn/slacksmith_work/depth_tv80/run3/gates/O1/gold.v:3541$504.cc[2:0]$521
   782/833: $1\is_cc_true$func$/home/toshn/slacksmith_work/depth_tv80/run3/gates/O1/gold.v:3541$504.FF[7:0]$520
   783/833: $1\is_cc_true$func$/home/toshn/slacksmith_work/depth_tv80/run3/gates/O1/gold.v:3541$504.$result[0:0]$519
   784/833: $1\is_cc_true$func$/home/toshn/slacksmith_work/depth_tv80/run3/gates/O1/gold.v:3386$503.cc[2:0]$518
   785/833: $1\is_cc_true$func$/home/toshn/slacksmith_work/depth_tv80/run3/gates/O1/gold.v:3386$503.FF[7:0]$517
   786/833: $1\is_cc_true$func$/home/toshn/slacksmith_work/depth_tv80/run3/gates/O1/gold.v:3386$503.$result[0:0]$516
   787/833: $1\Write[0:0]
   788/833: $1\NoRead[0:0]
   789/833: $1\IORQ[0:0]
   790/833: $2\TStates[2:0]
   791/833: $1\MCycles[2:0]
   792/833: $1\Halt[0:0]
   793/833: $1\SetEI[0:0]
   794/833: $1\SetDI[0:0]
   795/833: $1\I_SCF[0:0]
   796/833: $1\I_CCF[0:0]
   797/833: $1\I_CPL[0:0]
   798/833: $1\I_DJNZ[0:0]
   799/833: $1\ExchangeRS[0:0]
   800/833: $1\ExchangeAF[0:0]
   801/833: $1\ExchangeRp[0:0]
   802/833: $1\ExchangeDH[0:0]
   803/833: $1\LDSPHL[0:0]
   804/833: $1\LDW[0:0]
   805/833: $1\LDZ[0:0]
   806/833: $1\RstP[0:0]
   807/833: $1\Call[0:0]
   808/833: $1\JumpXY[0:0]
   809/833: $1\JumpE[0:0]
   810/833: $1\Jump[0:0]
   811/833: $1\Set_Addr_To[2:0]
   812/833: $1\Arith16[0:0]
   813/833: $1\PreserveC[0:0]
   814/833: $1\Save_ALU[0:0]
   815/833: $1\ALU_Op[3:0]
   816/833: $1\Set_BusB_To[3:0] [2:0]
   817/833: $5\Prefix[1:0]
   818/833: $1\Read_To_Reg[0:0]
   819/833: $1\Read_To_Acc[0:0]
   820/833: $1\Prefix[1:0]
   821/833: $1\IncDec_16[3:0]
   822/833: $1\Inc_WZ[0:0]
   823/833: $1\Inc_PC[0:0]
   824/833: $1\IMode[1:0]
   825/833: $1\I_INRC[0:0]
   826/833: $1\I_RRD[0:0]
   827/833: $1\I_RLD[0:0]
   828/833: $1\I_BTR[0:0]
   829/833: $1\I_BC[0:0]
   830/833: $1\I_BT[0:0]
   831/833: $1\I_RETN[0:0]
   832/833: $1\Special_LD[2:0]
   833/833: $1\TStates[2:0]

3.2.8. Executing PROC_DLATCH pass (convert process syncs to latches).
No latch inferred for signal `\tv80_mcode_gold.\Inc_PC' from process `\tv80_mcode_gold.$proc$/home/toshn/slacksmith_work/depth_tv80/run3/gates/O1/gold.v:2299$506'.
No latch inferred for signal `\tv80_mcode_gold.\Inc_WZ' from process `\tv80_mcode_gold.$proc$/home/toshn/slacksmith_work/depth_tv80/run3/gates/O1/gold.v:2299$506'.
No latch inferred for signal `\tv80_mcode_gold.\IncDec_16' from process `\tv80_mcode_gold.$proc$/home/toshn/slacksmith_work/depth_tv80/run3/gates/O1/gold.v:2299$506'.
No latch inferred for signal `\tv80_mcode_gold.\Prefix' from process `\tv80_mcode_gold.$proc$/home/toshn/slacksmith_work/depth_tv80/run3/gates/O1/gold.v:2299$506'.
No latch inferred for signal `\tv80_mcode_gold.\Read_To_Acc' from process `\tv80_mcode_gold.$proc$/home/toshn/slacksmith_work/depth_tv80/run3/gates/O1/gold.v:2299$506'.
No latch inferred for signal `\tv80_mcode_gold.\Read_To_Reg' from process `\tv80_mcode_gold.$proc$/home/toshn/slacksmith_work/depth_tv80/run3/gates/O1/gold.v:2299$506'.
No latch inferred for signal `\tv80_mcode_gold.\Set_BusB_To' from process `\tv80_mcode_gold.$proc$/home/toshn/slacksmith_work/depth_tv80/run3/gates/O1/gold.v:2299$506'.
No latch inferred for signal `\tv80_mcode_gold.\Set_BusA_To' from process `\tv80_mcode_gold.$proc$/home/toshn/slacksmith_work/depth_tv80/run3/gates/O1/gold.v:2299$506'.
No latch inferred for signal `\tv80_mcode_gold.\ALU_Op' from process `\tv80_mcode_gold.$proc$/home/toshn/slacksmith_work/depth_tv80/run3/gates/O1/gold.v:2299$506'.
No latch inferred for signal `\tv80_mcode_gold.\Save_ALU' from process `\tv80_mcode_gold.$proc$/home/toshn/slacksmith_work/depth_tv80/run3/gates/O1/gold.v:2299$506'.
No latch inferred for signal `\tv80_mcode_gold.\PreserveC' from process `\tv80_mcode_gold.$proc$/home/toshn/slacksmith_work/depth_tv80/run3/gates/O1/gold.v:2299$506'.
No latch inferred for signal `\tv80_mcode_gold.\Arith16' from process `\tv80_mcode_gold.$proc$/home/toshn/slacksmith_work/depth_tv80/run3/gates/O1/gold.v:2299$506'.
No latch inferred for signal `\tv80_mcode_gold.\Set_Addr_To' from process `\tv80_mcode_gold.$proc$/home/toshn/slacksmith_work/depth_tv80/run3/gates/O1/gold.v:2299$506'.
No latch inferred for signal `\tv80_mcode_gold.\Jump' from process `\tv80_mcode_gold.$proc$/home/toshn/slacksmith_work/depth_tv80/run3/gates/O1/gold.v:2299$506'.
No latch inferred for signal `\tv80_mcode_gold.\JumpE' from process `\tv80_mcode_gold.$proc$/home/toshn/slacksmith_work/depth_tv80/run3/gates/O1/gold.v:2299$506'.
No latch inferred for signal `\tv80_mcode_gold.\JumpXY' from process `\tv80_mcode_gold.$proc$/home/toshn/slacksmith_work/depth_tv80/run3/gates/O1/gold.v:2299$506'.
No latch inferred for signal `\tv80_mcode_gold.\Call' from process `\tv80_mcode_gold.$proc$/home/toshn/slacksmith_work/depth_tv80/run3/gates/O1/gold.v:2299$506'.
No latch inferred for signal `\tv80_mcode_gold.\RstP' from process `\tv80_mcode_gold.$proc$/home/toshn/slacksmith_work/depth_tv80/run3/gates/O1/gold.v:2299$506'.
No latch inferred for signal `\tv80_mcode_gold.\LDZ' from process `\tv80_mcode_gold.$proc$/home/toshn/slacksmith_work/depth_tv80/run3/gates/O1/gold.v:2299$506'.
No latch inferred for signal `\tv80_mcode_gold.\LDW' from process `\tv80_mcode_gold.$proc$/home/toshn/slacksmith_work/depth_tv80/run3/gates/O1/gold.v:2299$506'.
No latch inferred for signal `\tv80_mcode_gold.\LDSPHL' from process `\tv80_mcode_gold.$proc$/home/toshn/slacksmith_work/depth_tv80/run3/gates/O1/gold.v:2299$506'.
No latch inferred for signal `\tv80_mcode_gold.\Special_LD' from process `\tv80_mcode_gold.$proc$/home/toshn/slacksmith_work/depth_tv80/run3/gates/O1/gold.v:2299$506'.
No latch inferred for signal `\tv80_mcode_gold.\ExchangeDH' from process `\tv80_mcode_gold.$proc$/home/toshn/slacksmith_work/depth_tv80/run3/gates/O1/gold.v:2299$506'.
No latch inferred for signal `\tv80_mcode_gold.\ExchangeRp' from process `\tv80_mcode_gold.$proc$/home/toshn/slacksmith_work/depth_tv80/run3/gates/O1/gold.v:2299$506'.
No latch inferred for signal `\tv80_mcode_gold.\ExchangeAF' from process `\tv80_mcode_gold.$proc$/home/toshn/slacksmith_work/depth_tv80/run3/gates/O1/gold.v:2299$506'.
No latch inferred for signal `\tv80_mcode_gold.\ExchangeRS' from process `\tv80_mcode_gold.$proc$/home/toshn/slacksmith_work/depth_tv80/run3/gates/O1/gold.v:2299$506'.
No latch inferred for signal `\tv80_mcode_gold.\I_DJNZ' from process `\tv80_mcode_gold.$proc$/home/toshn/slacksmith_work/depth_tv80/run3/gates/O1/gold.v:2299$506'.
No latch inferred for signal `\tv80_mcode_gold.\I_CPL' from process `\tv80_mcode_gold.$proc$/home/toshn/slacksmith_work/depth_tv80/run3/gates/O1/gold.v:2299$506'.
No latch inferred for signal `\tv80_mcode_gold.\I_CCF' from process `\tv80_mcode_gold.$proc$/home/toshn/slacksmith_work/depth_tv80/run3/gates/O1/gold.v:2299$506'.
No latch inferred for signal `\tv80_mcode_gold.\I_SCF' from process `\tv80_mcode_gold.$proc$/home/toshn/slacksmith_work/depth_tv80/run3/gates/O1/gold.v:2299$506'.
No latch inferred for signal `\tv80_mcode_gold.\I_RETN' from process `\tv80_mcode_gold.$proc$/home/toshn/slacksmith_work/depth_tv80/run3/gates/O1/gold.v:2299$506'.
No latch inferred for signal `\tv80_mcode_gold.\I_BT' from process `\tv80_mcode_gold.$proc$/home/toshn/slacksmith_work/depth_tv80/run3/gates/O1/gold.v:2299$506'.
No latch inferred for signal `\tv80_mcode_gold.\I_BC' from process `\tv80_mcode_gold.$proc$/home/toshn/slacksmith_work/depth_tv80/run3/gates/O1/gold.v:2299$506'.
No latch inferred for signal `\tv80_mcode_gold.\I_BTR' from process `\tv80_mcode_gold.$proc$/home/toshn/slacksmith_work/depth_tv80/run3/gates/O1/gold.v:2299$506'.
No latch inferred for signal `\tv80_mcode_gold.\I_RLD' from process `\tv80_mcode_gold.$proc$/home/toshn/slacksmith_work/depth_tv80/run3/gates/O1/gold.v:2299$506'.
No latch inferred for signal `\tv80_mcode_gold.\I_RRD' from process `\tv80_mcode_gold.$proc$/home/toshn/slacksmith_work/depth_tv80/run3/gates/O1/gold.v:2299$506'.
No latch inferred for signal `\tv80_mcode_gold.\I_INRC' from process `\tv80_mcode_gold.$proc$/home/toshn/slacksmith_work/depth_tv80/run3/gates/O1/gold.v:2299$506'.
No latch inferred for signal `\tv80_mcode_gold.\SetDI' from process `\tv80_mcode_gold.$proc$/home/toshn/slacksmith_work/depth_tv80/run3/gates/O1/gold.v:2299$506'.
No latch inferred for signal `\tv80_mcode_gold.\SetEI' from process `\tv80_mcode_gold.$proc$/home/toshn/slacksmith_work/depth_tv80/run3/gates/O1/gold.v:2299$506'.
No latch inferred for signal `\tv80_mcode_gold.\IMode' from process `\tv80_mcode_gold.$proc$/home/toshn/slacksmith_work/depth_tv80/run3/gates/O1/gold.v:2299$506'.
No latch inferred for signal `\tv80_mcode_gold.\Halt' from process `\tv80_mcode_gold.$proc$/home/toshn/slacksmith_work/depth_tv80/run3/gates/O1/gold.v:2299$506'.
No latch inferred for signal `\tv80_mcode_gold.\MCycles' from process `\tv80_mcode_gold.$proc$/home/toshn/slacksmith_work/depth_tv80/run3/gates/O1/gold.v:2299$506'.
No latch inferred for signal `\tv80_mcode_gold.\TStates' from process `\tv80_mcode_gold.$proc$/home/toshn/slacksmith_work/depth_tv80/run3/gates/O1/gold.v:2299$506'.
No latch inferred for signal `\tv80_mcode_gold.\IORQ' from process `\tv80_mcode_gold.$proc$/home/toshn/slacksmith_work/depth_tv80/run3/gates/O1/gold.v:2299$506'.
No latch inferred for signal `\tv80_mcode_gold.\NoRead' from process `\tv80_mcode_gold.$proc$/home/toshn/slacksmith_work/depth_tv80/run3/gates/O1/gold.v:2299$506'.
No latch inferred for signal `\tv80_mcode_gold.\Write' from process `\tv80_mcode_gold.$proc$/home/toshn/slacksmith_work/depth_tv80/run3/gates/O1/gold.v:2299$506'.
No latch inferred for signal `\tv80_mcode_gold.\DDD' from process `\tv80_mcode_gold.$proc$/home/toshn/slacksmith_work/depth_tv80/run3/gates/O1/gold.v:2299$506'.
No latch inferred for signal `\tv80_mcode_gold.\SSS' from process `\tv80_mcode_gold.$proc$/home/toshn/slacksmith_work/depth_tv80/run3/gates/O1/gold.v:2299$506'.
No latch inferred for signal `\tv80_mcode_gold.\DPAIR' from process `\tv80_mcode_gold.$proc$/home/toshn/slacksmith_work/depth_tv80/run3/gates/O1/gold.v:2299$506'.

3.2.9. Executing PROC_DFF pass (convert process syncs to FFs).

3.2.10. Executing PROC_MEMWR pass (convert process memory writes to cells).

3.2.11. Executing PROC_CLEAN pass (remove empty switches from decision trees).
Found and cleaned up 129 empty switches in `\tv80_mcode_gold.$proc$/home/toshn/slacksmith_work/depth_tv80/run3/gates/O1/gold.v:2299$506'.
Removing empty process `tv80_mcode_gold.$proc$/home/toshn/slacksmith_work/depth_tv80/run3/gates/O1/gold.v:2299$506'.
Cleaned up 129 empty switches.

3.2.12. Executing OPT_EXPR pass (perform const folding).
Optimizing module tv80_mcode_gold.
<suppressed ~2100 debug messages>

3.3. Executing OPT_EXPR pass (perform const folding).
Optimizing module tv80_mcode_gold.

3.4. Executing OPT_CLEAN pass (remove unused cells and wires).
Finding unused cells or wires in module \tv80_mcode_gold..
Removed 1531 unused cells and 3549 unused wires.
<suppressed ~1532 debug messages>

3.5. Executing CHECK pass (checking for obvious problems).
Checking module tv80_mcode_gold...
Found and reported 0 problems.

3.6. Executing OPT pass (performing simple optimizations).

3.6.1. Executing OPT_EXPR pass (perform const folding).
Optimizing module tv80_mcode_gold.

3.6.2. Executing OPT_MERGE pass (detect identical cells).
Finding identical cells in module `\tv80_mcode_gold'.
Computing hashes of 11460 cells of `\tv80_mcode_gold'.
Finding duplicate cells in `\tv80_mcode_gold'.
Computing hashes of 3328 cells of `\tv80_mcode_gold'.
Finding duplicate cells in `\tv80_mcode_gold'.
Computing hashes of 2778 cells of `\tv80_mcode_gold'.
Finding duplicate cells in `\tv80_mcode_gold'.
<suppressed ~26046 debug messages>
Removed a total of 8682 cells.

3.6.3. Executing OPT_MUXTREE pass (detect dead branches in mux trees).
Running muxtree optimizer on module \tv80_mcode_gold..
  Creating internal representation of mux trees.
  Evaluating internal representation of mux trees.
  Analyzing evaluation results.
    dead port 2/2 on $mux $procmux$10470.
    dead port 2/2 on $mux $procmux$16919.
    dead port 2/2 on $mux $procmux$10459.
    dead port 1/3 on $pmux $procmux$4120.
    dead port 2/3 on $pmux $procmux$4120.
    dead port 2/2 on $mux $procmux$10457.
    dead port 2/2 on $mux $procmux$16876.
    dead port 2/2 on $mux $procmux$6594.
    dead port 2/2 on $mux $procmux$20957.
    dead port 2/2 on $mux $procmux$10429.
    dead port 2/2 on $mux $procmux$16874.
    dead port 2/2 on $mux $procmux$17490.
    dead port 2/2 on $mux $procmux$10427.
    dead port 2/2 on $mux $procmux$16831.
    dead port 1/2 on $mux $procmux$20955.
    dead port 2/2 on $mux $procmux$10399.
    dead port 2/2 on $mux $procmux$16829.
    dead port 2/2 on $mux $procmux$10397.
    dead port 2/2 on $mux $procmux$6592.
    dead port 2/2 on $mux $procmux$12268.
    dead port 2/2 on $mux $procmux$11866.
    dead port 2/2 on $mux $procmux$16786.
    dead port 2/2 on $mux $procmux$10369.
    dead port 2/2 on $mux $procmux$20899.
    dead port 2/2 on $mux $procmux$10367.
    dead port 2/2 on $mux $procmux$16784.
    dead port 2/2 on $mux $procmux$11864.
    dead port 1/3 on $pmux $procmux$4106.
    dead port 2/3 on $pmux $procmux$4106.
    dead port 2/2 on $mux $procmux$16741.
    dead port 2/2 on $mux $procmux$4103.
    dead port 2/2 on $mux $procmux$17488.
    dead port 2/2 on $mux $procmux$10339.
    dead port 2/2 on $mux $procmux$20897.
    dead port 2/2 on $mux $procmux$10337.
    dead port 2/2 on $mux $procmux$11862.
    dead port 1/2 on $mux $procmux$4101.
    dead port 2/2 on $mux $procmux$16739.
    dead port 2/2 on $mux $procmux$4099.
    dead port 2/2 on $mux $procmux$16696.
    dead port 1/3 on $pmux $procmux$4084.
    dead port 2/3 on $pmux $procmux$4084.
    dead port 2/2 on $mux $procmux$10309.
    dead port 2/2 on $mux $procmux$4081.
    dead port 2/2 on $mux $procmux$21656.
    dead port 1/2 on $mux $procmux$20895.
    dead port 2/2 on $mux $procmux$10307.
    dead port 2/2 on $mux $procmux$16694.
    dead port 1/2 on $mux $procmux$4079.
    dead port 1/2 on $mux $procmux$4077.
    dead port 2/2 on $mux $procmux$4075.
    dead port 1/3 on $pmux $procmux$4051.
    dead port 2/3 on $pmux $procmux$4051.
    dead port 2/2 on $mux $procmux$10279.
    dead port 2/2 on $mux $procmux$16651.
    dead port 2/2 on $mux $procmux$10277.
    dead port 2/2 on $mux $procmux$20839.
    dead port 2/2 on $mux $procmux$16649.
    dead port 2/2 on $mux $procmux$10250.
    dead port 2/2 on $mux $procmux$10248.
    dead port 2/2 on $mux $procmux$6579.
    dead port 2/2 on $mux $procmux$16606.
    dead port 2/2 on $mux $procmux$20837.
    dead port 2/2 on $mux $procmux$16604.
    dead port 2/2 on $mux $procmux$10220.
    dead port 2/2 on $mux $procmux$10218.
    dead port 2/2 on $mux $procmux$11824.
    dead port 2/2 on $mux $procmux$10216.
    dead port 1/2 on $mux $procmux$20835.
    dead port 2/2 on $mux $procmux$6577.
    dead port 2/2 on $mux $procmux$6669.
    dead port 2/2 on $mux $procmux$20832.
    dead port 2/2 on $mux $procmux$10188.
    dead port 2/2 on $mux $procmux$10186.
    dead port 2/2 on $mux $procmux$16553.
    dead port 2/2 on $mux $procmux$10184.
    dead port 2/2 on $mux $procmux$4363.
    dead port 2/2 on $mux $procmux$20776.
    dead port 2/2 on $mux $procmux$11822.
    dead port 2/2 on $mux $procmux$16551.
    dead port 1/3 on $pmux $procmux$4036.
    dead port 2/3 on $pmux $procmux$4036.
    dead port 2/2 on $mux $procmux$23225.
    dead port 2/2 on $mux $procmux$4361.
    dead port 2/2 on $mux $procmux$10156.
    dead port 2/2 on $mux $procmux$17440.
    dead port 2/2 on $mux $procmux$20774.
    dead port 2/2 on $mux $procmux$10154.
    dead port 2/2 on $mux $procmux$10152.
    dead port 2/2 on $mux $procmux$11820.
    dead port 1/2 on $mux $procmux$20772.
    dead port 2/2 on $mux $procmux$10124.
    dead port 2/2 on $mux $procmux$17438.
    dead port 2/2 on $mux $procmux$10122.
    dead port 2/2 on $mux $procmux$20769.
    dead port 1/2 on $mux $procmux$10120.
    dead port 2/2 on $mux $procmux$11782.
    dead port 2/2 on $mux $procmux$6564.
    dead port 2/2 on $mux $procmux$10118.
    dead port 2/2 on $mux $procmux$16499.
    dead port 2/2 on $mux $procmux$16497.
    dead port 2/2 on $mux $procmux$20713.
    dead port 1/3 on $pmux $procmux$4022.
    dead port 2/3 on $pmux $procmux$4022.
    dead port 2/2 on $mux $procmux$6562.
    dead port 2/2 on $mux $procmux$10091.
    dead port 2/2 on $mux $procmux$6667.
    dead port 2/2 on $mux $procmux$10089.
    dead port 1/3 on $pmux $procmux$4002.
    dead port 2/3 on $pmux $procmux$4002.
    dead port 2/2 on $mux $procmux$24113.
    dead port 2/2 on $mux $procmux$11780.
    dead port 1/2 on $mux $procmux$10087.
    dead port 2/2 on $mux $procmux$10085.
    dead port 2/2 on $mux $procmux$4350.
    dead port 2/2 on $mux $procmux$21601.
    dead port 2/2 on $mux $procmux$20711.
    dead port 2/2 on $mux $procmux$4348.
    dead port 2/2 on $mux $procmux$22044.
    dead port 2/2 on $mux $procmux$10058.
    dead port 2/2 on $mux $procmux$10056.
    dead port 1/2 on $mux $procmux$20709.
    dead port 2/2 on $mux $procmux$16445.
    dead port 2/2 on $mux $procmux$10035.
    dead port 2/2 on $mux $procmux$11778.
    dead port 2/2 on $mux $procmux$20706.
    dead port 2/2 on $mux $procmux$12266.
    dead port 2/2 on $mux $procmux$10033.
    dead port 2/2 on $mux $procmux$16443.
    dead port 2/2 on $mux $procmux$10021.
    dead port 2/2 on $mux $procmux$10019.
    dead port 2/2 on $mux $procmux$23657.
    dead port 2/2 on $mux $procmux$20650.
    dead port 2/2 on $mux $procmux$9997.
    dead port 2/2 on $mux $procmux$9995.
    dead port 2/2 on $mux $procmux$23495.
    dead port 2/2 on $mux $procmux$9973.
    dead port 2/2 on $mux $procmux$9971.
    dead port 2/2 on $mux $procmux$20648.
    dead port 2/2 on $mux $procmux$9949.
    dead port 2/2 on $mux $procmux$16392.
    dead port 2/2 on $mux $procmux$9947.
    dead port 2/2 on $mux $procmux$22042.
    dead port 2/2 on $mux $procmux$16390.
    dead port 2/2 on $mux $procmux$9928.
    dead port 2/2 on $mux $procmux$11740.
    dead port 2/2 on $mux $procmux$21599.
    dead port 1/2 on $mux $procmux$20646.
    dead port 2/2 on $mux $procmux$9926.
    dead port 1/2 on $mux $procmux$20643.
    dead port 1/3 on $pmux $procmux$3985.
    dead port 2/3 on $pmux $procmux$3985.
    dead port 2/2 on $mux $procmux$6549.
    dead port 2/2 on $mux $procmux$11738.
    dead port 2/2 on $mux $procmux$16340.
    dead port 2/2 on $mux $procmux$20587.
    dead port 2/2 on $mux $procmux$16338.
    dead port 1/3 on $pmux $procmux$3974.
    dead port 2/3 on $pmux $procmux$3974.
    dead port 2/2 on $mux $procmux$6547.
    dead port 2/2 on $mux $procmux$20585.
    dead port 2/2 on $mux $procmux$4337.
    dead port 2/2 on $mux $procmux$16288.
    dead port 2/2 on $mux $procmux$23279.
    dead port 1/2 on $mux $procmux$20583.
    dead port 2/2 on $mux $procmux$16286.
    dead port 1/2 on $mux $procmux$20580.
    dead port 2/2 on $mux $procmux$4335.
    dead port 2/2 on $mux $procmux$9836.
    dead port 1/2 on $mux $procmux$16284.
    dead port 2/2 on $mux $procmux$9834.
    dead port 2/2 on $mux $procmux$12232.
    dead port 2/2 on $mux $procmux$16282.
    dead port 2/2 on $mux $procmux$9813.
    dead port 2/2 on $mux $procmux$20524.
    dead port 1/3 on $pmux $procmux$3961.
    dead port 2/3 on $pmux $procmux$3961.
    dead port 2/2 on $mux $procmux$9811.
    dead port 2/2 on $mux $procmux$22793.
    dead port 2/2 on $mux $procmux$16237.
    dead port 2/2 on $mux $procmux$9790.
    dead port 1/2 on $mux $procmux$22040.
    dead port 2/2 on $mux $procmux$11736.
    dead port 2/2 on $mux $procmux$9788.
    dead port 2/2 on $mux $procmux$16235.
    dead port 2/2 on $mux $procmux$20522.
    dead port 2/2 on $mux $procmux$9767.
    dead port 2/2 on $mux $procmux$16193.
    dead port 1/3 on $pmux $procmux$3938.
    dead port 2/3 on $pmux $procmux$3938.
    dead port 2/2 on $mux $procmux$9765.
    dead port 2/2 on $mux $procmux$16191.
    dead port 2/2 on $mux $procmux$9744.
    dead port 1/2 on $mux $procmux$20520.
    dead port 2/2 on $mux $procmux$9742.
    dead port 2/2 on $mux $procmux$16149.
    dead port 1/2 on $mux $procmux$20517.
    dead port 2/2 on $mux $procmux$9721.
    dead port 1/3 on $pmux $procmux$3927.
    dead port 2/3 on $pmux $procmux$3927.
    dead port 2/2 on $mux $procmux$16147.
    dead port 2/2 on $mux $procmux$9719.
    dead port 2/2 on $mux $procmux$11698.
    dead port 1/3 on $pmux $procmux$3906.
    dead port 2/3 on $pmux $procmux$3906.
    dead port 2/2 on $mux $procmux$16105.
    dead port 2/2 on $mux $procmux$9698.
    dead port 2/2 on $mux $procmux$20461.
    dead port 2/2 on $mux $procmux$9696.
    dead port 2/2 on $mux $procmux$16103.
    dead port 2/2 on $mux $procmux$11696.
    dead port 1/3 on $pmux $procmux$3886.
    dead port 2/3 on $pmux $procmux$3886.
    dead port 2/2 on $mux $procmux$9675.
    dead port 2/2 on $mux $procmux$6534.
    dead port 2/2 on $mux $procmux$4658.
    dead port 2/2 on $mux $procmux$9673.
    dead port 2/2 on $mux $procmux$16061.
    dead port 2/2 on $mux $procmux$20459.
    dead port 2/2 on $mux $procmux$16059.
    dead port 2/2 on $mux $procmux$21985.
    dead port 1/3 on $pmux $procmux$3878.
    dead port 2/3 on $pmux $procmux$3878.
    dead port 2/2 on $mux $procmux$6532.
    dead port 2/2 on $mux $procmux$22901.
    dead port 2/2 on $mux $procmux$16017.
    dead port 1/3 on $pmux $procmux$3865.
    dead port 2/3 on $pmux $procmux$3865.
    dead port 1/2 on $mux $procmux$20457.
    dead port 2/2 on $mux $procmux$4324.
    dead port 2/2 on $mux $procmux$16015.
    dead port 1/3 on $pmux $procmux$3853.
    dead port 2/3 on $pmux $procmux$3853.
    dead port 2/2 on $mux $procmux$12230.
    dead port 2/2 on $mux $procmux$4322.
    dead port 1/2 on $mux $procmux$20454.
    dead port 2/2 on $mux $procmux$15973.
    dead port 2/2 on $mux $procmux$15971.
    dead port 2/2 on $mux $procmux$20398.
    dead port 2/2 on $mux $procmux$15929.
    dead port 1/3 on $pmux $procmux$3843.
    dead port 2/3 on $pmux $procmux$3843.
    dead port 2/2 on $mux $procmux$15927.
    dead port 2/2 on $mux $procmux$20396.
    dead port 2/2 on $mux $procmux$15885.
    dead port 2/2 on $mux $procmux$15883.
    dead port 1/2 on $mux $procmux$20394.
    dead port 1/2 on $mux $procmux$20391.
    dead port 2/2 on $mux $procmux$20388.
    dead port 1/3 on $pmux $procmux$3825.
    dead port 2/3 on $pmux $procmux$3825.
    dead port 2/2 on $mux $procmux$11694.
    dead port 2/2 on $mux $procmux$15833.
    dead port 2/2 on $mux $procmux$20332.
    dead port 2/2 on $mux $procmux$15831.
    dead port 2/2 on $mux $procmux$21544.
    dead port 2/2 on $mux $procmux$11656.
    dead port 2/2 on $mux $procmux$20330.
    dead port 2/2 on $mux $procmux$17389.
    dead port 2/2 on $mux $procmux$22685.
    dead port 2/2 on $mux $procmux$11654.
    dead port 2/2 on $mux $procmux$15781.
    dead port 1/2 on $mux $procmux$20328.
    dead port 2/2 on $mux $procmux$15779.
    dead port 1/2 on $mux $procmux$20325.
    dead port 2/2 on $mux $procmux$6519.
    dead port 2/2 on $mux $procmux$20269.
    dead port 2/2 on $mux $procmux$11652.
    dead port 2/2 on $mux $procmux$15729.
    dead port 2/2 on $mux $procmux$20267.
    dead port 2/2 on $mux $procmux$23333.
    dead port 2/2 on $mux $procmux$15727.
    dead port 2/2 on $mux $procmux$6517.
    dead port 2/2 on $mux $procmux$4311.
    dead port 2/2 on $mux $procmux$12196.
    dead port 2/2 on $mux $procmux$4309.
    dead port 1/2 on $mux $procmux$20265.
    dead port 2/2 on $mux $procmux$15678.
    dead port 1/2 on $mux $procmux$20262.
    dead port 2/2 on $mux $procmux$15676.
    dead port 2/2 on $mux $procmux$20206.
    dead port 2/2 on $mux $procmux$17387.
    dead port 2/2 on $mux $procmux$20204.
    dead port 2/2 on $mux $procmux$11614.
    dead port 2/2 on $mux $procmux$15625.
    dead port 2/2 on $mux $procmux$21542.
    dead port 1/2 on $mux $procmux$20202.
    dead port 2/2 on $mux $procmux$15623.
    dead port 1/2 on $mux $procmux$20199.
    dead port 2/2 on $mux $procmux$20196.
    dead port 1/3 on $pmux $procmux$3806.
    dead port 2/3 on $pmux $procmux$3806.
    dead port 2/2 on $mux $procmux$11612.
    dead port 2/2 on $mux $procmux$15574.
    dead port 2/2 on $mux $procmux$20140.
    dead port 2/2 on $mux $procmux$15572.
    dead port 1/2 on $mux $procmux$15570.
    dead port 2/2 on $mux $procmux$11610.
    dead port 2/2 on $mux $procmux$6504.
    dead port 1/2 on $mux $procmux$15568.
    dead port 2/2 on $mux $procmux$20138.
    dead port 2/2 on $mux $procmux$15566.
    dead port 2/2 on $mux $procmux$15523.
    dead port 1/2 on $mux $procmux$20136.
    dead port 2/2 on $mux $procmux$15521.
    dead port 1/2 on $mux $procmux$20133.
    dead port 2/2 on $mux $procmux$20130.
    dead port 2/2 on $mux $procmux$6502.
    dead port 2/2 on $mux $procmux$20074.
    dead port 1/3 on $pmux $procmux$3796.
    dead port 2/3 on $pmux $procmux$3796.
    dead port 2/2 on $mux $procmux$15474.
    dead port 2/2 on $mux $procmux$12194.
    dead port 2/2 on $mux $procmux$15472.
    dead port 2/2 on $mux $procmux$20072.
    dead port 2/2 on $mux $procmux$4297.
    dead port 2/2 on $mux $procmux$17597.
    dead port 2/2 on $mux $procmux$4295.
    dead port 2/2 on $mux $procmux$15427.
    dead port 2/2 on $mux $procmux$21487.
    dead port 2/2 on $mux $procmux$15425.
    dead port 1/2 on $mux $procmux$20070.
    dead port 1/2 on $mux $procmux$20067.
    dead port 2/2 on $mux $procmux$11571.
    dead port 2/2 on $mux $procmux$15379.
    dead port 2/2 on $mux $procmux$20064.
    dead port 2/2 on $mux $procmux$15377.
    dead port 2/2 on $mux $procmux$12160.
    dead port 2/2 on $mux $procmux$20009.
    dead port 2/2 on $mux $procmux$22955.
    dead port 2/2 on $mux $procmux$24090.
    dead port 1/3 on $pmux $procmux$3783.
    dead port 2/3 on $pmux $procmux$3783.
    dead port 2/2 on $mux $procmux$11569.
    dead port 2/2 on $mux $procmux$15331.
    dead port 2/2 on $mux $procmux$6489.
    dead port 2/2 on $mux $procmux$15329.
    dead port 2/2 on $mux $procmux$20007.
    dead port 1/2 on $mux $procmux$20005.
    dead port 2/2 on $mux $procmux$15283.
    dead port 1/2 on $mux $procmux$20002.
    dead port 2/2 on $mux $procmux$15281.
    dead port 2/2 on $mux $procmux$4284.
    dead port 2/2 on $mux $procmux$15279.
    dead port 2/2 on $mux $procmux$19946.
    dead port 2/2 on $mux $procmux$4282.
    dead port 2/2 on $mux $procmux$23387.
    dead port 2/2 on $mux $procmux$15233.
    dead port 2/2 on $mux $procmux$15231.
    dead port 2/2 on $mux $procmux$12158.
    dead port 1/3 on $pmux $procmux$3770.
    dead port 2/3 on $pmux $procmux$3770.
    dead port 2/2 on $mux $procmux$19944.
    dead port 2/2 on $mux $procmux$15229.
    dead port 2/2 on $mux $procmux$6487.
    dead port 1/3 on $pmux $procmux$3743.
    dead port 2/3 on $pmux $procmux$3743.
    dead port 2/2 on $mux $procmux$15183.
    dead port 1/2 on $mux $procmux$19942.
    dead port 2/2 on $mux $procmux$17595.
    dead port 2/2 on $mux $procmux$15181.
    dead port 1/2 on $mux $procmux$19939.
    dead port 2/2 on $mux $procmux$11547.
    dead port 2/2 on $mux $procmux$15179.
    dead port 2/2 on $mux $procmux$21485.
    dead port 2/2 on $mux $procmux$15134.
    dead port 2/2 on $mux $procmux$15132.
    dead port 2/2 on $mux $procmux$19883.
    dead port 1/2 on $mux $procmux$15130.
    dead port 2/2 on $mux $procmux$11545.
    dead port 2/2 on $mux $procmux$15128.
    dead port 2/2 on $mux $procmux$17338.
    dead port 2/2 on $mux $procmux$19881.
    dead port 2/2 on $mux $procmux$15084.
    dead port 2/2 on $mux $procmux$11516.
    dead port 2/2 on $mux $procmux$15082.
    dead port 1/2 on $mux $procmux$15080.
    dead port 2/2 on $mux $procmux$11514.
    dead port 2/2 on $mux $procmux$19827.
    dead port 2/2 on $mux $procmux$23549.
    dead port 2/2 on $mux $procmux$15078.
    dead port 2/2 on $mux $procmux$24225.
    dead port 2/2 on $mux $procmux$17336.
    dead port 2/2 on $mux $procmux$6474.
    dead port 2/2 on $mux $procmux$15033.
    dead port 2/2 on $mux $procmux$15031.
    dead port 1/3 on $pmux $procmux$3725.
    dead port 2/3 on $pmux $procmux$3725.
    dead port 2/2 on $mux $procmux$19825.
    dead port 2/2 on $mux $procmux$3722.
    dead port 2/2 on $mux $procmux$4682.
    dead port 2/2 on $mux $procmux$14993.
    dead port 2/2 on $mux $procmux$14991.
    dead port 2/2 on $mux $procmux$19771.
    dead port 1/3 on $pmux $procmux$3694.
    dead port 2/3 on $pmux $procmux$3694.
    dead port 2/2 on $mux $procmux$3691.
    dead port 2/2 on $mux $procmux$6472.
    dead port 2/2 on $mux $procmux$19769.
    dead port 2/2 on $mux $procmux$14945.
    dead port 2/2 on $mux $procmux$11485.
    dead port 2/2 on $mux $procmux$14943.
    dead port 1/3 on $pmux $procmux$3662.
    dead port 2/3 on $pmux $procmux$3662.
    dead port 2/2 on $mux $procmux$3659.
    dead port 2/2 on $mux $procmux$12124.
    dead port 2/2 on $mux $procmux$19715.
    dead port 2/2 on $mux $procmux$11483.
    dead port 2/2 on $mux $procmux$19713.
    dead port 2/2 on $mux $procmux$5595.
    dead port 2/2 on $mux $procmux$14897.
    dead port 2/2 on $mux $procmux$5593.
    dead port 1/3 on $pmux $procmux$3630.
    dead port 2/3 on $pmux $procmux$3630.
    dead port 2/2 on $mux $procmux$3627.
    dead port 2/2 on $mux $procmux$14895.
    dead port 2/2 on $mux $procmux$19659.
    dead port 2/2 on $mux $procmux$11454.
    dead port 1/3 on $pmux $procmux$3599.
    dead port 2/3 on $pmux $procmux$3599.
    dead port 2/2 on $mux $procmux$3596.
    dead port 2/2 on $mux $procmux$21430.
    dead port 2/2 on $mux $procmux$19657.
    dead port 2/2 on $mux $procmux$14849.
    dead port 2/2 on $mux $procmux$21877.
    dead port 2/2 on $mux $procmux$14847.
    dead port 1/3 on $pmux $procmux$3569.
    dead port 2/3 on $pmux $procmux$3569.
    dead port 2/2 on $mux $procmux$4646.
    dead port 2/2 on $mux $procmux$3566.
    dead port 2/2 on $mux $procmux$11452.
    dead port 2/2 on $mux $procmux$5573.
    dead port 2/2 on $mux $procmux$21715.
    dead port 2/2 on $mux $procmux$5571.
    dead port 2/2 on $mux $procmux$6459.
    dead port 1/3 on $pmux $procmux$3539.
    dead port 2/3 on $pmux $procmux$3539.
    dead port 2/2 on $mux $procmux$3536.
    dead port 2/2 on $mux $procmux$12122.
    dead port 2/2 on $mux $procmux$14802.
    dead port 2/2 on $mux $procmux$6457.
    dead port 2/2 on $mux $procmux$19603.
    dead port 2/2 on $mux $procmux$14800.
    dead port 1/3 on $pmux $procmux$3510.
    dead port 2/3 on $pmux $procmux$3510.
    dead port 2/2 on $mux $procmux$3507.
    dead port 1/2 on $mux $procmux$14798.
    dead port 1/2 on $mux $procmux$3505.
    dead port 2/2 on $mux $procmux$19601.
    dead port 1/2 on $mux $procmux$3503.
    dead port 2/2 on $mux $procmux$23927.
    dead port 2/2 on $mux $procmux$3501.
    dead port 2/2 on $mux $procmux$5551.
    dead port 1/3 on $pmux $procmux$3476.
    dead port 2/3 on $pmux $procmux$3476.
    dead port 2/2 on $mux $procmux$14796.
    dead port 2/2 on $mux $procmux$3473.
    dead port 2/2 on $mux $procmux$11423.
    dead port 2/2 on $mux $procmux$5549.
    dead port 2/2 on $mux $procmux$21428.
    dead port 2/2 on $mux $procmux$11421.
    dead port 1/2 on $mux $procmux$3471.
    dead port 1/2 on $mux $procmux$3469.
    dead port 2/2 on $mux $procmux$23980.
    dead port 2/2 on $mux $procmux$3467.
    dead port 2/2 on $mux $procmux$14752.
    dead port 1/3 on $pmux $procmux$3442.
    dead port 2/3 on $pmux $procmux$3442.
    dead port 2/2 on $mux $procmux$14750.
    dead port 2/2 on $mux $procmux$3439.
    dead port 2/2 on $mux $procmux$19547.
    dead port 1/2 on $mux $procmux$14748.
    dead port 1/2 on $mux $procmux$3437.
    dead port 2/2 on $mux $procmux$23982.
    dead port 1/2 on $mux $procmux$3435.
    dead port 2/2 on $mux $procmux$14746.
    dead port 2/2 on $mux $procmux$3433.
    dead port 2/2 on $mux $procmux$19545.
    dead port 1/3 on $pmux $procmux$3408.
    dead port 2/3 on $pmux $procmux$3408.
    dead port 2/2 on $mux $procmux$3405.
    dead port 2/2 on $mux $procmux$11392.
    dead port 2/2 on $mux $procmux$14703.
    dead port 2/2 on $mux $procmux$11390.
    dead port 2/2 on $mux $procmux$14701.
    dead port 1/2 on $mux $procmux$3403.
    dead port 2/2 on $mux $procmux$8917.
    dead port 1/2 on $mux $procmux$3401.
    dead port 1/2 on $mux $procmux$3399.
    dead port 2/2 on $mux $procmux$8915.
    dead port 2/2 on $mux $procmux$3397.
    dead port 2/2 on $mux $procmux$6444.
    dead port 1/2 on $mux $procmux$14699.
    dead port 1/3 on $pmux $procmux$3373.
    dead port 2/3 on $pmux $procmux$3373.
    dead port 2/2 on $mux $procmux$19491.
    dead port 2/2 on $mux $procmux$3370.
    dead port 2/2 on $mux $procmux$14697.
    dead port 1/2 on $mux $procmux$3368.
    dead port 1/2 on $mux $procmux$3366.
    dead port 2/2 on $mux $procmux$14653.
    dead port 1/2 on $mux $procmux$3364.
    dead port 2/2 on $mux $procmux$19489.
    dead port 2/2 on $mux $procmux$3362.
    dead port 2/2 on $mux $procmux$14651.
    dead port 2/2 on $mux $procmux$6442.
    dead port 1/3 on $pmux $procmux$3338.
    dead port 2/3 on $pmux $procmux$3338.
    dead port 1/2 on $mux $procmux$14649.
    dead port 2/2 on $mux $procmux$3335.
    dead port 2/2 on $mux $procmux$19487.
    dead port 2/2 on $mux $procmux$11361.
    dead port 1/2 on $mux $procmux$3333.
    dead port 1/2 on $mux $procmux$14647.
    dead port 1/2 on $mux $procmux$3331.
    dead port 1/2 on $mux $procmux$3329.
    dead port 2/2 on $mux $procmux$14645.
    dead port 2/2 on $mux $procmux$3327.
    dead port 2/2 on $mux $procmux$23009.
    dead port 2/2 on $mux $procmux$19432.
    dead port 1/3 on $pmux $procmux$3303.
    dead port 2/3 on $pmux $procmux$3303.
    dead port 2/2 on $mux $procmux$14603.
    dead port 2/2 on $mux $procmux$3300.
    dead port 2/2 on $mux $procmux$11359.
    dead port 2/2 on $mux $procmux$17287.
    dead port 2/2 on $mux $procmux$14601.
    dead port 2/2 on $mux $procmux$19430.
    dead port 2/2 on $mux $procmux$23441.
    dead port 2/2 on $mux $procmux$11330.
    dead port 1/2 on $mux $procmux$14599.
    dead port 1/3 on $pmux $procmux$3273.
    dead port 2/3 on $pmux $procmux$3273.
    dead port 2/2 on $mux $procmux$3270.
    dead port 2/2 on $mux $procmux$11328.
    dead port 1/2 on $mux $procmux$14597.
    dead port 2/2 on $mux $procmux$19428.
    dead port 2/2 on $mux $procmux$14595.
    dead port 2/2 on $mux $procmux$6429.
    dead port 1/3 on $pmux $procmux$3243.
    dead port 2/3 on $pmux $procmux$3243.
    dead port 2/2 on $mux $procmux$14552.
    dead port 2/2 on $mux $procmux$3240.
    dead port 2/2 on $mux $procmux$17285.
    dead port 2/2 on $mux $procmux$5470.
    dead port 2/2 on $mux $procmux$8805.
    dead port 2/2 on $mux $procmux$5468.
    dead port 2/2 on $mux $procmux$8803.
    dead port 2/2 on $mux $procmux$14550.
    dead port 2/2 on $mux $procmux$19373.
    dead port 1/3 on $pmux $procmux$3213.
    dead port 2/3 on $pmux $procmux$3213.
    dead port 2/2 on $mux $procmux$3210.
    dead port 2/2 on $mux $procmux$4275.
    dead port 2/2 on $mux $procmux$14513.
    dead port 2/2 on $mux $procmux$21769.
    dead port 2/2 on $mux $procmux$8777.
    dead port 2/2 on $mux $procmux$14511.
    dead port 1/3 on $pmux $procmux$3184.
    dead port 2/3 on $pmux $procmux$3184.
    dead port 2/2 on $mux $procmux$8775.
    dead port 2/2 on $mux $procmux$3181.
    dead port 2/2 on $mux $procmux$6427.
    dead port 2/2 on $mux $procmux$5449.
    dead port 2/2 on $mux $procmux$19371.
    dead port 2/2 on $mux $procmux$5447.
    dead port 2/2 on $mux $procmux$4273.
    dead port 2/2 on $mux $procmux$14475.
    dead port 2/2 on $mux $procmux$22145.
    dead port 2/2 on $mux $procmux$14473.
    dead port 1/3 on $pmux $procmux$3153.
    dead port 2/3 on $pmux $procmux$3153.
    dead port 2/2 on $mux $procmux$3150.
    dead port 2/2 on $mux $procmux$4374.
    dead port 2/2 on $mux $procmux$19369.
    dead port 2/2 on $mux $procmux$14436.
    dead port 2/2 on $mux $procmux$12088.
    dead port 2/2 on $mux $procmux$5429.
    dead port 1/3 on $pmux $procmux$3124.
    dead port 2/3 on $pmux $procmux$3124.
    dead port 2/2 on $mux $procmux$3121.
    dead port 2/2 on $mux $procmux$11299.
    dead port 2/2 on $mux $procmux$5427.
    dead port 2/2 on $mux $procmux$4372.
    dead port 2/2 on $mux $procmux$14434.
    dead port 2/2 on $mux $procmux$8722.
    dead port 2/2 on $mux $procmux$19314.
    dead port 1/3 on $pmux $procmux$3096.
    dead port 2/3 on $pmux $procmux$3096.
    dead port 2/2 on $mux $procmux$8720.
    dead port 2/2 on $mux $procmux$3093.
    dead port 2/2 on $mux $procmux$11297.
    dead port 2/2 on $mux $procmux$21373.
    dead port 1/2 on $mux $procmux$14429.
    dead port 1/2 on $mux $procmux$8715.
    dead port 1/2 on $mux $procmux$3091.
    dead port 2/2 on $mux $procmux$11268.
    dead port 2/2 on $mux $procmux$3089.
    dead port 2/2 on $mux $procmux$8713.
    dead port 1/3 on $pmux $procmux$3064.
    dead port 2/3 on $pmux $procmux$3064.
    dead port 2/2 on $mux $procmux$3061.
    dead port 2/2 on $mux $procmux$19312.
    dead port 1/2 on $mux $procmux$3059.
    dead port 2/2 on $mux $procmux$11266.
    dead port 2/2 on $mux $procmux$3057.
    dead port 1/3 on $pmux $procmux$3032.
    dead port 2/3 on $pmux $procmux$3032.
    dead port 2/2 on $mux $procmux$3029.
    dead port 2/2 on $mux $procmux$6414.
    dead port 1/2 on $mux $procmux$3027.
    dead port 2/2 on $mux $procmux$3025.
    dead port 2/2 on $mux $procmux$8685.
    dead port 1/3 on $pmux $procmux$3000.
    dead port 2/3 on $pmux $procmux$3000.
    dead port 2/2 on $mux $procmux$2997.
    dead port 2/2 on $mux $procmux$21371.
    dead port 2/2 on $mux $procmux$14427.
    dead port 2/2 on $mux $procmux$5389.
    dead port 2/2 on $mux $procmux$8683.
    dead port 2/2 on $mux $procmux$5387.
    dead port 1/2 on $mux $procmux$2995.
    dead port 2/2 on $mux $procmux$6412.
    dead port 1/2 on $mux $procmux$2993.
    dead port 2/2 on $mux $procmux$2991.
    dead port 1/3 on $pmux $procmux$2967.
    dead port 2/3 on $pmux $procmux$2967.
    dead port 2/2 on $mux $procmux$2964.
    dead port 2/2 on $mux $procmux$11264.
    dead port 2/2 on $mux $procmux$14405.
    dead port 2/2 on $mux $procmux$19310.
    dead port 2/2 on $mux $procmux$14403.
    dead port 2/2 on $mux $procmux$19256.
    dead port 1/2 on $mux $procmux$2962.
    dead port 2/2 on $mux $procmux$14367.
    dead port 1/2 on $mux $procmux$2960.
    dead port 2/2 on $mux $procmux$2958.
    dead port 2/2 on $mux $procmux$5382.
    dead port 1/3 on $pmux $procmux$2934.
    dead port 2/3 on $pmux $procmux$2934.
    dead port 2/2 on $mux $procmux$14365.
    dead port 2/2 on $mux $procmux$2931.
    dead port 2/2 on $mux $procmux$21823.
    dead port 2/2 on $mux $procmux$8678.
    dead port 2/2 on $mux $procmux$19254.
    dead port 2/2 on $mux $procmux$8662.
    dead port 1/2 on $mux $procmux$2929.
    dead port 1/2 on $mux $procmux$14363.
    dead port 2/2 on $mux $procmux$2927.
    dead port 2/2 on $mux $procmux$8660.
    dead port 1/3 on $pmux $procmux$2904.
    dead port 2/3 on $pmux $procmux$2904.
    dead port 2/2 on $mux $procmux$8643.
    dead port 2/2 on $mux $procmux$5360.
    dead port 2/2 on $mux $procmux$14361.
    dead port 2/2 on $mux $procmux$5358.
    dead port 2/2 on $mux $procmux$17283.
    dead port 2/2 on $mux $procmux$8641.
    dead port 2/2 on $mux $procmux$8624.
    dead port 2/2 on $mux $procmux$8622.
    dead port 2/2 on $mux $procmux$11230.
    dead port 2/2 on $mux $procmux$8605.
    dead port 2/2 on $mux $procmux$11228.
    dead port 2/2 on $mux $procmux$8603.
    dead port 2/2 on $mux $procmux$5353.
    dead port 2/2 on $mux $procmux$5337.
    dead port 2/2 on $mux $procmux$8586.
    dead port 2/2 on $mux $procmux$17234.
    dead port 2/2 on $mux $procmux$11226.
    dead port 2/2 on $mux $procmux$8584.
    dead port 2/2 on $mux $procmux$14334.
    dead port 2/2 on $mux $procmux$8567.
    dead port 2/2 on $mux $procmux$19252.
    dead port 2/2 on $mux $procmux$8565.
    dead port 2/2 on $mux $procmux$14332.
    dead port 2/2 on $mux $procmux$23063.
    dead port 2/2 on $mux $procmux$21316.
    dead port 2/2 on $mux $procmux$14297.
    dead port 2/2 on $mux $procmux$8543.
    dead port 2/2 on $mux $procmux$19197.
    dead port 2/2 on $mux $procmux$8541.
    dead port 2/2 on $mux $procmux$14295.
    dead port 2/2 on $mux $procmux$14260.
    dead port 2/2 on $mux $procmux$8519.
    dead port 2/2 on $mux $procmux$12086.
    dead port 2/2 on $mux $procmux$19195.
    dead port 2/2 on $mux $procmux$8517.
    dead port 2/2 on $mux $procmux$14258.
    dead port 1/3 on $pmux $procmux$2887.
    dead port 2/3 on $pmux $procmux$2887.
    dead port 2/2 on $mux $procmux$2884.
    dead port 2/2 on $mux $procmux$14223.
    dead port 2/2 on $mux $procmux$8495.
    dead port 1/2 on $mux $procmux$19193.
    dead port 2/2 on $mux $procmux$8493.
    dead port 2/2 on $mux $procmux$14221.
    dead port 1/3 on $pmux $procmux$2859.
    dead port 2/3 on $pmux $procmux$2859.
    dead port 2/2 on $mux $procmux$8474.
    dead port 2/2 on $mux $procmux$2856.
    dead port 2/2 on $mux $procmux$17232.
    dead port 2/2 on $mux $procmux$14186.
    dead port 2/2 on $mux $procmux$8472.
    dead port 2/2 on $mux $procmux$19138.
    dead port 2/2 on $mux $procmux$8456.
    dead port 2/2 on $mux $procmux$14184.
    dead port 1/3 on $pmux $procmux$2831.
    dead port 2/3 on $pmux $procmux$2831.
    dead port 2/2 on $mux $procmux$8454.
    dead port 2/2 on $mux $procmux$2828.
    dead port 2/2 on $mux $procmux$11192.
    dead port 2/2 on $mux $procmux$8438.
    dead port 2/2 on $mux $procmux$14149.
    dead port 2/2 on $mux $procmux$8436.
    dead port 2/2 on $mux $procmux$19136.
    dead port 2/2 on $mux $procmux$8420.
    dead port 2/2 on $mux $procmux$14147.
    dead port 1/3 on $pmux $procmux$2803.
    dead port 2/3 on $pmux $procmux$2803.
    dead port 2/2 on $mux $procmux$8418.
    dead port 2/2 on $mux $procmux$2800.
    dead port 2/2 on $mux $procmux$11190.
    dead port 2/2 on $mux $procmux$8402.
    dead port 2/2 on $mux $procmux$14112.
    dead port 2/2 on $mux $procmux$23819.
    dead port 2/2 on $mux $procmux$8400.
    dead port 1/2 on $mux $procmux$19134.
    dead port 2/2 on $mux $procmux$8384.
    dead port 1/3 on $pmux $procmux$2774.
    dead port 2/3 on $pmux $procmux$2774.
    dead port 2/2 on $mux $procmux$2771.
    dead port 2/2 on $mux $procmux$21314.
    dead port 2/2 on $mux $procmux$11188.
    dead port 2/2 on $mux $procmux$14110.
    dead port 2/2 on $mux $procmux$8382.
    dead port 2/2 on $mux $procmux$14075.
    dead port 2/2 on $mux $procmux$19079.
    dead port 1/3 on $pmux $procmux$2744.
    dead port 2/3 on $pmux $procmux$2744.
    dead port 2/2 on $mux $procmux$4634.
    dead port 2/2 on $mux $procmux$2741.
    dead port 2/2 on $mux $procmux$8361.
    dead port 2/2 on $mux $procmux$14073.
    dead port 2/2 on $mux $procmux$8359.
    dead port 2/2 on $mux $procmux$23711.
    dead port 2/2 on $mux $procmux$14038.
    dead port 1/3 on $pmux $procmux$2714.
    dead port 2/3 on $pmux $procmux$2714.
    dead port 2/2 on $mux $procmux$11155.
    dead port 2/2 on $mux $procmux$2711.
    dead port 2/2 on $mux $procmux$19077.
    dead port 2/2 on $mux $procmux$8338.
    dead port 2/2 on $mux $procmux$5283.
    dead port 2/2 on $mux $procmux$14036.
    dead port 2/2 on $mux $procmux$11153.
    dead port 2/2 on $mux $procmux$5281.
    dead port 1/3 on $pmux $procmux$2685.
    dead port 2/3 on $pmux $procmux$2685.
    dead port 2/2 on $mux $procmux$8336.
    dead port 2/2 on $mux $procmux$2682.
    dead port 2/2 on $mux $procmux$17230.
    dead port 2/2 on $mux $procmux$8315.
    dead port 1/3 on $pmux $procmux$2657.
    dead port 2/3 on $pmux $procmux$2657.
    dead port 2/2 on $mux $procmux$2654.
    dead port 2/2 on $mux $procmux$11151.
    dead port 2/2 on $mux $procmux$8313.
    dead port 2/2 on $mux $procmux$19025.
    dead port 2/2 on $mux $procmux$5265.
    dead port 2/2 on $mux $procmux$5263.
    dead port 1/3 on $pmux $procmux$2628.
    dead port 2/3 on $pmux $procmux$2628.
    dead port 2/2 on $mux $procmux$2625.
    dead port 2/2 on $mux $procmux$21259.
    dead port 2/2 on $mux $procmux$8293.
    dead port 2/2 on $mux $procmux$8291.
    dead port 1/2 on $mux $procmux$2623.
    dead port 2/2 on $mux $procmux$2621.
    dead port 2/2 on $mux $procmux$19023.
    dead port 2/2 on $mux $procmux$8271.
    dead port 1/3 on $pmux $procmux$2597.
    dead port 2/3 on $pmux $procmux$2597.
    dead port 2/2 on $mux $procmux$2594.
    dead port 2/2 on $mux $procmux$12052.
    dead port 2/2 on $mux $procmux$8269.
    dead port 2/2 on $mux $procmux$11118.
    dead port 1/2 on $mux $procmux$2592.
    dead port 1/2 on $mux $procmux$2590.
    dead port 2/2 on $mux $procmux$2588.
    dead port 2/2 on $mux $procmux$5247.
    dead port 2/2 on $mux $procmux$13990.
    dead port 1/3 on $pmux $procmux$2565.
    dead port 2/3 on $pmux $procmux$2565.
    dead port 2/2 on $mux $procmux$5245.
    dead port 2/2 on $mux $procmux$2562.
    dead port 2/2 on $mux $procmux$4266.
    dead port 2/2 on $mux $procmux$8252.
    dead port 2/2 on $mux $procmux$24385.
    dead port 2/2 on $mux $procmux$13988.
    dead port 1/3 on $pmux $procmux$2538.
    dead port 2/3 on $pmux $procmux$2538.
    dead port 2/2 on $mux $procmux$8250.
    dead port 2/2 on $mux $procmux$2535.
    dead port 2/2 on $mux $procmux$4264.
    dead port 2/2 on $mux $procmux$18970.
    dead port 2/2 on $mux $procmux$8236.
    dead port 2/2 on $mux $procmux$8234.
    dead port 2/2 on $mux $procmux$5231.
    dead port 1/3 on $pmux $procmux$2511.
    dead port 2/3 on $pmux $procmux$2511.
    dead port 2/2 on $mux $procmux$11116.
    dead port 2/2 on $mux $procmux$2508.
    dead port 2/2 on $mux $procmux$21713.
    dead port 2/2 on $mux $procmux$5229.
    dead port 2/2 on $mux $procmux$17181.
    dead port 2/2 on $mux $procmux$8220.
    dead port 2/2 on $mux $procmux$8218.
    dead port 2/2 on $mux $procmux$18968.
    dead port 2/2 on $mux $procmux$8204.
    dead port 1/3 on $pmux $procmux$2484.
    dead port 2/3 on $pmux $procmux$2484.
    dead port 2/2 on $mux $procmux$2481.
    dead port 2/2 on $mux $procmux$11114.
    dead port 2/2 on $mux $procmux$8202.
    dead port 2/2 on $mux $procmux$8188.
    dead port 1/3 on $pmux $procmux$2457.
    dead port 2/3 on $pmux $procmux$2457.
    dead port 2/2 on $mux $procmux$5214.
    dead port 2/2 on $mux $procmux$2454.
    dead port 2/2 on $mux $procmux$8186.
    dead port 2/2 on $mux $procmux$5212.
    dead port 2/2 on $mux $procmux$17179.
    dead port 2/2 on $mux $procmux$8172.
    dead port 2/2 on $mux $procmux$13943.
    dead port 2/2 on $mux $procmux$8170.
    dead port 1/3 on $pmux $procmux$2430.
    dead port 2/3 on $pmux $procmux$2430.
    dead port 2/2 on $mux $procmux$18917.
    dead port 2/2 on $mux $procmux$2427.
    dead port 2/2 on $mux $procmux$11081.
    dead port 2/2 on $mux $procmux$8156.
    dead port 2/2 on $mux $procmux$13941.
    dead port 2/2 on $mux $procmux$8154.
    dead port 2/2 on $mux $procmux$12050.
    dead port 2/2 on $mux $procmux$5197.
    dead port 1/3 on $pmux $procmux$2402.
    dead port 2/3 on $pmux $procmux$2402.
    dead port 2/2 on $mux $procmux$8140.
    dead port 2/2 on $mux $procmux$2399.
    dead port 2/2 on $mux $procmux$11079.
    dead port 2/2 on $mux $procmux$8138.
    dead port 2/2 on $mux $procmux$8124.
    dead port 2/2 on $mux $procmux$8122.
    dead port 2/2 on $mux $procmux$18915.
    dead port 2/2 on $mux $procmux$8108.
    dead port 2/2 on $mux $procmux$21257.
    dead port 1/3 on $pmux $procmux$2373.
    dead port 2/3 on $pmux $procmux$2373.
    dead port 2/2 on $mux $procmux$2370.
    dead port 1/2 on $mux $procmux$11077.
    dead port 2/2 on $mux $procmux$8106.
    dead port 2/2 on $mux $procmux$8092.
    dead port 2/2 on $mux $procmux$8090.
    dead port 2/2 on $mux $procmux$8076.
    dead port 2/2 on $mux $procmux$13896.
    dead port 2/2 on $mux $procmux$8074.
    dead port 1/3 on $pmux $procmux$2344.
    dead port 2/3 on $pmux $procmux$2344.
    dead port 2/2 on $mux $procmux$2341.
    dead port 2/2 on $mux $procmux$11047.
    dead port 2/2 on $mux $procmux$18863.
    dead port 2/2 on $mux $procmux$8060.
    dead port 2/2 on $mux $procmux$13894.
    dead port 2/2 on $mux $procmux$8058.
    dead port 2/2 on $mux $procmux$8044.
    dead port 1/3 on $pmux $procmux$2318.
    dead port 2/3 on $pmux $procmux$2318.
    dead port 2/2 on $mux $procmux$2315.
    dead port 2/2 on $mux $procmux$8042.
    dead port 2/2 on $mux $procmux$11045.
    dead port 2/2 on $mux $procmux$18861.
    dead port 2/2 on $mux $procmux$8028.
    dead port 2/2 on $mux $procmux$8026.
    dead port 1/3 on $pmux $procmux$2291.
    dead port 2/3 on $pmux $procmux$2291.
    dead port 2/2 on $mux $procmux$2288.
    dead port 1/2 on $mux $procmux$21255.
    dead port 2/2 on $mux $procmux$8012.
    dead port 2/2 on $mux $procmux$8010.
    dead port 2/2 on $mux $procmux$7996.
    dead port 2/2 on $mux $procmux$7994.
    dead port 1/2 on $mux $procmux$2286.
    dead port 2/2 on $mux $procmux$18811.
    dead port 2/2 on $mux $procmux$2284.
    dead port 2/2 on $mux $procmux$7980.
    dead port 2/2 on $mux $procmux$13849.
    dead port 1/3 on $pmux $procmux$2273.
    dead port 2/3 on $pmux $procmux$2273.
    dead port 2/2 on $mux $procmux$7978.
    dead port 2/2 on $mux $procmux$2270.
    dead port 1/2 on $mux $procmux$11043.
    dead port 2/2 on $mux $procmux$7964.
    dead port 2/2 on $mux $procmux$13847.
    dead port 2/2 on $mux $procmux$7962.
    dead port 2/2 on $mux $procmux$18809.
    dead port 2/2 on $mux $procmux$7948.
    dead port 2/2 on $mux $procmux$11013.
    dead port 1/3 on $pmux $procmux$2253.
    dead port 2/3 on $pmux $procmux$2253.
    dead port 2/2 on $mux $procmux$2250.
    dead port 2/2 on $mux $procmux$7946.
    dead port 2/2 on $mux $procmux$7932.
    dead port 2/2 on $mux $procmux$7930.
    dead port 2/2 on $mux $procmux$7916.
    dead port 1/3 on $pmux $procmux$2233.
    dead port 2/3 on $pmux $procmux$2233.
    dead port 2/2 on $mux $procmux$11011.
    dead port 2/2 on $mux $procmux$2230.
    dead port 2/2 on $mux $procmux$17177.
    dead port 2/2 on $mux $procmux$7914.
    dead port 2/2 on $mux $procmux$18761.
    dead port 2/2 on $mux $procmux$7900.
    dead port 2/2 on $mux $procmux$7898.
    dead port 1/3 on $pmux $procmux$2213.
    dead port 2/3 on $pmux $procmux$2213.
    dead port 2/2 on $mux $procmux$2210.
    dead port 2/2 on $mux $procmux$12016.
    dead port 2/2 on $mux $procmux$18759.
    dead port 2/2 on $mux $procmux$7878.
    dead port 1/2 on $mux $procmux$11009.
    dead port 2/2 on $mux $procmux$13801.
    dead port 1/3 on $pmux $procmux$2193.
    dead port 2/3 on $pmux $procmux$2193.
    dead port 2/2 on $mux $procmux$7876.
    dead port 2/2 on $mux $procmux$2190.
    dead port 2/2 on $mux $procmux$5143.
    dead port 2/2 on $mux $procmux$5141.
    dead port 2/2 on $mux $procmux$5133.
    dead port 2/2 on $mux $procmux$13799.
    dead port 2/2 on $mux $procmux$5131.
    dead port 1/3 on $pmux $procmux$2173.
    dead port 2/3 on $pmux $procmux$2173.
    dead port 2/2 on $mux $procmux$10979.
    dead port 2/2 on $mux $procmux$2170.
    dead port 2/2 on $mux $procmux$21199.
    dead port 2/2 on $mux $procmux$5123.
    dead port 2/2 on $mux $procmux$18711.
    dead port 2/2 on $mux $procmux$5121.
    dead port 2/2 on $mux $procmux$24387.
    dead port 2/2 on $mux $procmux$5113.
    dead port 1/3 on $pmux $procmux$2153.
    dead port 2/3 on $pmux $procmux$2153.
    dead port 2/2 on $mux $procmux$2150.
    dead port 2/2 on $mux $procmux$10977.
    dead port 2/2 on $mux $procmux$5111.
    dead port 2/2 on $mux $procmux$7855.
    dead port 2/2 on $mux $procmux$5103.
    dead port 2/2 on $mux $procmux$5101.
    dead port 1/3 on $pmux $procmux$2134.
    dead port 2/3 on $pmux $procmux$2134.
    dead port 2/2 on $mux $procmux$7853.
    dead port 2/2 on $mux $procmux$2131.
    dead port 1/2 on $mux $procmux$10975.
    dead port 2/2 on $mux $procmux$5093.
    dead port 2/2 on $mux $procmux$5091.
    dead port 2/2 on $mux $procmux$2129.
    dead port 2/2 on $mux $procmux$18709.
    dead port 2/2 on $mux $procmux$5078.
    dead port 1/3 on $pmux $procmux$2112.
    dead port 2/3 on $pmux $procmux$2112.
    dead port 2/2 on $mux $procmux$2109.
    dead port 2/2 on $mux $procmux$10945.
    dead port 2/2 on $mux $procmux$5076.
    dead port 2/2 on $mux $procmux$2107.
    dead port 2/2 on $mux $procmux$17128.
    dead port 2/2 on $mux $procmux$7832.
    dead port 2/2 on $mux $procmux$5063.
    dead port 1/3 on $pmux $procmux$2090.
    dead port 2/3 on $pmux $procmux$2090.
    dead port 2/2 on $mux $procmux$5061.
    dead port 2/2 on $mux $procmux$2087.
    dead port 2/2 on $mux $procmux$10943.
    dead port 2/2 on $mux $procmux$7830.
    dead port 2/2 on $mux $procmux$18661.
    dead port 2/2 on $mux $procmux$5049.
    dead port 2/2 on $mux $procmux$2085.
    dead port 1/3 on $pmux $procmux$2068.
    dead port 2/3 on $pmux $procmux$2068.
    dead port 1/2 on $mux $procmux$10941.
    dead port 2/2 on $mux $procmux$2065.
    dead port 2/2 on $mux $procmux$7809.
    dead port 2/2 on $mux $procmux$13753.
    dead port 2/2 on $mux $procmux$7807.
    dead port 2/2 on $mux $procmux$10911.
    dead port 1/2 on $mux $procmux$2063.
    dead port 2/2 on $mux $procmux$18659.
    dead port 2/2 on $mux $procmux$2061.
    dead port 2/2 on $mux $procmux$17126.
    dead port 2/2 on $mux $procmux$13751.
    dead port 1/3 on $pmux $procmux$2045.
    dead port 2/3 on $pmux $procmux$2045.
    dead port 2/2 on $mux $procmux$7787.
    dead port 2/2 on $mux $procmux$2042.
    dead port 2/2 on $mux $procmux$10909.
    dead port 2/2 on $mux $procmux$7785.
    dead port 2/2 on $mux $procmux$13715.
    dead port 1/2 on $mux $procmux$2040.
    dead port 2/2 on $mux $procmux$18611.
    dead port 2/2 on $mux $procmux$2038.
    dead port 2/2 on $mux $procmux$7766.
    dead port 2/2 on $mux $procmux$13713.
    dead port 2/2 on $mux $procmux$7764.
    dead port 1/2 on $mux $procmux$10907.
    dead port 2/2 on $mux $procmux$7746.
    dead port 1/3 on $pmux $procmux$2022.
    dead port 2/3 on $pmux $procmux$2022.
    dead port 2/2 on $mux $procmux$13711.
    dead port 2/2 on $mux $procmux$2019.
    dead port 2/2 on $mux $procmux$7744.
    dead port 2/2 on $mux $procmux$10877.
    dead port 1/2 on $mux $procmux$2017.
    dead port 2/2 on $mux $procmux$2015.
    dead port 2/2 on $mux $procmux$21197.
    dead port 2/2 on $mux $procmux$24115.
    dead port 2/2 on $mux $procmux$7725.
    dead port 2/2 on $mux $procmux$7723.
    dead port 1/3 on $pmux $procmux$1999.
    dead port 2/3 on $pmux $procmux$1999.
    dead port 2/2 on $mux $procmux$18609.
    dead port 2/2 on $mux $procmux$1996.
    dead port 2/2 on $mux $procmux$10875.
    dead port 2/2 on $mux $procmux$4622.
    dead port 2/2 on $mux $procmux$13672.
    dead port 2/2 on $mux $procmux$12014.
    dead port 1/2 on $mux $procmux$10873.
    dead port 2/2 on $mux $procmux$7704.
    dead port 1/3 on $pmux $procmux$1980.
    dead port 2/3 on $pmux $procmux$1980.
    dead port 2/2 on $mux $procmux$7702.
    dead port 2/2 on $mux $procmux$1977.
    dead port 2/2 on $mux $procmux$13670.
    dead port 1/2 on $mux $procmux$7698.
    dead port 2/2 on $mux $procmux$18561.
    dead port 2/2 on $mux $procmux$7696.
    dead port 1/3 on $pmux $procmux$1961.
    dead port 2/3 on $pmux $procmux$1961.
    dead port 2/2 on $mux $procmux$7677.
    dead port 2/2 on $mux $procmux$1958.
    dead port 2/2 on $mux $procmux$10843.
    dead port 2/2 on $mux $procmux$7675.
    dead port 1/2 on $mux $procmux$21195.
    dead port 2/2 on $mux $procmux$13633.
    dead port 2/2 on $mux $procmux$17543.
    dead port 1/3 on $pmux $procmux$1942.
    dead port 2/3 on $pmux $procmux$1942.
    dead port 2/2 on $mux $procmux$1939.
    dead port 2/2 on $mux $procmux$4257.
    dead port 2/2 on $mux $procmux$7654.
    dead port 2/2 on $mux $procmux$10841.
    dead port 2/2 on $mux $procmux$13631.
    dead port 2/2 on $mux $procmux$7652.
    dead port 2/2 on $mux $procmux$18559.
    dead port 1/3 on $pmux $procmux$1923.
    dead port 2/3 on $pmux $procmux$1923.
    dead port 2/2 on $mux $procmux$1920.
    dead port 2/2 on $mux $procmux$4255.
    dead port 2/2 on $mux $procmux$7631.
    dead port 2/2 on $mux $procmux$13594.
    dead port 1/3 on $pmux $procmux$1904.
    dead port 2/3 on $pmux $procmux$1904.
    dead port 2/2 on $mux $procmux$7629.
    dead port 2/2 on $mux $procmux$1901.
    dead port 2/2 on $mux $procmux$4995.
    dead port 1/3 on $pmux $procmux$1885.
    dead port 2/3 on $pmux $procmux$1885.
    dead port 2/2 on $mux $procmux$13592.
    dead port 2/2 on $mux $procmux$1882.
    dead port 1/2 on $mux $procmux$10839.
    dead port 2/2 on $mux $procmux$4993.
    dead port 2/2 on $mux $procmux$4986.
    dead port 2/2 on $mux $procmux$4984.
    dead port 1/3 on $pmux $procmux$1867.
    dead port 2/3 on $pmux $procmux$1867.
    dead port 2/2 on $mux $procmux$4977.
    dead port 2/2 on $mux $procmux$1864.
    dead port 2/2 on $mux $procmux$4975.
    dead port 2/2 on $mux $procmux$7608.
    dead port 2/2 on $mux $procmux$4968.
    dead port 2/2 on $mux $procmux$1862.
    dead port 2/2 on $mux $procmux$13555.
    dead port 2/2 on $mux $procmux$10809.
    dead port 2/2 on $mux $procmux$4966.
    dead port 2/2 on $mux $procmux$7606.
    dead port 2/2 on $mux $procmux$4959.
    dead port 1/2 on $mux $procmux$17124.
    dead port 1/3 on $pmux $procmux$1846.
    dead port 2/3 on $pmux $procmux$1846.
    dead port 2/2 on $mux $procmux$18508.
    dead port 2/2 on $mux $procmux$1843.
    dead port 2/2 on $mux $procmux$10807.
    dead port 2/2 on $mux $procmux$4957.
    dead port 2/2 on $mux $procmux$4950.
    dead port 2/2 on $mux $procmux$13553.
    dead port 2/2 on $mux $procmux$1841.
    dead port 2/2 on $mux $procmux$21139.
    dead port 2/2 on $mux $procmux$4948.
    dead port 2/2 on $mux $procmux$4941.
    dead port 1/2 on $mux $procmux$10805.
    dead port 1/3 on $pmux $procmux$1825.
    dead port 2/3 on $pmux $procmux$1825.
    dead port 2/2 on $mux $procmux$4939.
    dead port 2/2 on $mux $procmux$1822.
    dead port 2/2 on $mux $procmux$1820.
    dead port 2/2 on $mux $procmux$4927.
    dead port 2/2 on $mux $procmux$13516.
    dead port 2/2 on $mux $procmux$4925.
    dead port 2/2 on $mux $procmux$7584.
    dead port 1/3 on $pmux $procmux$1804.
    dead port 2/3 on $pmux $procmux$1804.
    dead port 2/2 on $mux $procmux$1801.
    dead port 2/2 on $mux $procmux$10775.
    dead port 2/2 on $mux $procmux$23117.
    dead port 2/2 on $mux $procmux$18506.
    dead port 2/2 on $mux $procmux$4913.
    dead port 1/2 on $mux $procmux$1799.
    dead port 2/2 on $mux $procmux$7582.
    dead port 2/2 on $mux $procmux$1797.
    dead port 2/2 on $mux $procmux$4911.
    dead port 2/2 on $mux $procmux$13514.
    dead port 2/2 on $mux $procmux$4900.
    dead port 1/3 on $pmux $procmux$1782.
    dead port 2/3 on $pmux $procmux$1782.
    dead port 2/2 on $mux $procmux$17122.
    dead port 2/2 on $mux $procmux$1779.
    dead port 2/2 on $mux $procmux$4246.
    dead port 2/2 on $mux $procmux$4898.
    dead port 1/2 on $mux $procmux$1777.
    dead port 2/2 on $mux $procmux$1775.
    dead port 2/2 on $mux $procmux$4887.
    dead port 2/2 on $mux $procmux$10773.
    dead port 2/2 on $mux $procmux$7562.
    dead port 2/2 on $mux $procmux$13477.
    dead port 2/2 on $mux $procmux$7560.
    dead port 1/3 on $pmux $procmux$1760.
    dead port 2/3 on $pmux $procmux$1760.
    dead port 2/2 on $mux $procmux$1757.
    dead port 2/2 on $mux $procmux$13475.
    dead port 2/2 on $mux $procmux$18455.
    dead port 2/2 on $mux $procmux$7540.
    dead port 1/3 on $pmux $procmux$1742.
    dead port 2/3 on $pmux $procmux$1742.
    dead port 2/2 on $mux $procmux$4244.
    dead port 2/2 on $mux $procmux$1739.
    dead port 2/2 on $mux $procmux$7538.
    dead port 2/2 on $mux $procmux$13438.
    dead port 2/2 on $mux $procmux$13436.
    dead port 2/2 on $mux $procmux$18453.
    dead port 1/3 on $pmux $procmux$1725.
    dead port 2/3 on $pmux $procmux$1725.
    dead port 2/2 on $mux $procmux$1722.
    dead port 2/2 on $mux $procmux$13434.
    dead port 2/2 on $mux $procmux$7516.
    dead port 1/2 on $mux $procmux$10771.
    dead port 1/3 on $pmux $procmux$1706.
    dead port 2/3 on $pmux $procmux$1706.
    dead port 2/2 on $mux $procmux$7514.
    dead port 2/2 on $mux $procmux$1703.
    dead port 1/3 on $pmux $procmux$1687.
    dead port 2/3 on $pmux $procmux$1687.
    dead port 2/2 on $mux $procmux$10768.
    dead port 2/2 on $mux $procmux$1684.
    dead port 2/2 on $mux $procmux$7494.
    dead port 2/2 on $mux $procmux$13394.
    dead port 2/2 on $mux $procmux$7492.
    dead port 1/3 on $pmux $procmux$1668.
    dead port 2/3 on $pmux $procmux$1668.
    dead port 2/2 on $mux $procmux$1665.
    dead port 2/2 on $mux $procmux$18402.
    dead port 2/2 on $mux $procmux$13392.
    dead port 2/2 on $mux $procmux$13390.
    dead port 1/3 on $pmux $procmux$1649.
    dead port 2/3 on $pmux $procmux$1649.
    dead port 2/2 on $mux $procmux$1646.
    dead port 2/2 on $mux $procmux$18400.
    dead port 1/3 on $pmux $procmux$1630.
    dead port 2/3 on $pmux $procmux$1630.
    dead port 2/2 on $mux $procmux$1627.
    dead port 2/2 on $mux $procmux$13350.
    dead port 2/2 on $mux $procmux$7477.
    dead port 1/3 on $pmux $procmux$1610.
    dead port 2/3 on $pmux $procmux$1610.
    dead port 2/2 on $mux $procmux$7475.
    dead port 2/2 on $mux $procmux$1607.
    dead port 2/2 on $mux $procmux$13348.
    dead port 2/2 on $mux $procmux$18349.
    dead port 2/2 on $mux $procmux$7460.
    dead port 1/3 on $pmux $procmux$1591.
    dead port 2/3 on $pmux $procmux$1591.
    dead port 2/2 on $mux $procmux$13346.
    dead port 2/2 on $mux $procmux$1588.
    dead port 2/2 on $mux $procmux$7458.
    dead port 2/2 on $mux $procmux$7443.
    dead port 1/3 on $pmux $procmux$1571.
    dead port 2/3 on $pmux $procmux$1571.
    dead port 2/2 on $mux $procmux$7441.
    dead port 2/2 on $mux $procmux$1568.
    dead port 2/2 on $mux $procmux$17074.
    dead port 2/2 on $mux $procmux$18347.
    dead port 2/2 on $mux $procmux$13306.
    dead port 1/3 on $pmux $procmux$1553.
    dead port 2/3 on $pmux $procmux$1553.
    dead port 2/2 on $mux $procmux$7426.
    dead port 2/2 on $mux $procmux$1550.
    dead port 2/2 on $mux $procmux$7424.
    dead port 2/2 on $mux $procmux$13304.
    dead port 1/3 on $pmux $procmux$1534.
    dead port 2/3 on $pmux $procmux$1534.
    dead port 2/2 on $mux $procmux$7409.
    dead port 2/2 on $mux $procmux$1531.
    dead port 2/2 on $mux $procmux$13302.
    dead port 2/2 on $mux $procmux$7407.
    dead port 1/3 on $pmux $procmux$1516.
    dead port 2/3 on $pmux $procmux$1516.
    dead port 2/2 on $mux $procmux$1513.
    dead port 2/2 on $mux $procmux$21137.
    dead port 2/2 on $mux $procmux$24036.
    dead port 2/2 on $mux $procmux$7392.
    dead port 1/3 on $pmux $procmux$1498.
    dead port 2/3 on $pmux $procmux$1498.
    dead port 2/2 on $mux $procmux$4833.
    dead port 2/2 on $mux $procmux$1495.
    dead port 2/2 on $mux $procmux$7390.
    dead port 2/2 on $mux $procmux$18297.
    dead port 2/2 on $mux $procmux$13262.
    dead port 2/2 on $mux $procmux$7375.
    dead port 1/3 on $pmux $procmux$1480.
    dead port 2/3 on $pmux $procmux$1480.
    dead port 2/2 on $mux $procmux$1477.
    dead port 2/2 on $mux $procmux$7373.
    dead port 2/2 on $mux $procmux$13260.
    dead port 1/3 on $pmux $procmux$1462.
    dead port 2/3 on $pmux $procmux$1462.
    dead port 2/2 on $mux $procmux$7358.
    dead port 2/2 on $mux $procmux$1459.
    dead port 2/2 on $mux $procmux$4235.
    dead port 2/2 on $mux $procmux$18295.
    dead port 2/2 on $mux $procmux$7356.
    dead port 2/2 on $mux $procmux$13258.
    dead port 1/3 on $pmux $procmux$1444.
    dead port 2/3 on $pmux $procmux$1444.
    dead port 2/2 on $mux $procmux$1441.
    dead port 2/2 on $mux $procmux$17072.
    dead port 2/2 on $mux $procmux$7341.
    dead port 2/2 on $mux $procmux$7339.
    dead port 2/2 on $mux $procmux$13219.
    dead port 1/3 on $pmux $procmux$1425.
    dead port 2/3 on $pmux $procmux$1425.
    dead port 2/2 on $mux $procmux$1422.
    dead port 2/2 on $mux $procmux$7324.
    dead port 2/2 on $mux $procmux$13217.
    dead port 2/2 on $mux $procmux$7322.
    dead port 2/2 on $mux $procmux$18245.
    dead port 1/3 on $pmux $procmux$1407.
    dead port 2/3 on $pmux $procmux$1407.
    dead port 2/2 on $mux $procmux$1404.
    dead port 2/2 on $mux $procmux$13181.
    dead port 2/2 on $mux $procmux$13179.
    dead port 2/2 on $mux $procmux$18243.
    dead port 1/3 on $pmux $procmux$1388.
    dead port 2/3 on $pmux $procmux$1388.
    dead port 2/2 on $mux $procmux$13143.
    dead port 2/2 on $mux $procmux$1385.
    dead port 2/2 on $mux $procmux$4233.
    dead port 2/2 on $mux $procmux$13141.
    dead port 2/2 on $mux $procmux$11980.
    dead port 1/2 on $mux $procmux$1383.
    dead port 1/2 on $mux $procmux$1381.
    dead port 2/2 on $mux $procmux$13105.
    dead port 2/2 on $mux $procmux$1379.
    dead port 2/2 on $mux $procmux$18193.
    dead port 1/3 on $pmux $procmux$1370.
    dead port 2/3 on $pmux $procmux$1370.
    dead port 2/2 on $mux $procmux$13103.
    dead port 2/2 on $mux $procmux$1367.
    dead port 2/2 on $mux $procmux$10731.
    dead port 2/2 on $mux $procmux$7256.
    dead port 2/2 on $mux $procmux$7254.
    dead port 2/2 on $mux $procmux$13067.
    dead port 2/2 on $mux $procmux$18191.
    dead port 2/2 on $mux $procmux$13065.
    dead port 2/2 on $mux $procmux$11978.
    dead port 2/2 on $mux $procmux$13063.
    dead port 1/3 on $pmux $procmux$1352.
    dead port 2/3 on $pmux $procmux$1352.
    dead port 2/2 on $mux $procmux$10729.
    dead port 2/2 on $mux $procmux$1349.
    dead port 2/2 on $mux $procmux$7231.
    dead port 2/2 on $mux $procmux$7229.
    dead port 2/2 on $mux $procmux$24117.
    dead port 2/2 on $mux $procmux$17541.
    dead port 1/2 on $mux $procmux$10727.
    dead port 1/3 on $pmux $procmux$1334.
    dead port 2/3 on $pmux $procmux$1334.
    dead port 2/2 on $mux $procmux$1331.
    dead port 2/2 on $mux $procmux$10724.
    dead port 2/2 on $mux $procmux$7206.
    dead port 2/2 on $mux $procmux$13025.
    dead port 2/2 on $mux $procmux$7204.
    dead port 2/2 on $mux $procmux$22847.
    dead port 2/2 on $mux $procmux$13023.
    dead port 2/2 on $mux $procmux$18141.
    dead port 1/3 on $pmux $procmux$1317.
    dead port 2/3 on $pmux $procmux$1317.
    dead port 2/2 on $mux $procmux$1314.
    dead port 2/2 on $mux $procmux$12988.
    dead port 2/2 on $mux $procmux$4779.
    dead port 2/2 on $mux $procmux$4610.
    dead port 2/2 on $mux $procmux$7181.
    dead port 2/2 on $mux $procmux$4608.
    dead port 1/2 on $mux $procmux$21135.
    dead port 2/2 on $mux $procmux$7179.
    dead port 2/2 on $mux $procmux$12986.
    dead port 2/2 on $mux $procmux$18139.
    dead port 1/3 on $pmux $procmux$1299.
    dead port 2/3 on $pmux $procmux$1299.
    dead port 2/2 on $mux $procmux$1296.
    dead port 2/2 on $mux $procmux$12951.
    dead port 2/2 on $mux $procmux$4224.
    dead port 2/2 on $mux $procmux$23603.
    dead port 2/2 on $mux $procmux$7155.
    dead port 2/2 on $mux $procmux$12949.
    dead port 1/3 on $pmux $procmux$1286.
    dead port 2/3 on $pmux $procmux$1286.
    dead port 2/2 on $mux $procmux$7153.
    dead port 2/2 on $mux $procmux$1283.
    dead port 2/2 on $mux $procmux$12914.
    dead port 2/2 on $mux $procmux$4222.
    dead port 2/2 on $mux $procmux$7131.
    dead port 2/2 on $mux $procmux$7129.
    dead port 2/2 on $mux $procmux$12912.
    dead port 1/3 on $pmux $procmux$1271.
    dead port 2/3 on $pmux $procmux$1271.
    dead port 2/2 on $mux $procmux$1268.
    dead port 2/2 on $mux $procmux$11944.
    dead port 2/2 on $mux $procmux$7107.
    dead port 2/2 on $mux $procmux$12877.
    dead port 2/2 on $mux $procmux$7105.
    dead port 2/2 on $mux $procmux$12875.
    dead port 2/2 on $mux $procmux$21079.
    dead port 1/3 on $pmux $procmux$1256.
    dead port 2/3 on $pmux $procmux$1256.
    dead port 2/2 on $mux $procmux$18088.
    dead port 2/2 on $mux $procmux$1253.
    dead port 1/2 on $mux $procmux$17070.
    dead port 2/2 on $mux $procmux$7083.
    dead port 2/2 on $mux $procmux$12840.
    dead port 2/2 on $mux $procmux$7081.
    dead port 2/2 on $mux $procmux$12838.
    dead port 2/2 on $mux $procmux$18086.
    dead port 1/3 on $pmux $procmux$1241.
    dead port 2/3 on $pmux $procmux$1241.
    dead port 2/2 on $mux $procmux$21658.
    dead port 2/2 on $mux $procmux$1238.
    dead port 2/2 on $mux $procmux$22091.
    dead port 2/2 on $mux $procmux$12803.
    dead port 2/2 on $mux $procmux$12801.
    dead port 2/2 on $mux $procmux$4595.
    dead port 2/2 on $mux $procmux$23873.
    dead port 2/2 on $mux $procmux$4593.
    dead port 2/2 on $mux $procmux$10686.
    dead port 1/3 on $pmux $procmux$1226.
    dead port 2/3 on $pmux $procmux$1226.
    dead port 2/2 on $mux $procmux$1223.
    dead port 2/2 on $mux $procmux$12766.
    dead port 2/2 on $mux $procmux$17068.
    dead port 2/2 on $mux $procmux$10684.
    dead port 2/2 on $mux $procmux$12764.
    dead port 2/2 on $mux $procmux$18036.
    dead port 2/2 on $mux $procmux$12729.
    dead port 2/2 on $mux $procmux$21077.
    dead port 2/2 on $mux $procmux$12727.
    dead port 1/3 on $pmux $procmux$1212.
    dead port 2/3 on $pmux $procmux$1212.
    dead port 2/2 on $mux $procmux$18034.
    dead port 2/2 on $mux $procmux$1209.
    dead port 2/2 on $mux $procmux$12692.
    dead port 1/2 on $mux $procmux$10682.
    dead port 2/2 on $mux $procmux$12690.
    dead port 2/2 on $mux $procmux$4213.
    dead port 2/2 on $mux $procmux$4725.
    dead port 1/2 on $mux $procmux$1207.
    dead port 2/2 on $mux $procmux$1205.
    dead port 2/2 on $mux $procmux$10679.
    dead port 2/2 on $mux $procmux$4723.
    dead port 1/3 on $pmux $procmux$1194.
    dead port 2/3 on $pmux $procmux$1194.
    dead port 2/2 on $mux $procmux$4211.
    dead port 2/2 on $mux $procmux$1191.
    dead port 2/2 on $mux $procmux$11942.
    dead port 1/2 on $mux $procmux$1189.
    dead port 1/2 on $mux $procmux$1187.
    dead port 2/2 on $mux $procmux$1185.
    dead port 1/3 on $pmux $procmux$1175.
    dead port 2/3 on $pmux $procmux$1175.
    dead port 2/2 on $mux $procmux$1172.
    dead port 2/2 on $mux $procmux$12655.
    dead port 2/2 on $mux $procmux$6609.
    dead port 2/2 on $mux $procmux$12653.
    dead port 2/2 on $mux $procmux$17985.
    dead port 2/2 on $mux $procmux$12651.
    dead port 1/3 on $pmux $procmux$1161.
    dead port 2/3 on $pmux $procmux$1161.
    dead port 2/2 on $mux $procmux$1158.
    dead port 2/2 on $mux $procmux$4706.
    dead port 2/2 on $mux $procmux$6985.
    dead port 2/2 on $mux $procmux$6983.
    dead port 1/3 on $pmux $procmux$1147.
    dead port 2/3 on $pmux $procmux$1147.
    dead port 2/2 on $mux $procmux$1144.
    dead port 2/2 on $mux $procmux$4580.
    dead port 2/2 on $mux $procmux$4578.
    dead port 2/2 on $mux $procmux$17020.
    dead port 2/2 on $mux $procmux$17983.
    dead port 2/2 on $mux $procmux$12612.
    dead port 1/3 on $pmux $procmux$1134.
    dead port 2/3 on $pmux $procmux$1134.
    dead port 2/2 on $mux $procmux$1131.
    dead port 2/2 on $mux $procmux$10643.
    dead port 2/2 on $mux $procmux$22739.
    dead port 2/2 on $mux $procmux$1129.
    dead port 1/3 on $pmux $procmux$1118.
    dead port 2/3 on $pmux $procmux$1118.
    dead port 2/2 on $mux $procmux$1115.
    dead port 2/2 on $mux $procmux$10641.
    dead port 2/2 on $mux $procmux$6961.
    dead port 2/2 on $mux $procmux$12610.
    dead port 2/2 on $mux $procmux$6959.
    dead port 2/2 on $mux $procmux$17938.
    dead port 2/2 on $mux $procmux$12608.
    dead port 1/3 on $pmux $procmux$1105.
    dead port 2/3 on $pmux $procmux$1105.
    dead port 2/2 on $mux $procmux$23765.
    dead port 2/2 on $mux $procmux$21931.
    dead port 2/2 on $mux $procmux$17018.
    dead port 2/2 on $mux $procmux$17936.
    dead port 2/2 on $mux $procmux$12569.
    dead port 2/2 on $mux $procmux$6607.
    dead port 1/2 on $mux $procmux$10639.
    dead port 2/2 on $mux $procmux$4565.
    dead port 2/2 on $mux $procmux$10636.
    dead port 2/2 on $mux $procmux$4563.
    dead port 1/3 on $pmux $procmux$1091.
    dead port 2/3 on $pmux $procmux$1091.
    dead port 2/2 on $mux $procmux$1088.
    dead port 1/3 on $pmux $procmux$4196.
    dead port 2/3 on $pmux $procmux$4196.
    dead port 2/2 on $mux $procmux$4548.
    dead port 2/2 on $mux $procmux$4546.
    dead port 1/3 on $pmux $procmux$1075.
    dead port 2/3 on $pmux $procmux$1075.
    dead port 2/2 on $mux $procmux$1072.
    dead port 2/2 on $mux $procmux$4531.
    dead port 2/2 on $mux $procmux$4529.
    dead port 1/3 on $pmux $procmux$1059.
    dead port 2/3 on $pmux $procmux$1059.
    dead port 2/2 on $mux $procmux$1056.
    dead port 2/2 on $mux $procmux$4514.
    dead port 2/2 on $mux $procmux$4512.
    dead port 1/3 on $pmux $procmux$1042.
    dead port 2/3 on $pmux $procmux$1042.
    dead port 2/2 on $mux $procmux$1039.
    dead port 1/2 on $mux $procmux$21075.
    dead port 1/3 on $pmux $procmux$1027.
    dead port 2/3 on $pmux $procmux$1027.
    dead port 2/2 on $mux $procmux$4497.
    dead port 2/2 on $mux $procmux$1024.
    dead port 2/2 on $mux $procmux$4495.
    dead port 1/3 on $pmux $procmux$1010.
    dead port 2/3 on $pmux $procmux$1010.
    dead port 2/2 on $mux $procmux$1007.
    dead port 2/2 on $mux $procmux$4479.
    dead port 2/2 on $mux $procmux$4477.
    dead port 1/3 on $pmux $procmux$994.
    dead port 2/3 on $pmux $procmux$994.
    dead port 2/2 on $mux $procmux$991.
    dead port 2/2 on $mux $procmux$4462.
    dead port 2/2 on $mux $procmux$4460.
    dead port 2/2 on $mux $procmux$21019.
    dead port 1/3 on $pmux $procmux$979.
    dead port 2/3 on $pmux $procmux$979.
    dead port 2/2 on $mux $procmux$976.
    dead port 2/2 on $mux $procmux$10599.
    dead port 1/3 on $pmux $procmux$964.
    dead port 2/3 on $pmux $procmux$964.
    dead port 2/2 on $mux $procmux$961.
    dead port 2/2 on $mux $procmux$22089.
    dead port 2/2 on $mux $procmux$10597.
    dead port 1/3 on $pmux $procmux$951.
    dead port 2/3 on $pmux $procmux$951.
    dead port 2/2 on $mux $procmux$948.
    dead port 1/3 on $pmux $procmux$4173.
    dead port 2/3 on $pmux $procmux$4173.
    dead port 1/2 on $mux $procmux$17016.
    dead port 2/2 on $mux $procmux$6914.
    dead port 1/3 on $pmux $procmux$937.
    dead port 2/3 on $pmux $procmux$937.
    dead port 2/2 on $mux $procmux$934.
    dead port 2/2 on $mux $procmux$6912.
    dead port 2/2 on $mux $procmux$12567.
    dead port 1/2 on $mux $procmux$6908.
    dead port 1/3 on $pmux $procmux$923.
    dead port 2/3 on $pmux $procmux$923.
    dead port 2/2 on $mux $procmux$920.
    dead port 1/2 on $mux $procmux$10595.
    dead port 2/2 on $mux $procmux$17891.
    dead port 2/2 on $mux $procmux$6906.
    dead port 1/3 on $pmux $procmux$909.
    dead port 2/3 on $pmux $procmux$909.
    dead port 2/2 on $mux $procmux$12565.
    dead port 2/2 on $mux $procmux$10592.
    dead port 2/2 on $mux $procmux$21017.
    dead port 2/2 on $mux $procmux$17889.
    dead port 2/2 on $mux $procmux$12526.
    dead port 2/2 on $mux $procmux$11908.
    dead port 2/2 on $mux $procmux$12524.
    dead port 2/2 on $mux $procmux$6881.
    dead port 2/2 on $mux $procmux$17844.
    dead port 2/2 on $mux $procmux$6879.
    dead port 2/2 on $mux $procmux$4450.
    dead port 2/2 on $mux $procmux$12522.
    dead port 2/2 on $mux $procmux$4448.
    dead port 2/2 on $mux $procmux$17648.
    dead port 1/2 on $mux $procmux$6875.
    dead port 2/2 on $mux $procmux$17014.
    dead port 2/2 on $mux $procmux$6873.
    dead port 2/2 on $mux $procmux$6854.
    dead port 2/2 on $mux $procmux$10556.
    dead port 1/3 on $pmux $procmux$4150.
    dead port 2/3 on $pmux $procmux$4150.
    dead port 2/2 on $mux $procmux$6852.
    dead port 2/2 on $mux $procmux$12483.
    dead port 1/3 on $pmux $procmux$892.
    dead port 2/3 on $pmux $procmux$892.
    dead port 2/2 on $mux $procmux$889.
    dead port 2/2 on $mux $procmux$10554.
    dead port 1/3 on $pmux $procmux$877.
    dead port 2/3 on $pmux $procmux$877.
    dead port 2/2 on $mux $procmux$874.
    dead port 1/2 on $mux $procmux$10552.
    dead port 1/3 on $pmux $procmux$862.
    dead port 2/3 on $pmux $procmux$862.
    dead port 2/2 on $mux $procmux$859.
    dead port 2/2 on $mux $procmux$10549.
    dead port 1/3 on $pmux $procmux$847.
    dead port 2/3 on $pmux $procmux$847.
    dead port 2/2 on $mux $procmux$844.
    dead port 2/2 on $mux $procmux$4437.
    dead port 2/2 on $mux $procmux$4435.
    dead port 1/3 on $pmux $procmux$831.
    dead port 2/3 on $pmux $procmux$831.
    dead port 2/2 on $mux $procmux$828.
    dead port 1/3 on $pmux $procmux$816.
    dead port 2/3 on $pmux $procmux$816.
    dead port 2/2 on $mux $procmux$813.
    dead port 2/2 on $mux $procmux$11906.
    dead port 2/2 on $mux $procmux$4423.
    dead port 2/2 on $mux $procmux$4421.
    dead port 2/2 on $mux $procmux$16966.
    dead port 1/3 on $pmux $procmux$800.
    dead port 2/3 on $pmux $procmux$800.
    dead port 2/2 on $mux $procmux$797.
    dead port 1/3 on $pmux $procmux$786.
    dead port 2/3 on $pmux $procmux$786.
    dead port 2/2 on $mux $procmux$783.
    dead port 2/2 on $mux $procmux$4409.
    dead port 1/3 on $pmux $procmux$772.
    dead port 2/3 on $pmux $procmux$772.
    dead port 2/2 on $mux $procmux$4407.
    dead port 2/2 on $mux $procmux$769.
    dead port 1/2 on $mux $procmux$21015.
    dead port 1/3 on $pmux $procmux$760.
    dead port 2/3 on $pmux $procmux$760.
    dead port 2/2 on $mux $procmux$10514.
    dead port 2/2 on $mux $procmux$757.
    dead port 2/2 on $mux $procmux$16964.
    dead port 2/2 on $mux $procmux$17842.
    dead port 1/2 on $mux $procmux$6848.
    dead port 2/2 on $mux $procmux$12481.
    dead port 2/2 on $mux $procmux$6846.
    dead port 2/2 on $mux $procmux$24171.
    dead port 1/3 on $pmux $procmux$747.
    dead port 2/3 on $pmux $procmux$747.
    dead port 2/2 on $mux $procmux$10512.
    dead port 2/2 on $mux $procmux$744.
    dead port 2/2 on $mux $procmux$4396.
    dead port 2/2 on $mux $procmux$4394.
    dead port 2/2 on $mux $procmux$4670.
    dead port 2/2 on $mux $procmux$6827.
    dead port 2/2 on $mux $procmux$12479.
    dead port 1/3 on $pmux $procmux$734.
    dead port 2/3 on $pmux $procmux$734.
    dead port 2/2 on $mux $procmux$4694.
    dead port 2/2 on $mux $procmux$731.
    dead port 2/2 on $mux $procmux$6825.
    dead port 1/2 on $mux $procmux$10510.
    dead port 2/2 on $mux $procmux$17797.
    dead port 1/2 on $mux $procmux$6821.
    dead port 1/3 on $pmux $procmux$721.
    dead port 2/3 on $pmux $procmux$721.
    dead port 2/2 on $mux $procmux$6819.
    dead port 2/2 on $mux $procmux$718.
    dead port 2/2 on $mux $procmux$11904.
    dead port 2/2 on $mux $procmux$10507.
    dead port 2/2 on $mux $procmux$6800.
    dead port 1/2 on $mux $procmux$716.
    dead port 2/2 on $mux $procmux$6798.
    dead port 2/2 on $mux $procmux$714.
    dead port 2/2 on $mux $procmux$12440.
    dead port 2/2 on $mux $procmux$17795.
    dead port 1/3 on $pmux $procmux$704.
    dead port 2/3 on $pmux $procmux$704.
    dead port 1/2 on $mux $procmux$6794.
    dead port 2/2 on $mux $procmux$12438.
    dead port 2/2 on $mux $procmux$6792.
    dead port 2/2 on $mux $procmux$6773.
    dead port 2/2 on $mux $procmux$12436.
    dead port 2/2 on $mux $procmux$6771.
    dead port 2/2 on $mux $procmux$6765.
    dead port 2/2 on $mux $procmux$17750.
    dead port 2/2 on $mux $procmux$6763.
    dead port 2/2 on $mux $procmux$12397.
    dead port 2/2 on $mux $procmux$17748.
    dead port 2/2 on $mux $procmux$6745.
    dead port 2/2 on $mux $procmux$12395.
    dead port 2/2 on $mux $procmux$681.
    dead port 2/2 on $mux $procmux$666.
    dead port 2/2 on $mux $procmux$647.
    dead port 2/2 on $mux $procmux$643.
    dead port 2/2 on $mux $procmux$636.
    dead port 2/2 on $mux $procmux$6743.
    dead port 2/2 on $mux $procmux$16921.
    dead port 2/2 on $mux $procmux$12393.
    dead port 2/2 on $mux $procmux$6725.
    dead port 2/2 on $mux $procmux$17703.
    dead port 2/2 on $mux $procmux$6723.
    dead port 2/2 on $mux $procmux$12354.
    dead port 2/2 on $mux $procmux$6706.
    dead port 2/2 on $mux $procmux$17701.
    dead port 2/2 on $mux $procmux$4385.
    dead port 2/2 on $mux $procmux$6704.
    dead port 2/2 on $mux $procmux$4383.
    dead port 2/2 on $mux $procmux$23171.
    dead port 2/2 on $mux $procmux$12352.
    dead port 2/2 on $mux $procmux$6699.
    dead port 2/2 on $mux $procmux$10472.
    dead port 1/3 on $pmux $procmux$4139.
    dead port 2/3 on $pmux $procmux$4139.
    dead port 2/2 on $mux $procmux$6697.
    dead port 2/2 on $mux $procmux$20959.
    dead port 2/2 on $mux $procmux$12350.
    dead port 2/2 on $mux $procmux$12310.
    dead port 2/2 on $mux $procmux$6684.
    dead port 2/2 on $mux $procmux$6682.
    dead port 2/2 on $mux $procmux$12308.
    dead port 2/2 on $mux $procmux$17650.
    dead port 1/2 on $mux $procmux$12306.
    dead port 2/2 on $mux $procmux$12303.
Removed 1667 multiplexer ports.
<suppressed ~5468 debug messages>

3.6.4. Executing OPT_REDUCE pass (consolidate $*mux and $reduce_* inputs).
  Optimizing cells in module \tv80_mcode_gold.
    New ctrl vector for $pmux cell $procmux$4685: { $procmux$4686_CTRL $auto$opt_reduce.cc:137:opt_pmux$24453 $procmux$4362_CTRL $procmux$4690_CTRL $procmux$22683_CMP }
    New ctrl vector for $pmux cell $procmux$22905: { $auto$opt_reduce.cc:137:opt_pmux$24455 $procmux$22659_CMP }
    New ctrl vector for $pmux cell $procmux$22797: { $auto$opt_reduce.cc:137:opt_pmux$24457 $procmux$22656_CMP }
    New ctrl vector for $pmux cell $procmux$23715: { $auto$opt_reduce.cc:137:opt_pmux$24459 $procmux$22655_CMP }
    New ctrl vector for $pmux cell $procmux$3729: { $procmux$4144_CTRL $procmux$4145_CTRL $procmux$4703_CMP [34] $procmux$4703_CMP [41] $procmux$4116_CTRL $procmux$4117_CTRL $procmux$4147_CTRL $procmux$4148_CTRL $auto$opt_reduce.cc:137:opt_pmux$24461 }
    New ctrl vector for $pmux cell $procmux$23229: { $auto$opt_reduce.cc:137:opt_pmux$24463 $procmux$22670_CMP }
    New ctrl vector for $pmux cell $procmux$22743: { $auto$opt_reduce.cc:137:opt_pmux$24467 $procmux$22857_CTRL $procmux$6668_CTRL $procmux$22644_CMP $procmux$22645_CMP $procmux$22646_CMP $procmux$22648_CMP $procmux$22649_CMP $auto$opt_reduce.cc:137:opt_pmux$24465 $procmux$22655_CMP $procmux$22658_CMP $procmux$22663_CMP $procmux$22664_CMP $procmux$22667_CMP $procmux$22672_CMP }
    New ctrl vector for $pmux cell $procmux$4999: { $auto$opt_reduce.cc:137:opt_pmux$24471 $procmux$22857_CTRL $procmux$6668_CTRL $procmux$22643_CMP $procmux$22644_CMP $procmux$22645_CMP $auto$opt_reduce.cc:137:opt_pmux$24469 $procmux$22658_CMP $procmux$22667_CMP $procmux$22671_CMP $procmux$22672_CMP }
    New ctrl vector for $pmux cell $procmux$23553: { $auto$opt_reduce.cc:137:opt_pmux$24473 $procmux$22647_CMP }
    New ctrl vector for $pmux cell $procmux$23175: { $auto$opt_reduce.cc:137:opt_pmux$24475 $procmux$22669_CMP }
    New ctrl vector for $pmux cell $procmux$24414: $auto$opt_reduce.cc:137:opt_pmux$24477
    New ctrl vector for $pmux cell $procmux$21881: { $auto$opt_reduce.cc:137:opt_pmux$24479 $procmux$22684_CMP }
    New ctrl vector for $pmux cell $procmux$23499: { $auto$opt_reduce.cc:137:opt_pmux$24481 $procmux$22644_CMP $procmux$22645_CMP }
    New ctrl vector for $pmux cell $procmux$23067: { $auto$opt_reduce.cc:137:opt_pmux$24483 $procmux$22646_CMP }
    New ctrl vector for $pmux cell $procmux$23121: { $auto$opt_reduce.cc:137:opt_pmux$24485 $procmux$22668_CMP }
    New ctrl vector for $pmux cell $procmux$4649: { $procmux$4686_CTRL $auto$opt_reduce.cc:137:opt_pmux$24487 $procmux$4362_CTRL $procmux$22683_CMP }
    New ctrl vector for $pmux cell $procmux$23661: { $auto$opt_reduce.cc:137:opt_pmux$24489 $procmux$6668_CTRL $procmux$22643_CMP $procmux$22650_CMP $procmux$22651_CMP $procmux$22658_CMP }
    New ctrl vector for $pmux cell $procmux$4637: { $procmux$4686_CTRL $procmux$4687_CTRL $procmux$4362_CTRL $procmux$4373_CTRL $auto$opt_reduce.cc:137:opt_pmux$24491 $procmux$22683_CMP $procmux$4681_CTRL }
    New ctrl vector for $pmux cell $procmux$4837: { $auto$opt_reduce.cc:137:opt_pmux$24493 $procmux$22693_CMP $procmux$22857_CTRL $procmux$22644_CMP $procmux$22645_CMP $procmux$22646_CMP $procmux$22655_CMP $procmux$22658_CMP $procmux$22663_CMP $procmux$22664_CMP $procmux$22667_CMP $procmux$22672_CMP $procmux$22674_CMP $procmux$22677_CMP $procmux$22678_CMP $procmux$22679_CMP $procmux$22683_CMP $procmux$22684_CMP }
    New ctrl vector for $pmux cell $procmux$5287: { $auto$opt_reduce.cc:137:opt_pmux$24495 $procmux$22693_CMP $procmux$22857_CTRL $procmux$22644_CMP $procmux$22645_CMP $procmux$22646_CMP $procmux$22655_CMP $procmux$22658_CMP $procmux$22663_CMP $procmux$22664_CMP $procmux$22665_CMP $procmux$22666_CMP $procmux$22667_CMP $procmux$22672_CMP $procmux$22674_CMP $procmux$22677_CMP $procmux$22678_CMP $procmux$22679_CMP $procmux$22683_CMP $procmux$22684_CMP }
    New ctrl vector for $pmux cell $procmux$23823: { $auto$opt_reduce.cc:137:opt_pmux$24499 $procmux$22646_CMP $auto$opt_reduce.cc:137:opt_pmux$24497 $procmux$22655_CMP $procmux$22663_CMP $procmux$22664_CMP $procmux$22665_CMP $procmux$22666_CMP }
    New ctrl vector for $pmux cell $procmux$24040: { $procmux$21828_CTRL $procmux$22691_CMP $procmux$22692_CMP $auto$opt_reduce.cc:137:opt_pmux$24501 }
    New ctrl vector for $pmux cell $procmux$23337: { $auto$opt_reduce.cc:137:opt_pmux$24503 $procmux$22644_CMP $procmux$22645_CMP $procmux$22674_CMP $procmux$22675_CMP }
    New ctrl vector for $pmux cell $procmux$4613: { $procmux$4686_CTRL $procmux$4687_CTRL $procmux$4362_CTRL $procmux$4373_CTRL $auto$opt_reduce.cc:137:opt_pmux$24505 $procmux$22683_CMP $procmux$4681_CTRL }
    New ctrl vector for $pmux cell $procmux$4783: { $auto$opt_reduce.cc:137:opt_pmux$24509 $auto$opt_reduce.cc:137:opt_pmux$24507 $procmux$22655_CMP $procmux$22663_CMP $procmux$22664_CMP $procmux$22665_CMP $procmux$22666_CMP $procmux$22667_CMP $procmux$22671_CMP $procmux$22675_CMP $procmux$23054_CTRL $procmux$22683_CMP $procmux$22684_CMP }
    New ctrl vector for $pmux cell $procmux$23607: { $auto$opt_reduce.cc:137:opt_pmux$24511 $procmux$22646_CMP $procmux$22648_CMP $procmux$22649_CMP }
    New ctrl vector for $pmux cell $procmux$3810: { $auto$opt_reduce.cc:137:opt_pmux$24519 $auto$opt_reduce.cc:137:opt_pmux$24517 $auto$opt_reduce.cc:137:opt_pmux$24515 $auto$opt_reduce.cc:137:opt_pmux$24513 }
    New ctrl vector for $pmux cell $procmux$23283: { $auto$opt_reduce.cc:137:opt_pmux$24521 $procmux$22673_CMP }
    New ctrl vector for $pmux cell $procmux$21719: { $auto$opt_reduce.cc:137:opt_pmux$24523 $procmux$22693_CMP $procmux$22857_CTRL $procmux$22644_CMP $procmux$22645_CMP $procmux$22658_CMP $procmux$22663_CMP $procmux$22664_CMP $procmux$22667_CMP $procmux$22672_CMP $procmux$22674_CMP $procmux$22677_CMP $procmux$22678_CMP $procmux$22679_CMP $procmux$22683_CMP $procmux$22684_CMP }
    New ctrl vector for $pmux cell $procmux$23769: { $auto$opt_reduce.cc:137:opt_pmux$24525 $procmux$22663_CMP $procmux$22664_CMP }
    New ctrl vector for $pmux cell $procmux$22851: { $auto$opt_reduce.cc:137:opt_pmux$24527 $procmux$22657_CMP }
    New ctrl vector for $pmux cell $procmux$21935: { $auto$opt_reduce.cc:137:opt_pmux$24529 $procmux$22693_CMP $procmux$22694_CMP $procmux$22857_CTRL $procmux$6668_CTRL $procmux$22643_CMP $procmux$22644_CMP $procmux$22645_CMP $procmux$22658_CMP $procmux$22663_CMP $procmux$22664_CMP $procmux$22666_CMP $procmux$22667_CMP $procmux$22671_CMP $procmux$22672_CMP $procmux$22674_CMP $procmux$22675_CMP $procmux$22677_CMP $procmux$22678_CMP $procmux$22679_CMP $procmux$22680_CMP $procmux$22681_CMP $procmux$22682_CMP $procmux$22683_CMP $procmux$22684_CMP }
    New ctrl vector for $pmux cell $procmux$4729: { $auto$opt_reduce.cc:137:opt_pmux$24531 $procmux$22667_CMP $procmux$22671_CMP $procmux$23054_CTRL }
    New ctrl vector for $pmux cell $procmux$22689: { $auto$opt_reduce.cc:137:opt_pmux$24533 $procmux$22693_CMP $procmux$22694_CMP }
    New ctrl vector for $pmux cell $procmux$21773: { $auto$opt_reduce.cc:137:opt_pmux$24543 $auto$opt_reduce.cc:137:opt_pmux$24541 $procmux$6668_CTRL $procmux$22644_CMP $auto$opt_reduce.cc:137:opt_pmux$24539 $procmux$22648_CMP $procmux$22658_CMP $procmux$22663_CMP $procmux$22664_CMP $auto$opt_reduce.cc:137:opt_pmux$24537 $procmux$22666_CMP $auto$opt_reduce.cc:137:opt_pmux$24535 $procmux$22683_CMP $procmux$22684_CMP }
    New ctrl vector for $pmux cell $procmux$23877: { $auto$opt_reduce.cc:137:opt_pmux$24545 $procmux$22646_CMP $procmux$23030_CTRL $procmux$22655_CMP $procmux$22662_CMP $procmux$22663_CMP $procmux$22664_CMP }
    New ctrl vector for $pmux cell $procmux$22635: { $auto$opt_reduce.cc:137:opt_pmux$24547 $procmux$22646_CMP $procmux$22648_CMP $procmux$22649_CMP $procmux$22655_CMP }
    New ctrl vector for $pmux cell $procmux$24418: $auto$opt_reduce.cc:137:opt_pmux$24549
    New ctrl vector for $pmux cell $procmux$23013: { $auto$opt_reduce.cc:137:opt_pmux$24551 $procmux$22661_CMP }
    New ctrl vector for $pmux cell $procmux$23445: { $auto$opt_reduce.cc:137:opt_pmux$24553 $procmux$22857_CTRL }
    New ctrl vector for $pmux cell $procmux$23986: { $auto$opt_reduce.cc:137:opt_pmux$24555 $procmux$22694_CMP $procmux$22680_CMP $procmux$22681_CMP $procmux$22682_CMP }
    New ctrl vector for $pmux cell $procmux$896: { $procmux$4113_CTRL $procmux$4703_CMP [34] $procmux$4703_CMP [41] $procmux$4116_CTRL $procmux$4117_CTRL $procmux$4137_CTRL $procmux$4147_CTRL $procmux$4148_CTRL $procmux$4194_CTRL }
    New ctrl vector for $pmux cell $procmux$4661: { $procmux$4686_CTRL $auto$opt_reduce.cc:137:opt_pmux$24557 $procmux$4362_CTRL $procmux$4690_CTRL $procmux$22683_CMP }
    New ctrl vector for $pmux cell $procmux$4673: { $auto$opt_reduce.cc:137:opt_pmux$24561 $auto$opt_reduce.cc:137:opt_pmux$24559 $procmux$4690_CTRL }
    New ctrl vector for $pmux cell $procmux$5147: { $auto$opt_reduce.cc:137:opt_pmux$24563 $procmux$22857_CTRL $procmux$6668_CTRL $procmux$22643_CMP $procmux$22644_CMP $procmux$22645_CMP $procmux$22653_CMP $procmux$22654_CMP $procmux$22658_CMP $procmux$22667_CMP $procmux$22671_CMP $procmux$22672_CMP }
    New ctrl vector for $pmux cell $procmux$24422: $auto$opt_reduce.cc:137:opt_pmux$24565
    New ctrl vector for $pmux cell $procmux$22959: { $auto$opt_reduce.cc:137:opt_pmux$24567 $procmux$22660_CMP }
    New ctrl vector for $pmux cell $procmux$4697: $auto$opt_reduce.cc:137:opt_pmux$24569
    New ctrl vector for $pmux cell $procmux$24175: { $auto$opt_reduce.cc:137:opt_pmux$24571 $procmux$22693_CMP $procmux$22694_CMP $procmux$22644_CMP $procmux$22645_CMP $procmux$22646_CMP $procmux$22648_CMP $procmux$22649_CMP $procmux$22650_CMP $procmux$22651_CMP $procmux$22658_CMP $procmux$22665_CMP $procmux$22674_CMP $procmux$22675_CMP $procmux$23054_CTRL $procmux$22677_CMP $procmux$22680_CMP $procmux$22683_CMP }
    New ctrl vector for $pmux cell $procmux$24121: { $auto$opt_reduce.cc:137:opt_pmux$24573 $procmux$22674_CMP $procmux$22675_CMP }
    New ctrl vector for $pmux cell $procmux$698: { $procmux$4137_CTRL $procmux$4194_CTRL }
    New ctrl vector for $pmux cell $procmux$24426: $auto$opt_reduce.cc:137:opt_pmux$24575
    New ctrl vector for $pmux cell $procmux$24430: $auto$opt_reduce.cc:137:opt_pmux$24577
    New ctrl vector for $pmux cell $procmux$24434: $auto$opt_reduce.cc:137:opt_pmux$24579
    New ctrl vector for $pmux cell $procmux$24438: $auto$opt_reduce.cc:137:opt_pmux$24581
    New ctrl vector for $pmux cell $procmux$24442: $auto$opt_reduce.cc:137:opt_pmux$24583
    New ctrl vector for $pmux cell $procmux$24446: $auto$opt_reduce.cc:137:opt_pmux$24585
    New ctrl vector for $pmux cell $procmux$22095: { $auto$opt_reduce.cc:137:opt_pmux$24589 $procmux$22646_CMP $auto$opt_reduce.cc:137:opt_pmux$24587 $procmux$22655_CMP $procmux$22663_CMP $procmux$22664_CMP $procmux$22665_CMP $procmux$22666_CMP $procmux$22667_CMP $procmux$22671_CMP $procmux$22675_CMP $procmux$23054_CTRL $procmux$22683_CMP $procmux$22684_CMP }
    New ctrl vector for $pmux cell $procmux$21827: { $auto$opt_reduce.cc:137:opt_pmux$24591 $procmux$22684_CMP }
    New ctrl vector for $pmux cell $procmux$23391: { $auto$opt_reduce.cc:137:opt_pmux$24593 $procmux$6668_CTRL $procmux$22643_CMP $procmux$22644_CMP $procmux$22645_CMP $procmux$22650_CMP $procmux$22651_CMP $procmux$22658_CMP $procmux$22674_CMP $procmux$22675_CMP $procmux$22677_CMP $procmux$22680_CMP }
    New input vector for $reduce_or cell $auto$opt_reduce.cc:131:opt_pmux$24452: { $procmux$22696_CMP [0] $procmux$22695_CMP $procmux$22694_CMP $procmux$22693_CMP $procmux$22692_CMP $procmux$22691_CMP $procmux$22690_CMP $procmux$22682_CMP $procmux$22681_CMP $procmux$22680_CMP $procmux$22679_CMP $procmux$22678_CMP $procmux$22677_CMP $procmux$22676_CMP $procmux$22675_CMP $procmux$22674_CMP $procmux$22673_CMP $procmux$22670_CMP $procmux$22669_CMP $procmux$22668_CMP $procmux$22667_CMP $procmux$22662_CMP $procmux$22661_CMP $procmux$22660_CMP $procmux$22659_CMP $procmux$22658_CMP $procmux$22657_CMP $procmux$22656_CMP $procmux$22652_CMP $procmux$22651_CMP $procmux$22649_CMP $procmux$22647_CMP $procmux$22646_CMP $procmux$22645_CMP $procmux$22643_CMP $procmux$22642_CMP [7:1] $procmux$4705_CMP [54:52] $procmux$4705_CMP [50:49] $procmux$4705_CMP [47:45] $procmux$4705_CMP [42] $procmux$4705_CMP [40:38] $procmux$4705_CMP [36:35] $procmux$4705_CMP [33:31] $procmux$4705_CMP [28] $procmux$4705_CMP [26:24] $procmux$4705_CMP [22] $procmux$4705_CMP [19:17] $procmux$4705_CMP [15] $procmux$4705_CMP [12:10] $procmux$4705_CMP [5:3] $procmux$4703_CMP $procmux$4701_CMP [53] $procmux$4701_CMP [51] $procmux$4701_CMP [47:46] $procmux$4701_CMP [44:43] $procmux$4701_CMP [39] $procmux$4701_CMP [37] $procmux$4701_CMP [33:32] $procmux$4701_CMP [30:29] $procmux$4701_CMP [25] $procmux$4701_CMP [23] $procmux$4701_CMP [19:18] $procmux$4701_CMP [16:15] $procmux$4701_CMP [11] $procmux$4701_CMP [9] $procmux$4701_CMP [5:4] $procmux$4701_CMP [2:1] $procmux$4699_CMP }
    New input vector for $reduce_or cell $auto$opt_reduce.cc:131:opt_pmux$24454: { $procmux$22696_CMP [0] $procmux$22695_CMP $procmux$22694_CMP $procmux$22693_CMP $procmux$22692_CMP $procmux$22691_CMP $procmux$22690_CMP $procmux$22684_CMP $procmux$22683_CMP $procmux$22682_CMP $procmux$22681_CMP $procmux$22680_CMP $procmux$22679_CMP $procmux$22678_CMP $procmux$22677_CMP $procmux$22676_CMP $procmux$22675_CMP $procmux$22674_CMP $procmux$22673_CMP $procmux$22672_CMP $procmux$22671_CMP $procmux$22670_CMP $procmux$22669_CMP $procmux$22668_CMP $procmux$22667_CMP $procmux$22666_CMP $procmux$22665_CMP $procmux$22664_CMP $procmux$22663_CMP $procmux$22662_CMP $procmux$22661_CMP $procmux$22660_CMP $procmux$22658_CMP $procmux$22657_CMP $procmux$22656_CMP $procmux$22655_CMP $procmux$22654_CMP $procmux$22653_CMP $procmux$22652_CMP $procmux$22651_CMP $procmux$22650_CMP $procmux$22649_CMP $procmux$22648_CMP $procmux$22647_CMP $procmux$22646_CMP $procmux$22645_CMP $procmux$22644_CMP $procmux$22643_CMP $procmux$22642_CMP [7:1] }
    New input vector for $reduce_or cell $auto$opt_reduce.cc:131:opt_pmux$24456: { $procmux$22696_CMP [0] $procmux$22695_CMP $procmux$22694_CMP $procmux$22693_CMP $procmux$22692_CMP $procmux$22691_CMP $procmux$22690_CMP $procmux$22684_CMP $procmux$22683_CMP $procmux$22682_CMP $procmux$22681_CMP $procmux$22680_CMP $procmux$22679_CMP $procmux$22678_CMP $procmux$22677_CMP $procmux$22676_CMP $procmux$22675_CMP $procmux$22674_CMP $procmux$22673_CMP $procmux$22672_CMP $procmux$22671_CMP $procmux$22670_CMP $procmux$22669_CMP $procmux$22668_CMP $procmux$22667_CMP $procmux$22666_CMP $procmux$22665_CMP $procmux$22664_CMP $procmux$22663_CMP $procmux$22662_CMP $procmux$22661_CMP $procmux$22660_CMP $procmux$22659_CMP $procmux$22658_CMP $procmux$22657_CMP $procmux$22655_CMP $procmux$22654_CMP $procmux$22653_CMP $procmux$22652_CMP $procmux$22651_CMP $procmux$22650_CMP $procmux$22649_CMP $procmux$22648_CMP $procmux$22647_CMP $procmux$22646_CMP $procmux$22645_CMP $procmux$22644_CMP $procmux$22643_CMP $procmux$22642_CMP [7:1] }
    New input vector for $reduce_or cell $auto$opt_reduce.cc:131:opt_pmux$24458: { $procmux$22696_CMP [0] $procmux$22695_CMP $procmux$22694_CMP $procmux$22693_CMP $procmux$22692_CMP $procmux$22691_CMP $procmux$22690_CMP $procmux$22684_CMP $procmux$22683_CMP $procmux$22682_CMP $procmux$22681_CMP $procmux$22680_CMP $procmux$22679_CMP $procmux$22678_CMP $procmux$22677_CMP $procmux$22676_CMP $procmux$22675_CMP $procmux$22674_CMP $procmux$22673_CMP $procmux$22672_CMP $procmux$22671_CMP $procmux$22670_CMP $procmux$22669_CMP $procmux$22668_CMP $procmux$22667_CMP $procmux$22666_CMP $procmux$22665_CMP $procmux$22664_CMP $procmux$22663_CMP $procmux$22662_CMP $procmux$22661_CMP $procmux$22660_CMP $procmux$22659_CMP $procmux$22658_CMP $procmux$22657_CMP $procmux$22656_CMP $procmux$22654_CMP $procmux$22653_CMP $procmux$22652_CMP $procmux$22651_CMP $procmux$22650_CMP $procmux$22649_CMP $procmux$22648_CMP $procmux$22647_CMP $procmux$22646_CMP $procmux$22645_CMP $procmux$22644_CMP $procmux$22643_CMP $procmux$22642_CMP [7:1] }
    New input vector for $reduce_or cell $auto$opt_reduce.cc:131:opt_pmux$24462: { $procmux$22696_CMP [0] $procmux$22695_CMP $procmux$22694_CMP $procmux$22693_CMP $procmux$22692_CMP $procmux$22691_CMP $procmux$22690_CMP $procmux$22684_CMP $procmux$22683_CMP $procmux$22682_CMP $procmux$22681_CMP $procmux$22680_CMP $procmux$22679_CMP $procmux$22678_CMP $procmux$22677_CMP $procmux$22676_CMP $procmux$22675_CMP $procmux$22674_CMP $procmux$22673_CMP $procmux$22672_CMP $procmux$22671_CMP $procmux$22669_CMP $procmux$22668_CMP $procmux$22667_CMP $procmux$22666_CMP $procmux$22665_CMP $procmux$22664_CMP $procmux$22663_CMP $procmux$22662_CMP $procmux$22661_CMP $procmux$22660_CMP $procmux$22659_CMP $procmux$22658_CMP $procmux$22657_CMP $procmux$22656_CMP $procmux$22655_CMP $procmux$22654_CMP $procmux$22653_CMP $procmux$22652_CMP $procmux$22651_CMP $procmux$22650_CMP $procmux$22649_CMP $procmux$22648_CMP $procmux$22647_CMP $procmux$22646_CMP $procmux$22645_CMP $procmux$22644_CMP $procmux$22643_CMP $procmux$22642_CMP [7:1] }
    New input vector for $reduce_or cell $auto$opt_reduce.cc:131:opt_pmux$24466: { $procmux$22694_CMP $procmux$22693_CMP $procmux$22692_CMP $procmux$22691_CMP $procmux$22690_CMP $procmux$22684_CMP $procmux$22683_CMP $procmux$22682_CMP $procmux$22681_CMP $procmux$22680_CMP $procmux$22679_CMP $procmux$22678_CMP $procmux$22677_CMP $procmux$22676_CMP $procmux$22675_CMP $procmux$22674_CMP $procmux$22671_CMP $procmux$22670_CMP $procmux$22669_CMP $procmux$22668_CMP $procmux$22666_CMP $procmux$22665_CMP $procmux$22662_CMP $procmux$22661_CMP $procmux$22660_CMP $procmux$22659_CMP $procmux$22657_CMP $procmux$22656_CMP $procmux$22652_CMP $procmux$22651_CMP $procmux$22650_CMP $procmux$22647_CMP $procmux$22643_CMP }
    New input vector for $reduce_or cell $auto$opt_reduce.cc:131:opt_pmux$24470: { $procmux$22694_CMP $procmux$22693_CMP $procmux$22692_CMP $procmux$22691_CMP $procmux$22690_CMP $procmux$22684_CMP $procmux$22683_CMP $procmux$22682_CMP $procmux$22681_CMP $procmux$22680_CMP $procmux$22679_CMP $procmux$22678_CMP $procmux$22677_CMP $procmux$22676_CMP $procmux$22675_CMP $procmux$22674_CMP $procmux$22673_CMP $procmux$22670_CMP $procmux$22669_CMP $procmux$22668_CMP $procmux$22666_CMP $procmux$22665_CMP $procmux$22664_CMP $procmux$22663_CMP $procmux$22662_CMP $procmux$22661_CMP $procmux$22660_CMP $procmux$22659_CMP $procmux$22657_CMP $procmux$22656_CMP $procmux$22655_CMP $procmux$22652_CMP $procmux$22651_CMP $procmux$22650_CMP $procmux$22649_CMP $procmux$22648_CMP $procmux$22647_CMP $procmux$22646_CMP }
    New input vector for $reduce_or cell $auto$opt_reduce.cc:131:opt_pmux$24472: { $procmux$22696_CMP [0] $procmux$22695_CMP $procmux$22694_CMP $procmux$22693_CMP $procmux$22692_CMP $procmux$22691_CMP $procmux$22690_CMP $procmux$22684_CMP $procmux$22683_CMP $procmux$22682_CMP $procmux$22681_CMP $procmux$22680_CMP $procmux$22679_CMP $procmux$22678_CMP $procmux$22677_CMP $procmux$22676_CMP $procmux$22675_CMP $procmux$22674_CMP $procmux$22673_CMP $procmux$22672_CMP $procmux$22671_CMP $procmux$22670_CMP $procmux$22669_CMP $procmux$22668_CMP $procmux$22667_CMP $procmux$22666_CMP $procmux$22665_CMP $procmux$22664_CMP $procmux$22663_CMP $procmux$22662_CMP $procmux$22661_CMP $procmux$22660_CMP $procmux$22659_CMP $procmux$22658_CMP $procmux$22657_CMP $procmux$22656_CMP $procmux$22655_CMP $procmux$22654_CMP $procmux$22653_CMP $procmux$22652_CMP $procmux$22651_CMP $procmux$22650_CMP $procmux$22649_CMP $procmux$22648_CMP $procmux$22646_CMP $procmux$22645_CMP $procmux$22644_CMP $procmux$22643_CMP $procmux$22642_CMP [7:1] }
    New input vector for $reduce_or cell $auto$opt_reduce.cc:131:opt_pmux$24474: { $procmux$22696_CMP [0] $procmux$22695_CMP $procmux$22694_CMP $procmux$22693_CMP $procmux$22692_CMP $procmux$22691_CMP $procmux$22690_CMP $procmux$22684_CMP $procmux$22683_CMP $procmux$22682_CMP $procmux$22681_CMP $procmux$22680_CMP $procmux$22679_CMP $procmux$22678_CMP $procmux$22677_CMP $procmux$22676_CMP $procmux$22675_CMP $procmux$22674_CMP $procmux$22673_CMP $procmux$22672_CMP $procmux$22671_CMP $procmux$22670_CMP $procmux$22668_CMP $procmux$22667_CMP $procmux$22666_CMP $procmux$22665_CMP $procmux$22664_CMP $procmux$22663_CMP $procmux$22662_CMP $procmux$22661_CMP $procmux$22660_CMP $procmux$22659_CMP $procmux$22658_CMP $procmux$22657_CMP $procmux$22656_CMP $procmux$22655_CMP $procmux$22654_CMP $procmux$22653_CMP $procmux$22652_CMP $procmux$22651_CMP $procmux$22650_CMP $procmux$22649_CMP $procmux$22648_CMP $procmux$22647_CMP $procmux$22646_CMP $procmux$22645_CMP $procmux$22644_CMP $procmux$22643_CMP $procmux$22642_CMP [7:1] }
    New input vector for $reduce_or cell $auto$opt_reduce.cc:131:opt_pmux$24478: { $procmux$22696_CMP [0] $procmux$22695_CMP $procmux$22694_CMP $procmux$22693_CMP $procmux$22692_CMP $procmux$22691_CMP $procmux$22690_CMP $procmux$22683_CMP $procmux$22682_CMP $procmux$22681_CMP $procmux$22680_CMP $procmux$22679_CMP $procmux$22678_CMP $procmux$22677_CMP $procmux$22676_CMP $procmux$22675_CMP $procmux$22674_CMP $procmux$22673_CMP $procmux$22672_CMP $procmux$22671_CMP $procmux$22670_CMP $procmux$22669_CMP $procmux$22668_CMP $procmux$22667_CMP $procmux$22666_CMP $procmux$22665_CMP $procmux$22664_CMP $procmux$22663_CMP $procmux$22662_CMP $procmux$22661_CMP $procmux$22660_CMP $procmux$22659_CMP $procmux$22658_CMP $procmux$22657_CMP $procmux$22656_CMP $procmux$22655_CMP $procmux$22654_CMP $procmux$22653_CMP $procmux$22652_CMP $procmux$22651_CMP $procmux$22650_CMP $procmux$22649_CMP $procmux$22648_CMP $procmux$22647_CMP $procmux$22646_CMP $procmux$22645_CMP $procmux$22644_CMP $procmux$22643_CMP $procmux$22642_CMP [7:1] }
    New input vector for $reduce_or cell $auto$opt_reduce.cc:131:opt_pmux$24480: { $procmux$22696_CMP [0] $procmux$22695_CMP $procmux$22694_CMP $procmux$22693_CMP $procmux$22692_CMP $procmux$22691_CMP $procmux$22690_CMP $procmux$22684_CMP $procmux$22683_CMP $procmux$22682_CMP $procmux$22681_CMP $procmux$22680_CMP $procmux$22679_CMP $procmux$22678_CMP $procmux$22677_CMP $procmux$22676_CMP $procmux$22675_CMP $procmux$22674_CMP $procmux$22673_CMP $procmux$22672_CMP $procmux$22671_CMP $procmux$22670_CMP $procmux$22669_CMP $procmux$22668_CMP $procmux$22667_CMP $procmux$22666_CMP $procmux$22665_CMP $procmux$22664_CMP $procmux$22663_CMP $procmux$22662_CMP $procmux$22661_CMP $procmux$22660_CMP $procmux$22659_CMP $procmux$22658_CMP $procmux$22657_CMP $procmux$22656_CMP $procmux$22655_CMP $procmux$22654_CMP $procmux$22653_CMP $procmux$22652_CMP $procmux$22651_CMP $procmux$22650_CMP $procmux$22649_CMP $procmux$22648_CMP $procmux$22647_CMP $procmux$22646_CMP $procmux$22643_CMP $procmux$22642_CMP [7:1] }
    New input vector for $reduce_or cell $auto$opt_reduce.cc:131:opt_pmux$24482: { $procmux$22696_CMP [0] $procmux$22695_CMP $procmux$22694_CMP $procmux$22693_CMP $procmux$22692_CMP $procmux$22691_CMP $procmux$22690_CMP $procmux$22684_CMP $procmux$22683_CMP $procmux$22682_CMP $procmux$22681_CMP $procmux$22680_CMP $procmux$22679_CMP $procmux$22678_CMP $procmux$22677_CMP $procmux$22676_CMP $procmux$22675_CMP $procmux$22674_CMP $procmux$22673_CMP $procmux$22672_CMP $procmux$22671_CMP $procmux$22670_CMP $procmux$22669_CMP $procmux$22668_CMP $procmux$22667_CMP $procmux$22666_CMP $procmux$22665_CMP $procmux$22664_CMP $procmux$22663_CMP $procmux$22662_CMP $procmux$22661_CMP $procmux$22660_CMP $procmux$22659_CMP $procmux$22658_CMP $procmux$22657_CMP $procmux$22656_CMP $procmux$22655_CMP $procmux$22654_CMP $procmux$22653_CMP $procmux$22652_CMP $procmux$22651_CMP $procmux$22650_CMP $procmux$22649_CMP $procmux$22648_CMP $procmux$22647_CMP $procmux$22645_CMP $procmux$22644_CMP $procmux$22643_CMP $procmux$22642_CMP [7:1] }
    New input vector for $reduce_or cell $auto$opt_reduce.cc:131:opt_pmux$24484: { $procmux$22696_CMP [0] $procmux$22695_CMP $procmux$22694_CMP $procmux$22693_CMP $procmux$22692_CMP $procmux$22691_CMP $procmux$22690_CMP $procmux$22684_CMP $procmux$22683_CMP $procmux$22682_CMP $procmux$22681_CMP $procmux$22680_CMP $procmux$22679_CMP $procmux$22678_CMP $procmux$22677_CMP $procmux$22676_CMP $procmux$22675_CMP $procmux$22674_CMP $procmux$22673_CMP $procmux$22672_CMP $procmux$22671_CMP $procmux$22670_CMP $procmux$22669_CMP $procmux$22667_CMP $procmux$22666_CMP $procmux$22665_CMP $procmux$22664_CMP $procmux$22663_CMP $procmux$22662_CMP $procmux$22661_CMP $procmux$22660_CMP $procmux$22659_CMP $procmux$22658_CMP $procmux$22657_CMP $procmux$22656_CMP $procmux$22655_CMP $procmux$22654_CMP $procmux$22653_CMP $procmux$22652_CMP $procmux$22651_CMP $procmux$22650_CMP $procmux$22649_CMP $procmux$22648_CMP $procmux$22647_CMP $procmux$22646_CMP $procmux$22645_CMP $procmux$22644_CMP $procmux$22643_CMP $procmux$22642_CMP [7:1] }
    New input vector for $reduce_or cell $auto$opt_reduce.cc:131:opt_pmux$24486: { $procmux$22696_CMP [0] $procmux$22695_CMP $procmux$22694_CMP $procmux$22693_CMP $procmux$22692_CMP $procmux$22691_CMP $procmux$22690_CMP $procmux$22682_CMP $procmux$22681_CMP $procmux$22680_CMP $procmux$22679_CMP $procmux$22678_CMP $procmux$22677_CMP $procmux$22676_CMP $procmux$22675_CMP $procmux$22674_CMP $procmux$22673_CMP $procmux$22670_CMP $procmux$22669_CMP $procmux$22668_CMP $procmux$22667_CMP $procmux$22662_CMP $procmux$22661_CMP $procmux$22660_CMP $procmux$22659_CMP $procmux$22658_CMP $procmux$22657_CMP $procmux$22656_CMP $procmux$22652_CMP $procmux$22651_CMP $procmux$22649_CMP $procmux$22647_CMP $procmux$22646_CMP $procmux$22645_CMP $procmux$22643_CMP $procmux$22642_CMP [7:1] $procmux$4705_CMP [54:52] $procmux$4705_CMP [50:49] $procmux$4705_CMP [47:45] $procmux$4705_CMP [42] $procmux$4705_CMP [40:38] $procmux$4705_CMP [36:35] $procmux$4705_CMP [33:31] $procmux$4705_CMP [28] $procmux$4705_CMP [26:24] $procmux$4705_CMP [22] $procmux$4705_CMP [19:17] $procmux$4705_CMP [15] $procmux$4705_CMP [12:10] $procmux$4705_CMP [5:3] $procmux$4703_CMP $procmux$4702_CMP $procmux$4701_CMP [53] $procmux$4701_CMP [51] $procmux$4701_CMP [47:46] $procmux$4701_CMP [44:43] $procmux$4701_CMP [39] $procmux$4701_CMP [37] $procmux$4701_CMP [33:32] $procmux$4701_CMP [30:29] $procmux$4701_CMP [25] $procmux$4701_CMP [23] $procmux$4701_CMP [19:18] $procmux$4701_CMP [16:15] $procmux$4701_CMP [11] $procmux$4701_CMP [9] $procmux$4701_CMP [5:4] $procmux$4701_CMP [2:1] $procmux$4699_CMP }
    New input vector for $reduce_or cell $auto$opt_reduce.cc:131:opt_pmux$24488: { $procmux$22695_CMP $procmux$22694_CMP $procmux$22693_CMP $procmux$22692_CMP $procmux$22691_CMP $procmux$22690_CMP $procmux$22684_CMP $procmux$22683_CMP $procmux$22682_CMP $procmux$22681_CMP $procmux$22680_CMP $procmux$22679_CMP $procmux$22678_CMP $procmux$22677_CMP $procmux$22676_CMP $procmux$22675_CMP $procmux$22674_CMP $procmux$22673_CMP $procmux$22672_CMP $procmux$22671_CMP $procmux$22670_CMP $procmux$22669_CMP $procmux$22668_CMP $procmux$22667_CMP $procmux$22666_CMP $procmux$22665_CMP $procmux$22664_CMP $procmux$22663_CMP $procmux$22662_CMP $procmux$22661_CMP $procmux$22660_CMP $procmux$22659_CMP $procmux$22657_CMP $procmux$22656_CMP $procmux$22655_CMP $procmux$22654_CMP $procmux$22653_CMP $procmux$22652_CMP $procmux$22649_CMP $procmux$22648_CMP $procmux$22647_CMP $procmux$22646_CMP $procmux$22645_CMP $procmux$22644_CMP }
    New input vector for $reduce_or cell $auto$opt_reduce.cc:131:opt_pmux$24490: { $procmux$4703_CMP $procmux$4702_CMP }
    New input vector for $reduce_or cell $auto$opt_reduce.cc:131:opt_pmux$24492: { $procmux$22696_CMP [0] $procmux$22694_CMP $procmux$22692_CMP $procmux$22691_CMP $procmux$22690_CMP $procmux$22682_CMP $procmux$22681_CMP $procmux$22680_CMP $procmux$22676_CMP $procmux$22675_CMP $procmux$22673_CMP $procmux$22671_CMP $procmux$22670_CMP $procmux$22669_CMP $procmux$22668_CMP $procmux$22666_CMP $procmux$22665_CMP $procmux$22662_CMP $procmux$22661_CMP $procmux$22660_CMP $procmux$22659_CMP $procmux$22657_CMP $procmux$22656_CMP $procmux$22654_CMP $procmux$22653_CMP $procmux$22652_CMP $procmux$22651_CMP $procmux$22650_CMP $procmux$22649_CMP $procmux$22648_CMP $procmux$22647_CMP $procmux$22643_CMP $procmux$22642_CMP [7:1] }
    New input vector for $reduce_or cell $auto$opt_reduce.cc:131:opt_pmux$24494: { $procmux$22696_CMP [0] $procmux$22694_CMP $procmux$22692_CMP $procmux$22691_CMP $procmux$22690_CMP $procmux$22682_CMP $procmux$22681_CMP $procmux$22680_CMP $procmux$22676_CMP $procmux$22675_CMP $procmux$22673_CMP $procmux$22671_CMP $procmux$22670_CMP $procmux$22669_CMP $procmux$22668_CMP $procmux$22662_CMP $procmux$22661_CMP $procmux$22660_CMP $procmux$22659_CMP $procmux$22657_CMP $procmux$22656_CMP $procmux$22654_CMP $procmux$22653_CMP $procmux$22652_CMP $procmux$22651_CMP $procmux$22650_CMP $procmux$22649_CMP $procmux$22648_CMP $procmux$22647_CMP $procmux$22643_CMP $procmux$22642_CMP [7:1] }
    New input vector for $reduce_or cell $auto$opt_reduce.cc:131:opt_pmux$24496: { $procmux$22662_CMP $procmux$22652_CMP }
    New input vector for $reduce_or cell $auto$opt_reduce.cc:131:opt_pmux$24498: { $procmux$22696_CMP [0] $procmux$22695_CMP $procmux$22694_CMP $procmux$22693_CMP $procmux$22692_CMP $procmux$22691_CMP $procmux$22690_CMP $procmux$22684_CMP $procmux$22683_CMP $procmux$22682_CMP $procmux$22681_CMP $procmux$22680_CMP $procmux$22679_CMP $procmux$22678_CMP $procmux$22677_CMP $procmux$22676_CMP $procmux$22675_CMP $procmux$22674_CMP $procmux$22673_CMP $procmux$22672_CMP $procmux$22671_CMP $procmux$22670_CMP $procmux$22669_CMP $procmux$22668_CMP $procmux$22667_CMP $procmux$22661_CMP $procmux$22660_CMP $procmux$22659_CMP $procmux$22658_CMP $procmux$22657_CMP $procmux$22656_CMP $procmux$22654_CMP $procmux$22653_CMP $procmux$22651_CMP $procmux$22650_CMP $procmux$22649_CMP $procmux$22648_CMP $procmux$22647_CMP $procmux$22645_CMP $procmux$22644_CMP $procmux$22643_CMP $procmux$22642_CMP [7:1] }
    New input vector for $reduce_or cell $auto$opt_reduce.cc:131:opt_pmux$24500: { $procmux$22696_CMP [0] $procmux$22695_CMP $procmux$22694_CMP $procmux$22693_CMP $procmux$22684_CMP $procmux$22683_CMP $procmux$22682_CMP $procmux$22681_CMP $procmux$22680_CMP $procmux$22679_CMP $procmux$22678_CMP $procmux$22677_CMP $procmux$22676_CMP $procmux$22675_CMP $procmux$22674_CMP $procmux$22673_CMP $procmux$22672_CMP $procmux$22671_CMP $procmux$22670_CMP $procmux$22669_CMP $procmux$22668_CMP $procmux$22667_CMP $procmux$22666_CMP $procmux$22665_CMP $procmux$22664_CMP $procmux$22663_CMP $procmux$22662_CMP $procmux$22661_CMP $procmux$22660_CMP $procmux$22659_CMP $procmux$22658_CMP $procmux$22657_CMP $procmux$22656_CMP $procmux$22655_CMP $procmux$22654_CMP $procmux$22653_CMP $procmux$22652_CMP $procmux$22651_CMP $procmux$22650_CMP $procmux$22649_CMP $procmux$22648_CMP $procmux$22647_CMP $procmux$22646_CMP $procmux$22645_CMP $procmux$22644_CMP $procmux$22643_CMP $procmux$22642_CMP [7:1] }
    New input vector for $reduce_or cell $auto$opt_reduce.cc:131:opt_pmux$24502: { $procmux$22696_CMP [0] $procmux$22695_CMP $procmux$22694_CMP $procmux$22693_CMP $procmux$22692_CMP $procmux$22691_CMP $procmux$22690_CMP $procmux$22684_CMP $procmux$22683_CMP $procmux$22682_CMP $procmux$22681_CMP $procmux$22680_CMP $procmux$22679_CMP $procmux$22678_CMP $procmux$22677_CMP $procmux$22676_CMP $procmux$22673_CMP $procmux$22672_CMP $procmux$22671_CMP $procmux$22670_CMP $procmux$22669_CMP $procmux$22668_CMP $procmux$22667_CMP $procmux$22666_CMP $procmux$22665_CMP $procmux$22664_CMP $procmux$22663_CMP $procmux$22662_CMP $procmux$22661_CMP $procmux$22660_CMP $procmux$22659_CMP $procmux$22658_CMP $procmux$22657_CMP $procmux$22656_CMP $procmux$22655_CMP $procmux$22654_CMP $procmux$22653_CMP $procmux$22652_CMP $procmux$22651_CMP $procmux$22650_CMP $procmux$22649_CMP $procmux$22648_CMP $procmux$22647_CMP $procmux$22646_CMP $procmux$22643_CMP $procmux$22642_CMP [7:1] }
    New input vector for $reduce_or cell $auto$opt_reduce.cc:131:opt_pmux$24504: { $procmux$4703_CMP $procmux$4702_CMP }
    New input vector for $reduce_or cell $auto$opt_reduce.cc:131:opt_pmux$24506: { $procmux$22662_CMP $procmux$22652_CMP }
    New input vector for $reduce_or cell $auto$opt_reduce.cc:131:opt_pmux$24508: { $procmux$22696_CMP [0] $procmux$22695_CMP $procmux$22694_CMP $procmux$22693_CMP $procmux$22692_CMP $procmux$22691_CMP $procmux$22690_CMP $procmux$22682_CMP $procmux$22681_CMP $procmux$22680_CMP $procmux$22679_CMP $procmux$22678_CMP $procmux$22677_CMP $procmux$22674_CMP $procmux$22673_CMP $procmux$22672_CMP $procmux$22670_CMP $procmux$22669_CMP $procmux$22668_CMP $procmux$22661_CMP $procmux$22660_CMP $procmux$22659_CMP $procmux$22658_CMP $procmux$22657_CMP $procmux$22656_CMP $procmux$22654_CMP $procmux$22653_CMP $procmux$22651_CMP $procmux$22650_CMP $procmux$22649_CMP $procmux$22648_CMP $procmux$22647_CMP $procmux$22646_CMP $procmux$22645_CMP $procmux$22644_CMP $procmux$22643_CMP $procmux$22642_CMP [7:1] }
    New input vector for $reduce_or cell $auto$opt_reduce.cc:131:opt_pmux$24510: { $procmux$22696_CMP [0] $procmux$22695_CMP $procmux$22694_CMP $procmux$22693_CMP $procmux$22692_CMP $procmux$22691_CMP $procmux$22690_CMP $procmux$22684_CMP $procmux$22683_CMP $procmux$22682_CMP $procmux$22681_CMP $procmux$22680_CMP $procmux$22679_CMP $procmux$22678_CMP $procmux$22677_CMP $procmux$22676_CMP $procmux$22675_CMP $procmux$22674_CMP $procmux$22673_CMP $procmux$22672_CMP $procmux$22671_CMP $procmux$22670_CMP $procmux$22669_CMP $procmux$22668_CMP $procmux$22667_CMP $procmux$22666_CMP $procmux$22665_CMP $procmux$22664_CMP $procmux$22663_CMP $procmux$22662_CMP $procmux$22661_CMP $procmux$22660_CMP $procmux$22659_CMP $procmux$22658_CMP $procmux$22657_CMP $procmux$22656_CMP $procmux$22655_CMP $procmux$22654_CMP $procmux$22653_CMP $procmux$22652_CMP $procmux$22651_CMP $procmux$22650_CMP $procmux$22647_CMP $procmux$22645_CMP $procmux$22644_CMP $procmux$22643_CMP $procmux$22642_CMP [7:1] }
    New input vector for $reduce_or cell $auto$opt_reduce.cc:131:opt_pmux$24512: { $procmux$4703_CMP [52] $procmux$4703_CMP [45] $procmux$4703_CMP [38] $procmux$4703_CMP [31] $procmux$4703_CMP [24] $procmux$4703_CMP [17] $procmux$4703_CMP [10] $procmux$4703_CMP [3] }
    New input vector for $reduce_or cell $auto$opt_reduce.cc:131:opt_pmux$24514: { $procmux$4703_CMP [54] $procmux$4703_CMP [51] $procmux$4703_CMP [47] $procmux$4703_CMP [44] $procmux$4703_CMP [40] $procmux$4703_CMP [37] $procmux$4703_CMP [33] $procmux$4703_CMP [30] $procmux$4703_CMP [26] $procmux$4703_CMP [23] $procmux$4703_CMP [19] $procmux$4703_CMP [16] $procmux$4703_CMP [12] $procmux$4703_CMP [9] $procmux$4703_CMP [5] $procmux$4703_CMP [2] }
    New input vector for $reduce_or cell $auto$opt_reduce.cc:131:opt_pmux$24516: { $procmux$4703_CMP [50:49] $procmux$4703_CMP [43:42] $procmux$4703_CMP [36:35] $procmux$4703_CMP [29:28] $procmux$4703_CMP [22:21] $procmux$4703_CMP [15:14] $procmux$4703_CMP [8:7] $procmux$4703_CMP [1:0] }
    New input vector for $reduce_or cell $auto$opt_reduce.cc:131:opt_pmux$24518: { $procmux$4703_CMP [41] $procmux$4703_CMP [34] $procmux$4699_CMP [52:49] $procmux$4699_CMP [45:42] $procmux$4699_CMP [38:35] $procmux$4699_CMP [31:28] }
    New input vector for $reduce_or cell $auto$opt_reduce.cc:131:opt_pmux$24520: { $procmux$22696_CMP [0] $procmux$22695_CMP $procmux$22694_CMP $procmux$22693_CMP $procmux$22692_CMP $procmux$22691_CMP $procmux$22690_CMP $procmux$22684_CMP $procmux$22683_CMP $procmux$22682_CMP $procmux$22681_CMP $procmux$22680_CMP $procmux$22679_CMP $procmux$22678_CMP $procmux$22677_CMP $procmux$22676_CMP $procmux$22675_CMP $procmux$22674_CMP $procmux$22672_CMP $procmux$22671_CMP $procmux$22670_CMP $procmux$22669_CMP $procmux$22668_CMP $procmux$22667_CMP $procmux$22666_CMP $procmux$22665_CMP $procmux$22664_CMP $procmux$22663_CMP $procmux$22662_CMP $procmux$22661_CMP $procmux$22660_CMP $procmux$22659_CMP $procmux$22658_CMP $procmux$22657_CMP $procmux$22656_CMP $procmux$22655_CMP $procmux$22654_CMP $procmux$22653_CMP $procmux$22652_CMP $procmux$22651_CMP $procmux$22650_CMP $procmux$22649_CMP $procmux$22648_CMP $procmux$22647_CMP $procmux$22646_CMP $procmux$22645_CMP $procmux$22644_CMP $procmux$22643_CMP $procmux$22642_CMP [7:1] }
    New input vector for $reduce_or cell $auto$opt_reduce.cc:131:opt_pmux$24522: { $procmux$22696_CMP [0] $procmux$22694_CMP $procmux$22692_CMP $procmux$22691_CMP $procmux$22690_CMP $procmux$22682_CMP $procmux$22681_CMP $procmux$22680_CMP $procmux$22676_CMP $procmux$22675_CMP $procmux$22673_CMP $procmux$22671_CMP $procmux$22670_CMP $procmux$22669_CMP $procmux$22668_CMP $procmux$22666_CMP $procmux$22665_CMP $procmux$22662_CMP $procmux$22661_CMP $procmux$22660_CMP $procmux$22659_CMP $procmux$22657_CMP $procmux$22656_CMP $procmux$22655_CMP $procmux$22654_CMP $procmux$22653_CMP $procmux$22652_CMP $procmux$22651_CMP $procmux$22650_CMP $procmux$22649_CMP $procmux$22648_CMP $procmux$22647_CMP $procmux$22646_CMP $procmux$22643_CMP $procmux$22642_CMP [7:1] }
    New input vector for $reduce_or cell $auto$opt_reduce.cc:131:opt_pmux$24524: { $procmux$22696_CMP [0] $procmux$22695_CMP $procmux$22694_CMP $procmux$22693_CMP $procmux$22692_CMP $procmux$22691_CMP $procmux$22690_CMP $procmux$22684_CMP $procmux$22683_CMP $procmux$22682_CMP $procmux$22681_CMP $procmux$22680_CMP $procmux$22679_CMP $procmux$22678_CMP $procmux$22677_CMP $procmux$22676_CMP $procmux$22675_CMP $procmux$22674_CMP $procmux$22673_CMP $procmux$22672_CMP $procmux$22671_CMP $procmux$22670_CMP $procmux$22669_CMP $procmux$22668_CMP $procmux$22667_CMP $procmux$22666_CMP $procmux$22665_CMP $procmux$22662_CMP $procmux$22661_CMP $procmux$22660_CMP $procmux$22659_CMP $procmux$22658_CMP $procmux$22657_CMP $procmux$22656_CMP $procmux$22655_CMP $procmux$22654_CMP $procmux$22653_CMP $procmux$22652_CMP $procmux$22651_CMP $procmux$22650_CMP $procmux$22649_CMP $procmux$22648_CMP $procmux$22647_CMP $procmux$22646_CMP $procmux$22645_CMP $procmux$22644_CMP $procmux$22643_CMP $procmux$22642_CMP [7:1] }
    New input vector for $reduce_or cell $auto$opt_reduce.cc:131:opt_pmux$24526: { $procmux$22696_CMP [0] $procmux$22695_CMP $procmux$22694_CMP $procmux$22693_CMP $procmux$22692_CMP $procmux$22691_CMP $procmux$22690_CMP $procmux$22684_CMP $procmux$22683_CMP $procmux$22682_CMP $procmux$22681_CMP $procmux$22680_CMP $procmux$22679_CMP $procmux$22678_CMP $procmux$22677_CMP $procmux$22676_CMP $procmux$22675_CMP $procmux$22674_CMP $procmux$22673_CMP $procmux$22672_CMP $procmux$22671_CMP $procmux$22670_CMP $procmux$22669_CMP $procmux$22668_CMP $procmux$22667_CMP $procmux$22666_CMP $procmux$22665_CMP $procmux$22664_CMP $procmux$22663_CMP $procmux$22662_CMP $procmux$22661_CMP $procmux$22660_CMP $procmux$22659_CMP $procmux$22658_CMP $procmux$22656_CMP $procmux$22655_CMP $procmux$22654_CMP $procmux$22653_CMP $procmux$22652_CMP $procmux$22651_CMP $procmux$22650_CMP $procmux$22649_CMP $procmux$22648_CMP $procmux$22647_CMP $procmux$22646_CMP $procmux$22645_CMP $procmux$22644_CMP $procmux$22643_CMP $procmux$22642_CMP [7:1] }
    New input vector for $reduce_or cell $auto$opt_reduce.cc:131:opt_pmux$24528: { $procmux$22692_CMP $procmux$22691_CMP $procmux$22690_CMP $procmux$22676_CMP $procmux$22673_CMP $procmux$22670_CMP $procmux$22669_CMP $procmux$22668_CMP $procmux$22665_CMP $procmux$22662_CMP $procmux$22661_CMP $procmux$22660_CMP $procmux$22659_CMP $procmux$22657_CMP $procmux$22656_CMP $procmux$22655_CMP $procmux$22654_CMP $procmux$22653_CMP $procmux$22652_CMP $procmux$22651_CMP $procmux$22650_CMP $procmux$22649_CMP $procmux$22648_CMP $procmux$22647_CMP $procmux$22646_CMP }
    New input vector for $reduce_or cell $auto$opt_reduce.cc:131:opt_pmux$24530: { $procmux$22696_CMP [0] $procmux$22695_CMP $procmux$22694_CMP $procmux$22693_CMP $procmux$22692_CMP $procmux$22691_CMP $procmux$22690_CMP $procmux$22684_CMP $procmux$22683_CMP $procmux$22682_CMP $procmux$22681_CMP $procmux$22680_CMP $procmux$22679_CMP $procmux$22678_CMP $procmux$22677_CMP $procmux$22675_CMP $procmux$22674_CMP $procmux$22673_CMP $procmux$22672_CMP $procmux$22670_CMP $procmux$22669_CMP $procmux$22668_CMP $procmux$22666_CMP $procmux$22665_CMP $procmux$22664_CMP $procmux$22663_CMP $procmux$22662_CMP $procmux$22661_CMP $procmux$22660_CMP $procmux$22659_CMP $procmux$22658_CMP $procmux$22657_CMP $procmux$22656_CMP $procmux$22655_CMP $procmux$22654_CMP $procmux$22653_CMP $procmux$22652_CMP $procmux$22651_CMP $procmux$22650_CMP $procmux$22649_CMP $procmux$22648_CMP $procmux$22647_CMP $procmux$22646_CMP $procmux$22645_CMP $procmux$22644_CMP $procmux$22643_CMP $procmux$22642_CMP [7:1] }
    New input vector for $reduce_or cell $auto$opt_reduce.cc:131:opt_pmux$24532: { $procmux$22696_CMP [0] $procmux$22695_CMP $procmux$22692_CMP $procmux$22691_CMP $procmux$22690_CMP $procmux$22684_CMP $procmux$22683_CMP $procmux$22682_CMP $procmux$22681_CMP $procmux$22680_CMP $procmux$22679_CMP $procmux$22678_CMP $procmux$22677_CMP $procmux$22676_CMP $procmux$22675_CMP $procmux$22674_CMP $procmux$22673_CMP $procmux$22672_CMP $procmux$22671_CMP $procmux$22670_CMP $procmux$22669_CMP $procmux$22668_CMP $procmux$22667_CMP $procmux$22666_CMP $procmux$22665_CMP $procmux$22664_CMP $procmux$22663_CMP $procmux$22662_CMP $procmux$22661_CMP $procmux$22660_CMP $procmux$22659_CMP $procmux$22658_CMP $procmux$22657_CMP $procmux$22656_CMP $procmux$22655_CMP $procmux$22654_CMP $procmux$22653_CMP $procmux$22652_CMP $procmux$22651_CMP $procmux$22650_CMP $procmux$22649_CMP $procmux$22648_CMP $procmux$22647_CMP $procmux$22646_CMP $procmux$22645_CMP $procmux$22644_CMP $procmux$22643_CMP $procmux$22642_CMP [7:1] }
    New input vector for $reduce_or cell $auto$opt_reduce.cc:131:opt_pmux$24540: { $procmux$22695_CMP $procmux$22694_CMP $procmux$22693_CMP $procmux$22676_CMP $procmux$22672_CMP $procmux$22671_CMP $procmux$22655_CMP $procmux$22651_CMP $procmux$22650_CMP $procmux$22649_CMP $procmux$22646_CMP $procmux$22643_CMP }
    New input vector for $reduce_or cell $auto$opt_reduce.cc:131:opt_pmux$24542: { $procmux$22692_CMP $procmux$22691_CMP $procmux$22690_CMP $procmux$22673_CMP $procmux$22670_CMP $procmux$22669_CMP $procmux$22668_CMP $procmux$22662_CMP $procmux$22661_CMP $procmux$22660_CMP $procmux$22659_CMP $procmux$22657_CMP $procmux$22656_CMP $procmux$22654_CMP $procmux$22653_CMP $procmux$22652_CMP $procmux$22647_CMP }
    New input vector for $reduce_or cell $auto$opt_reduce.cc:131:opt_pmux$24544: { $procmux$22696_CMP [0] $procmux$22695_CMP $procmux$22694_CMP $procmux$22693_CMP $procmux$22692_CMP $procmux$22691_CMP $procmux$22690_CMP $procmux$22684_CMP $procmux$22683_CMP $procmux$22682_CMP $procmux$22681_CMP $procmux$22680_CMP $procmux$22679_CMP $procmux$22678_CMP $procmux$22677_CMP $procmux$22676_CMP $procmux$22675_CMP $procmux$22674_CMP $procmux$22673_CMP $procmux$22672_CMP $procmux$22671_CMP $procmux$22670_CMP $procmux$22669_CMP $procmux$22668_CMP $procmux$22667_CMP $procmux$22666_CMP $procmux$22665_CMP $procmux$22661_CMP $procmux$22660_CMP $procmux$22659_CMP $procmux$22658_CMP $procmux$22657_CMP $procmux$22656_CMP $procmux$22654_CMP $procmux$22653_CMP $procmux$22651_CMP $procmux$22650_CMP $procmux$22649_CMP $procmux$22648_CMP $procmux$22647_CMP $procmux$22645_CMP $procmux$22644_CMP $procmux$22643_CMP $procmux$22642_CMP [7:1] }
    New input vector for $reduce_or cell $auto$opt_reduce.cc:131:opt_pmux$24546: { $procmux$22696_CMP [0] $procmux$22695_CMP $procmux$22694_CMP $procmux$22693_CMP $procmux$22692_CMP $procmux$22691_CMP $procmux$22690_CMP $procmux$22684_CMP $procmux$22683_CMP $procmux$22682_CMP $procmux$22681_CMP $procmux$22680_CMP $procmux$22679_CMP $procmux$22678_CMP $procmux$22677_CMP $procmux$22676_CMP $procmux$22675_CMP $procmux$22674_CMP $procmux$22673_CMP $procmux$22672_CMP $procmux$22671_CMP $procmux$22670_CMP $procmux$22669_CMP $procmux$22668_CMP $procmux$22667_CMP $procmux$22666_CMP $procmux$22665_CMP $procmux$22664_CMP $procmux$22663_CMP $procmux$22662_CMP $procmux$22661_CMP $procmux$22660_CMP $procmux$22659_CMP $procmux$22658_CMP $procmux$22657_CMP $procmux$22656_CMP $procmux$22654_CMP $procmux$22653_CMP $procmux$22652_CMP $procmux$22651_CMP $procmux$22650_CMP $procmux$22647_CMP $procmux$22645_CMP $procmux$22644_CMP $procmux$22643_CMP $procmux$22642_CMP [7:1] }
    New input vector for $reduce_or cell $auto$opt_reduce.cc:131:opt_pmux$24550: { $procmux$22696_CMP [0] $procmux$22695_CMP $procmux$22694_CMP $procmux$22693_CMP $procmux$22692_CMP $procmux$22691_CMP $procmux$22690_CMP $procmux$22684_CMP $procmux$22683_CMP $procmux$22682_CMP $procmux$22681_CMP $procmux$22680_CMP $procmux$22679_CMP $procmux$22678_CMP $procmux$22677_CMP $procmux$22676_CMP $procmux$22675_CMP $procmux$22674_CMP $procmux$22673_CMP $procmux$22672_CMP $procmux$22671_CMP $procmux$22670_CMP $procmux$22669_CMP $procmux$22668_CMP $procmux$22667_CMP $procmux$22666_CMP $procmux$22665_CMP $procmux$22664_CMP $procmux$22663_CMP $procmux$22662_CMP $procmux$22660_CMP $procmux$22659_CMP $procmux$22658_CMP $procmux$22657_CMP $procmux$22656_CMP $procmux$22655_CMP $procmux$22654_CMP $procmux$22653_CMP $procmux$22652_CMP $procmux$22651_CMP $procmux$22650_CMP $procmux$22649_CMP $procmux$22648_CMP $procmux$22647_CMP $procmux$22646_CMP $procmux$22645_CMP $procmux$22644_CMP $procmux$22643_CMP $procmux$22642_CMP [7:1] }
    New input vector for $reduce_or cell $auto$opt_reduce.cc:131:opt_pmux$24552: { $procmux$22696_CMP [0] $procmux$22694_CMP $procmux$22693_CMP $procmux$22692_CMP $procmux$22691_CMP $procmux$22690_CMP $procmux$22684_CMP $procmux$22683_CMP $procmux$22682_CMP $procmux$22681_CMP $procmux$22680_CMP $procmux$22679_CMP $procmux$22678_CMP $procmux$22677_CMP $procmux$22676_CMP $procmux$22675_CMP $procmux$22674_CMP $procmux$22673_CMP $procmux$22672_CMP $procmux$22671_CMP $procmux$22670_CMP $procmux$22669_CMP $procmux$22668_CMP $procmux$22667_CMP $procmux$22666_CMP $procmux$22665_CMP $procmux$22664_CMP $procmux$22663_CMP $procmux$22662_CMP $procmux$22661_CMP $procmux$22660_CMP $procmux$22659_CMP $procmux$22658_CMP $procmux$22657_CMP $procmux$22656_CMP $procmux$22655_CMP $procmux$22654_CMP $procmux$22653_CMP $procmux$22652_CMP $procmux$22651_CMP $procmux$22650_CMP $procmux$22649_CMP $procmux$22648_CMP $procmux$22647_CMP $procmux$22646_CMP $procmux$22645_CMP $procmux$22644_CMP $procmux$22643_CMP $procmux$22642_CMP [7:1] }
    New input vector for $reduce_or cell $auto$opt_reduce.cc:131:opt_pmux$24554: { $procmux$22696_CMP [0] $procmux$22695_CMP $procmux$22693_CMP $procmux$22692_CMP $procmux$22691_CMP $procmux$22690_CMP $procmux$22684_CMP $procmux$22683_CMP $procmux$22679_CMP $procmux$22678_CMP $procmux$22677_CMP $procmux$22676_CMP $procmux$22675_CMP $procmux$22674_CMP $procmux$22673_CMP $procmux$22672_CMP $procmux$22671_CMP $procmux$22670_CMP $procmux$22669_CMP $procmux$22668_CMP $procmux$22667_CMP $procmux$22666_CMP $procmux$22665_CMP $procmux$22664_CMP $procmux$22663_CMP $procmux$22662_CMP $procmux$22661_CMP $procmux$22660_CMP $procmux$22659_CMP $procmux$22658_CMP $procmux$22657_CMP $procmux$22656_CMP $procmux$22655_CMP $procmux$22654_CMP $procmux$22653_CMP $procmux$22652_CMP $procmux$22651_CMP $procmux$22650_CMP $procmux$22649_CMP $procmux$22648_CMP $procmux$22647_CMP $procmux$22646_CMP $procmux$22645_CMP $procmux$22644_CMP $procmux$22643_CMP $procmux$22642_CMP [7:1] }
    New input vector for $reduce_or cell $auto$opt_reduce.cc:131:opt_pmux$24556: { $procmux$22696_CMP [0] $procmux$22695_CMP $procmux$22694_CMP $procmux$22693_CMP $procmux$22692_CMP $procmux$22691_CMP $procmux$22690_CMP $procmux$22682_CMP $procmux$22681_CMP $procmux$22680_CMP $procmux$22679_CMP $procmux$22678_CMP $procmux$22677_CMP $procmux$22676_CMP $procmux$22675_CMP $procmux$22674_CMP $procmux$22673_CMP $procmux$22670_CMP $procmux$22669_CMP $procmux$22668_CMP $procmux$22667_CMP $procmux$22662_CMP $procmux$22661_CMP $procmux$22660_CMP $procmux$22659_CMP $procmux$22658_CMP $procmux$22657_CMP $procmux$22656_CMP $procmux$22652_CMP $procmux$22651_CMP $procmux$22649_CMP $procmux$22647_CMP $procmux$22646_CMP $procmux$22645_CMP $procmux$22643_CMP $procmux$22642_CMP [7:1] $procmux$4705_CMP [54:52] $procmux$4705_CMP [50:49] $procmux$4705_CMP [47:45] $procmux$4705_CMP [42] $procmux$4705_CMP [40:38] $procmux$4705_CMP [36:35] $procmux$4705_CMP [33:31] $procmux$4705_CMP [28] $procmux$4705_CMP [26:24] $procmux$4705_CMP [22] $procmux$4705_CMP [19:17] $procmux$4705_CMP [15] $procmux$4705_CMP [12:10] $procmux$4705_CMP [5:3] $procmux$4703_CMP $procmux$4701_CMP [53] $procmux$4701_CMP [51] $procmux$4701_CMP [47:46] $procmux$4701_CMP [44:43] $procmux$4701_CMP [39] $procmux$4701_CMP [37] $procmux$4701_CMP [33:32] $procmux$4701_CMP [30:29] $procmux$4701_CMP [25] $procmux$4701_CMP [23] $procmux$4701_CMP [19:18] $procmux$4701_CMP [16:15] $procmux$4701_CMP [11] $procmux$4701_CMP [9] $procmux$4701_CMP [5:4] $procmux$4701_CMP [2:1] $procmux$4699_CMP }
    New input vector for $reduce_or cell $auto$opt_reduce.cc:131:opt_pmux$24558: { $procmux$22696_CMP [0] $procmux$22695_CMP $procmux$22694_CMP $procmux$22693_CMP $procmux$22692_CMP $procmux$22691_CMP $procmux$22690_CMP $procmux$22682_CMP $procmux$22681_CMP $procmux$22680_CMP $procmux$22679_CMP $procmux$22678_CMP $procmux$22677_CMP $procmux$22676_CMP $procmux$22675_CMP $procmux$22674_CMP $procmux$22673_CMP $procmux$22670_CMP $procmux$22669_CMP $procmux$22668_CMP $procmux$22667_CMP $procmux$22662_CMP $procmux$22661_CMP $procmux$22660_CMP $procmux$22659_CMP $procmux$22658_CMP $procmux$22657_CMP $procmux$22656_CMP $procmux$22652_CMP $procmux$22651_CMP $procmux$22649_CMP $procmux$22647_CMP $procmux$22646_CMP $procmux$22645_CMP $procmux$22643_CMP $procmux$22642_CMP [7:1] $procmux$4705_CMP [54:52] $procmux$4705_CMP [50:49] $procmux$4705_CMP [47:45] $procmux$4705_CMP [42] $procmux$4705_CMP [40:38] $procmux$4705_CMP [36:35] $procmux$4705_CMP [33:31] $procmux$4705_CMP [28] $procmux$4705_CMP [26:24] $procmux$4705_CMP [22] $procmux$4705_CMP [19:17] $procmux$4705_CMP [15] $procmux$4705_CMP [12:10] $procmux$4705_CMP [5:3] $procmux$4703_CMP $procmux$4701_CMP [53] $procmux$4701_CMP [51] $procmux$4701_CMP [47:46] $procmux$4701_CMP [44:43] $procmux$4701_CMP [39] $procmux$4701_CMP [37] $procmux$4701_CMP [33:32] $procmux$4701_CMP [30:29] $procmux$4701_CMP [25] $procmux$4701_CMP [23] $procmux$4701_CMP [19:18] $procmux$4701_CMP [16:15] $procmux$4701_CMP [11] $procmux$4701_CMP [9] $procmux$4701_CMP [5:4] $procmux$4701_CMP [2:1] $procmux$4699_CMP }
    New input vector for $reduce_or cell $auto$opt_reduce.cc:131:opt_pmux$24560: { $procmux$22683_CMP $procmux$4724_CMP $procmux$4700_CMP }
    New input vector for $reduce_or cell $auto$opt_reduce.cc:131:opt_pmux$24562: { $procmux$22694_CMP $procmux$22693_CMP $procmux$22692_CMP $procmux$22691_CMP $procmux$22690_CMP $procmux$22684_CMP $procmux$22683_CMP $procmux$22682_CMP $procmux$22681_CMP $procmux$22680_CMP $procmux$22679_CMP $procmux$22678_CMP $procmux$22677_CMP $procmux$22676_CMP $procmux$22675_CMP $procmux$22674_CMP $procmux$22673_CMP $procmux$22670_CMP $procmux$22669_CMP $procmux$22668_CMP $procmux$22666_CMP $procmux$22665_CMP $procmux$22664_CMP $procmux$22663_CMP $procmux$22662_CMP $procmux$22661_CMP $procmux$22660_CMP $procmux$22659_CMP $procmux$22657_CMP $procmux$22656_CMP $procmux$22655_CMP $procmux$22652_CMP $procmux$22651_CMP $procmux$22650_CMP $procmux$22649_CMP $procmux$22648_CMP $procmux$22647_CMP $procmux$22646_CMP }
    New input vector for $reduce_or cell $auto$opt_reduce.cc:131:opt_pmux$24566: { $procmux$22696_CMP [0] $procmux$22695_CMP $procmux$22694_CMP $procmux$22693_CMP $procmux$22692_CMP $procmux$22691_CMP $procmux$22690_CMP $procmux$22684_CMP $procmux$22683_CMP $procmux$22682_CMP $procmux$22681_CMP $procmux$22680_CMP $procmux$22679_CMP $procmux$22678_CMP $procmux$22677_CMP $procmux$22676_CMP $procmux$22675_CMP $procmux$22674_CMP $procmux$22673_CMP $procmux$22672_CMP $procmux$22671_CMP $procmux$22670_CMP $procmux$22669_CMP $procmux$22668_CMP $procmux$22667_CMP $procmux$22666_CMP $procmux$22665_CMP $procmux$22664_CMP $procmux$22663_CMP $procmux$22662_CMP $procmux$22661_CMP $procmux$22659_CMP $procmux$22658_CMP $procmux$22657_CMP $procmux$22656_CMP $procmux$22655_CMP $procmux$22654_CMP $procmux$22653_CMP $procmux$22652_CMP $procmux$22651_CMP $procmux$22650_CMP $procmux$22649_CMP $procmux$22648_CMP $procmux$22647_CMP $procmux$22646_CMP $procmux$22645_CMP $procmux$22644_CMP $procmux$22643_CMP $procmux$22642_CMP [7:1] }
    New input vector for $reduce_or cell $auto$opt_reduce.cc:131:opt_pmux$24568: { $procmux$22696_CMP [0] $procmux$22695_CMP $procmux$22694_CMP $procmux$22693_CMP $procmux$22692_CMP $procmux$22691_CMP $procmux$22690_CMP $procmux$22683_CMP $procmux$22682_CMP $procmux$22681_CMP $procmux$22680_CMP $procmux$22679_CMP $procmux$22678_CMP $procmux$22677_CMP $procmux$22676_CMP $procmux$22675_CMP $procmux$22674_CMP $procmux$22673_CMP $procmux$22670_CMP $procmux$22669_CMP $procmux$22668_CMP $procmux$22667_CMP $procmux$22662_CMP $procmux$22661_CMP $procmux$22660_CMP $procmux$22659_CMP $procmux$22658_CMP $procmux$22657_CMP $procmux$22656_CMP $procmux$22652_CMP $procmux$22651_CMP $procmux$22649_CMP $procmux$22647_CMP $procmux$22646_CMP $procmux$22645_CMP $procmux$22643_CMP $procmux$22642_CMP [7:1] $procmux$4724_CMP $procmux$4705_CMP [54:52] $procmux$4705_CMP [50:49] $procmux$4705_CMP [47:45] $procmux$4705_CMP [42] $procmux$4705_CMP [40:38] $procmux$4705_CMP [36:35] $procmux$4705_CMP [33:31] $procmux$4705_CMP [28] $procmux$4705_CMP [26:24] $procmux$4705_CMP [22] $procmux$4705_CMP [19:17] $procmux$4705_CMP [15] $procmux$4705_CMP [12:10] $procmux$4705_CMP [5:3] $procmux$4703_CMP $procmux$4702_CMP $procmux$4701_CMP [53] $procmux$4701_CMP [51] $procmux$4701_CMP [47:46] $procmux$4701_CMP [44:43] $procmux$4701_CMP [39] $procmux$4701_CMP [37] $procmux$4701_CMP [33:32] $procmux$4701_CMP [30:29] $procmux$4701_CMP [25] $procmux$4701_CMP [23] $procmux$4701_CMP [19:18] $procmux$4701_CMP [16:15] $procmux$4701_CMP [11] $procmux$4701_CMP [9] $procmux$4701_CMP [5:4] $procmux$4701_CMP [2:1] $procmux$4700_CMP $procmux$4699_CMP }
    New input vector for $reduce_or cell $auto$opt_reduce.cc:131:opt_pmux$24570: { $procmux$22696_CMP [0] $procmux$22695_CMP $procmux$22692_CMP $procmux$22691_CMP $procmux$22690_CMP $procmux$22684_CMP $procmux$22682_CMP $procmux$22681_CMP $procmux$22679_CMP $procmux$22678_CMP $procmux$22673_CMP $procmux$22672_CMP $procmux$22671_CMP $procmux$22670_CMP $procmux$22669_CMP $procmux$22668_CMP $procmux$22667_CMP $procmux$22666_CMP $procmux$22664_CMP $procmux$22663_CMP $procmux$22662_CMP $procmux$22661_CMP $procmux$22660_CMP $procmux$22659_CMP $procmux$22657_CMP $procmux$22656_CMP $procmux$22655_CMP $procmux$22654_CMP $procmux$22653_CMP $procmux$22652_CMP $procmux$22647_CMP $procmux$22643_CMP $procmux$22642_CMP [7:1] }
    New input vector for $reduce_or cell $auto$opt_reduce.cc:131:opt_pmux$24572: { $procmux$22696_CMP [0] $procmux$22695_CMP $procmux$22694_CMP $procmux$22693_CMP $procmux$22692_CMP $procmux$22691_CMP $procmux$22690_CMP $procmux$22684_CMP $procmux$22683_CMP $procmux$22682_CMP $procmux$22681_CMP $procmux$22680_CMP $procmux$22679_CMP $procmux$22678_CMP $procmux$22677_CMP $procmux$22676_CMP $procmux$22673_CMP $procmux$22672_CMP $procmux$22671_CMP $procmux$22670_CMP $procmux$22669_CMP $procmux$22668_CMP $procmux$22667_CMP $procmux$22666_CMP $procmux$22665_CMP $procmux$22664_CMP $procmux$22663_CMP $procmux$22662_CMP $procmux$22661_CMP $procmux$22660_CMP $procmux$22659_CMP $procmux$22658_CMP $procmux$22657_CMP $procmux$22656_CMP $procmux$22655_CMP $procmux$22654_CMP $procmux$22653_CMP $procmux$22652_CMP $procmux$22651_CMP $procmux$22650_CMP $procmux$22649_CMP $procmux$22648_CMP $procmux$22647_CMP $procmux$22646_CMP $procmux$22645_CMP $procmux$22644_CMP $procmux$22643_CMP $procmux$22642_CMP [7:1] }
    New input vector for $reduce_or cell $auto$opt_reduce.cc:131:opt_pmux$24586: { $procmux$22662_CMP $procmux$22652_CMP }
    New input vector for $reduce_or cell $auto$opt_reduce.cc:131:opt_pmux$24588: { $procmux$22696_CMP [0] $procmux$22695_CMP $procmux$22694_CMP $procmux$22693_CMP $procmux$22692_CMP $procmux$22691_CMP $procmux$22690_CMP $procmux$22682_CMP $procmux$22681_CMP $procmux$22680_CMP $procmux$22679_CMP $procmux$22678_CMP $procmux$22677_CMP $procmux$22674_CMP $procmux$22673_CMP $procmux$22672_CMP $procmux$22670_CMP $procmux$22669_CMP $procmux$22668_CMP $procmux$22661_CMP $procmux$22660_CMP $procmux$22659_CMP $procmux$22658_CMP $procmux$22657_CMP $procmux$22656_CMP $procmux$22654_CMP $procmux$22653_CMP $procmux$22651_CMP $procmux$22650_CMP $procmux$22649_CMP $procmux$22648_CMP $procmux$22647_CMP $procmux$22645_CMP $procmux$22644_CMP $procmux$22643_CMP $procmux$22642_CMP [7:1] }
    New input vector for $reduce_or cell $auto$opt_reduce.cc:131:opt_pmux$24590: { $procmux$22696_CMP [0] $procmux$22695_CMP $procmux$22694_CMP $procmux$22693_CMP $procmux$22692_CMP $procmux$22691_CMP $procmux$22690_CMP $procmux$22683_CMP $procmux$22682_CMP $procmux$22681_CMP $procmux$22680_CMP $procmux$22679_CMP $procmux$22678_CMP $procmux$22677_CMP $procmux$22676_CMP $procmux$22675_CMP $procmux$22674_CMP $procmux$22673_CMP $procmux$22672_CMP $procmux$22671_CMP $procmux$22670_CMP $procmux$22669_CMP $procmux$22668_CMP $procmux$22667_CMP $procmux$22666_CMP $procmux$22665_CMP $procmux$22664_CMP $procmux$22663_CMP $procmux$22662_CMP $procmux$22661_CMP $procmux$22660_CMP $procmux$22659_CMP $procmux$22658_CMP $procmux$22657_CMP $procmux$22656_CMP $procmux$22655_CMP $procmux$22654_CMP $procmux$22653_CMP $procmux$22652_CMP $procmux$22651_CMP $procmux$22650_CMP $procmux$22649_CMP $procmux$22648_CMP $procmux$22647_CMP $procmux$22646_CMP $procmux$22645_CMP $procmux$22644_CMP $procmux$22643_CMP $procmux$22642_CMP [7:1] }
    New input vector for $reduce_or cell $auto$opt_reduce.cc:131:opt_pmux$24592: { $procmux$22695_CMP $procmux$22694_CMP $procmux$22693_CMP $procmux$22692_CMP $procmux$22691_CMP $procmux$22690_CMP $procmux$22684_CMP $procmux$22683_CMP $procmux$22682_CMP $procmux$22681_CMP $procmux$22679_CMP $procmux$22678_CMP $procmux$22676_CMP $procmux$22673_CMP $procmux$22672_CMP $procmux$22671_CMP $procmux$22670_CMP $procmux$22669_CMP $procmux$22668_CMP $procmux$22667_CMP $procmux$22666_CMP $procmux$22665_CMP $procmux$22664_CMP $procmux$22663_CMP $procmux$22662_CMP $procmux$22661_CMP $procmux$22660_CMP $procmux$22659_CMP $procmux$22657_CMP $procmux$22656_CMP $procmux$22655_CMP $procmux$22654_CMP $procmux$22653_CMP $procmux$22652_CMP $procmux$22649_CMP $procmux$22648_CMP $procmux$22647_CMP $procmux$22646_CMP }
  Optimizing cells in module \tv80_mcode_gold.
Performed a total of 117 changes.

3.6.5. Executing OPT_MERGE pass (detect identical cells).
Finding identical cells in module `\tv80_mcode_gold'.
Computing hashes of 1349 cells of `\tv80_mcode_gold'.
Finding duplicate cells in `\tv80_mcode_gold'.
Computing hashes of 1056 cells of `\tv80_mcode_gold'.
Finding duplicate cells in `\tv80_mcode_gold'.
Computing hashes of 901 cells of `\tv80_mcode_gold'.
Finding duplicate cells in `\tv80_mcode_gold'.
Computing hashes of 836 cells of `\tv80_mcode_gold'.
Finding duplicate cells in `\tv80_mcode_gold'.
Computing hashes of 822 cells of `\tv80_mcode_gold'.
Finding duplicate cells in `\tv80_mcode_gold'.
<suppressed ~1581 debug messages>
Removed a total of 527 cells.

3.6.6. Executing OPT_DFF pass (perform DFF optimizations).

3.6.7. Executing OPT_CLEAN pass (remove unused cells and wires).
Finding unused cells or wires in module \tv80_mcode_gold..
Removed 0 unused cells and 6223 unused wires.
<suppressed ~1 debug messages>

3.6.8. Executing OPT_EXPR pass (perform const folding).
Optimizing module tv80_mcode_gold.
<suppressed ~1 debug messages>

3.6.9. Rerunning OPT passes. (Maybe there is more to do..)

3.6.10. Executing OPT_MUXTREE pass (detect dead branches in mux trees).
Running muxtree optimizer on module \tv80_mcode_gold..
  Creating internal representation of mux trees.
  Evaluating internal representation of mux trees.
  Analyzing evaluation results.
Removed 0 multiplexer ports.
<suppressed ~2088 debug messages>

3.6.11. Executing OPT_REDUCE pass (consolidate $*mux and $reduce_* inputs).
  Optimizing cells in module \tv80_mcode_gold.
    New ctrl vector for $pmux cell $procmux$4613: { $auto$opt_reduce.cc:137:opt_pmux$24597 $auto$opt_reduce.cc:137:opt_pmux$24595 $auto$opt_reduce.cc:137:opt_pmux$24491 }
    New ctrl vector for $pmux cell $procmux$4685: { $auto$opt_reduce.cc:137:opt_pmux$24599 $procmux$4408_CTRL $auto$opt_reduce.cc:137:opt_pmux$24453 }
    New ctrl vector for $pmux cell $procmux$4783: { $procmux$19945_CMP $procmux$19137_CMP $procmux$17019_CTRL $procmux$16339_CMP $procmux$14602_CMP $procmux$13800_CMP $procmux$13261_CMP $procmux$13104_CMP $auto$opt_reduce.cc:137:opt_pmux$24601 $procmux$10090_CMP $auto$opt_reduce.cc:137:opt_pmux$24497 $auto$opt_reduce.cc:137:opt_pmux$24509 }
    New ctrl vector for $pmux cell $procmux$3969: { $procmux$1315_CTRL $auto$opt_reduce.cc:137:opt_pmux$24603 }
    New ctrl vector for $pmux cell $procmux$23607: { $auto$opt_reduce.cc:137:opt_pmux$24605 $procmux$21730_CMP $auto$opt_reduce.cc:137:opt_pmux$24511 }
    New ctrl vector for $pmux cell $procmux$4026: { $auto$opt_reduce.cc:137:opt_pmux$24611 $auto$opt_reduce.cc:137:opt_pmux$24609 $auto$opt_reduce.cc:137:opt_pmux$24607 $procmux$2899_CTRL $procmux$1101_CTRL }
    New ctrl vector for $pmux cell $procmux$5287: { $procmux$19945_CMP $procmux$19137_CMP $auto$opt_reduce.cc:137:opt_pmux$24615 $procmux$17542_CMP $procmux$15624_CMP $procmux$15083_CMP $procmux$13800_CMP $procmux$13261_CMP $procmux$13104_CMP $auto$opt_reduce.cc:137:opt_pmux$24613 $procmux$10513_CMP $procmux$10090_CMP $procmux$21730_CMP $procmux$21729_CMP $procmux$21728_CMP $procmux$21725_CTRL $procmux$10471_CMP $auto$opt_reduce.cc:137:opt_pmux$24495 }
    New ctrl vector for $pmux cell $procmux$21719: { $procmux$19945_CMP $procmux$19137_CMP $procmux$18244_CMP $procmux$18087_CMP $procmux$17542_CMP $auto$opt_reduce.cc:137:opt_pmux$24621 $auto$opt_reduce.cc:137:opt_pmux$24619 $procmux$13800_CMP $auto$opt_reduce.cc:137:opt_pmux$24617 $procmux$10513_CMP $procmux$10471_CMP $auto$opt_reduce.cc:137:opt_pmux$24523 }
    New ctrl vector for $pmux cell $procmux$23769: { $auto$opt_reduce.cc:137:opt_pmux$24623 $auto$opt_reduce.cc:137:opt_pmux$24525 }
    New ctrl vector for $pmux cell $procmux$21935: { $procmux$19945_CMP $procmux$19137_CMP $auto$opt_reduce.cc:137:opt_pmux$24635 $auto$opt_reduce.cc:137:opt_pmux$24633 $procmux$18401_CMP $procmux$17542_CMP $auto$opt_reduce.cc:137:opt_pmux$24631 $auto$opt_reduce.cc:137:opt_pmux$24629 $procmux$13800_CMP $procmux$13261_CMP $auto$opt_reduce.cc:137:opt_pmux$24627 $procmux$10513_CMP $procmux$21729_CMP $procmux$21728_CMP $procmux$21726_CTRL $auto$opt_reduce.cc:137:opt_pmux$24625 $auto$opt_reduce.cc:137:opt_pmux$24529 }
    New ctrl vector for $pmux cell $procmux$22689: { $auto$opt_reduce.cc:137:opt_pmux$24637 $auto$opt_reduce.cc:137:opt_pmux$24533 }
    New ctrl vector for $pmux cell $procmux$21773: { $procmux$19945_CMP $procmux$19137_CMP $auto$opt_reduce.cc:137:opt_pmux$24535 $procmux$13261_CMP $auto$opt_reduce.cc:137:opt_pmux$24537 $auto$opt_reduce.cc:137:opt_pmux$24639 $procmux$10513_CMP $procmux$21732_CMP $auto$opt_reduce.cc:137:opt_pmux$24539 $procmux$21728_CMP $procmux$21726_CTRL $auto$opt_reduce.cc:137:opt_pmux$24541 $auto$opt_reduce.cc:137:opt_pmux$24543 }
    New ctrl vector for $pmux cell $procmux$3957: $auto$opt_reduce.cc:137:opt_pmux$24641
    New ctrl vector for $pmux cell $procmux$4649: { $auto$opt_reduce.cc:137:opt_pmux$24643 $auto$opt_reduce.cc:137:opt_pmux$24487 }
    New ctrl vector for $pmux cell $procmux$3729: { $auto$opt_reduce.cc:137:opt_pmux$24461 $auto$opt_reduce.cc:137:opt_pmux$24649 $auto$opt_reduce.cc:137:opt_pmux$24647 $auto$opt_reduce.cc:137:opt_pmux$24645 $procmux$1008_CTRL $procmux$1096_CTRL }
    New ctrl vector for $pmux cell $procmux$3800: { $procmux$1096_CTRL $auto$opt_reduce.cc:137:opt_pmux$24651 }
    New ctrl vector for $pmux cell $procmux$22635: { $procmux$10090_CMP $auto$opt_reduce.cc:137:opt_pmux$24653 $procmux$21730_CMP $auto$opt_reduce.cc:137:opt_pmux$24547 }
    New ctrl vector for $pmux cell $procmux$22743: { $auto$opt_reduce.cc:137:opt_pmux$24659 $procmux$13800_CMP $auto$opt_reduce.cc:137:opt_pmux$24657 $procmux$10513_CMP $procmux$10090_CMP $auto$opt_reduce.cc:137:opt_pmux$24465 $auto$opt_reduce.cc:137:opt_pmux$24655 $procmux$21730_CMP $procmux$21729_CMP $procmux$21728_CMP $auto$opt_reduce.cc:137:opt_pmux$24467 }
    New ctrl vector for $pmux cell $procmux$1095: { $auto$opt_reduce.cc:137:opt_pmux$24665 $procmux$1098_CTRL $auto$opt_reduce.cc:137:opt_pmux$24663 $auto$opt_reduce.cc:137:opt_pmux$24661 $procmux$1103_CTRL }
    New ctrl vector for $pmux cell $procmux$4999: { $auto$opt_reduce.cc:137:opt_pmux$24669 $auto$opt_reduce.cc:137:opt_pmux$24667 $procmux$13800_CMP $procmux$10513_CMP $auto$opt_reduce.cc:137:opt_pmux$24469 $procmux$21729_CMP $procmux$21728_CMP $auto$opt_reduce.cc:137:opt_pmux$24471 }
    New ctrl vector for $pmux cell $procmux$4192: $auto$opt_reduce.cc:137:opt_pmux$24671
    New ctrl vector for $pmux cell $procmux$23823: { $procmux$13261_CMP $procmux$13104_CMP $auto$opt_reduce.cc:137:opt_pmux$24673 $procmux$10090_CMP $auto$opt_reduce.cc:137:opt_pmux$24497 $procmux$21730_CMP $auto$opt_reduce.cc:137:opt_pmux$24499 }
    New ctrl vector for $pmux cell $procmux$4169: $auto$opt_reduce.cc:137:opt_pmux$24675
    New ctrl vector for $pmux cell $procmux$3787: { $auto$opt_reduce.cc:137:opt_pmux$24679 $procmux$1551_CMP $auto$opt_reduce.cc:137:opt_pmux$24677 $procmux$1101_CTRL }
    New ctrl vector for $pmux cell $procmux$23986: { $auto$opt_reduce.cc:137:opt_pmux$24681 $procmux$18401_CMP $procmux$10034_CMP $auto$opt_reduce.cc:137:opt_pmux$24555 }
    New ctrl vector for $pmux cell $procmux$896: { $procmux$3336_CTRL $auto$opt_reduce.cc:137:opt_pmux$24687 $procmux$2899_CTRL $auto$opt_reduce.cc:137:opt_pmux$24685 $auto$opt_reduce.cc:137:opt_pmux$24683 $procmux$1210_CTRL }
    New ctrl vector for $pmux cell $procmux$23661: { $procmux$10513_CMP $procmux$10020_CMP $procmux$14435_CMP $auto$opt_reduce.cc:137:opt_pmux$24689 $auto$opt_reduce.cc:137:opt_pmux$24489 }
    New ctrl vector for $pmux cell $procmux$4661: { $auto$opt_reduce.cc:137:opt_pmux$24691 $auto$opt_reduce.cc:137:opt_pmux$24453 }
    New ctrl vector for $pmux cell $procmux$5147: { $auto$opt_reduce.cc:137:opt_pmux$24695 $auto$opt_reduce.cc:137:opt_pmux$24693 $procmux$13800_CMP $procmux$10513_CMP $procmux$21738_CMP $procmux$21737_CMP $procmux$21729_CMP $procmux$21728_CMP $auto$opt_reduce.cc:137:opt_pmux$24471 }
    New ctrl vector for $pmux cell $procmux$3989: { $procmux$1096_CTRL $procmux$1008_CTRL $auto$opt_reduce.cc:137:opt_pmux$24701 $procmux$1315_CTRL $auto$opt_reduce.cc:137:opt_pmux$24699 $procmux$1101_CTRL $procmux$1102_CTRL $auto$opt_reduce.cc:137:opt_pmux$24697 }
    New ctrl vector for $pmux cell $procmux$4837: { $procmux$19945_CMP $procmux$19137_CMP $auto$opt_reduce.cc:137:opt_pmux$24705 $procmux$17542_CMP $procmux$15624_CMP $procmux$15083_CMP $procmux$13800_CMP $auto$opt_reduce.cc:137:opt_pmux$24703 $procmux$10513_CMP $procmux$10090_CMP $procmux$21730_CMP $procmux$21729_CMP $procmux$21728_CMP $procmux$21725_CTRL $procmux$10471_CMP $auto$opt_reduce.cc:137:opt_pmux$24493 }
    New ctrl vector for $pmux cell $procmux$24175: { $auto$opt_reduce.cc:137:opt_pmux$24711 $auto$opt_reduce.cc:137:opt_pmux$24709 $auto$opt_reduce.cc:137:opt_pmux$24707 $procmux$10513_CMP $procmux$21730_CMP $auto$opt_reduce.cc:137:opt_pmux$24571 }
    New ctrl vector for $pmux cell $procmux$23499: { $auto$opt_reduce.cc:137:opt_pmux$24713 $auto$opt_reduce.cc:137:opt_pmux$24481 }
    New ctrl vector for $pmux cell $procmux$23337: { $auto$opt_reduce.cc:137:opt_pmux$24715 $auto$opt_reduce.cc:137:opt_pmux$24503 }
    New ctrl vector for $pmux cell $procmux$24121: { $auto$opt_reduce.cc:137:opt_pmux$24717 $auto$opt_reduce.cc:137:opt_pmux$24573 }
    New ctrl vector for $pmux cell $procmux$4110: { $auto$opt_reduce.cc:137:opt_pmux$24723 $procmux$1210_CTRL $auto$opt_reduce.cc:137:opt_pmux$24721 $auto$opt_reduce.cc:137:opt_pmux$24719 $procmux$3336_CTRL }
    New ctrl vector for $pmux cell $procmux$2891: { $auto$opt_reduce.cc:137:opt_pmux$24731 $procmux$1098_CTRL $auto$opt_reduce.cc:137:opt_pmux$24729 $auto$opt_reduce.cc:137:opt_pmux$24727 $procmux$2899_CTRL $auto$opt_reduce.cc:137:opt_pmux$24725 $procmux$1103_CTRL }
    New ctrl vector for $pmux cell $procmux$3774: { $auto$opt_reduce.cc:137:opt_pmux$24735 $procmux$1098_CTRL $auto$opt_reduce.cc:137:opt_pmux$24733 $procmux$1103_CTRL }
    New ctrl vector for $pmux cell $procmux$4040: { $auto$opt_reduce.cc:137:opt_pmux$24737 $procmux$1405_CMP $procmux$1551_CMP $procmux$1099_CTRL $procmux$1100_CTRL $procmux$2899_CTRL $procmux$1101_CTRL $procmux$1102_CTRL }
    New ctrl vector for $pmux cell $procmux$3882: $auto$opt_reduce.cc:137:opt_pmux$24739
    New ctrl vector for $pmux cell $procmux$22095: { $procmux$19945_CMP $procmux$19137_CMP $auto$opt_reduce.cc:137:opt_pmux$24743 $procmux$16339_CMP $procmux$14602_CMP $procmux$13800_CMP $procmux$13261_CMP $procmux$13104_CMP $auto$opt_reduce.cc:137:opt_pmux$24741 $auto$opt_reduce.cc:137:opt_pmux$24497 $procmux$21730_CMP $auto$opt_reduce.cc:137:opt_pmux$24589 }
    New ctrl vector for $pmux cell $procmux$23391: { $auto$opt_reduce.cc:137:opt_pmux$24747 $procmux$10513_CMP $auto$opt_reduce.cc:137:opt_pmux$24745 $auto$opt_reduce.cc:137:opt_pmux$24593 }
    New input vector for $reduce_or cell $auto$opt_reduce.cc:131:opt_pmux$24594: { $procmux$19137_CMP $procmux$4296_CMP $procmux$4212_CMP }
    New input vector for $reduce_or cell $auto$opt_reduce.cc:131:opt_pmux$24596: { $procmux$21757_CMP $procmux$21746_CMP $procmux$21745_CMP $procmux$21744_CMP $procmux$21743_CMP $procmux$21741_CMP $procmux$21740_CMP $procmux$21736_CMP $procmux$21731_CMP $procmux$21730_CMP $procmux$21729_CMP $procmux$21727_CMP $procmux$21726_CMP $procmux$21725_CMP $procmux$21721_CMP $procmux$21720_CMP $procmux$19024_CMP $procmux$18916_CMP $procmux$18401_CMP $procmux$18244_CMP $procmux$18087_CMP $procmux$17542_CMP $procmux$17019_CMP $procmux$16339_CMP $procmux$15624_CMP $procmux$15032_CMP $procmux$14474_CMP $procmux$14404_CMP $procmux$13800_CMP $procmux$10513_CMP $procmux$10471_CMP $procmux$10057_CMP $procmux$10034_CMP $procmux$10020_CMP $procmux$4579_CMP [54:52] $procmux$4579_CMP [50:49] $procmux$4579_CMP [47:45] $procmux$4579_CMP [42] $procmux$4579_CMP [40:38] $procmux$4579_CMP [36:35] $procmux$4579_CMP [33:31] $procmux$4579_CMP [28] $procmux$4579_CMP [26:24] $procmux$4579_CMP [22] $procmux$4579_CMP [19:17] $procmux$4579_CMP [15] $procmux$4579_CMP [12:10] $procmux$4579_CMP [5:3] $procmux$4373_CMP [53] $procmux$4373_CMP [51] $procmux$4373_CMP [47:46] $procmux$4373_CMP [44:43] $procmux$4373_CMP [39] $procmux$4373_CMP [37] $procmux$4373_CMP [33:32] $procmux$4373_CMP [30:29] $procmux$4373_CMP [25] $procmux$4373_CMP [23] $procmux$4373_CMP [19:18] $procmux$4373_CMP [16:15] $procmux$4373_CMP [11] $procmux$4373_CMP [9] $procmux$4373_CMP [5:4] $procmux$4373_CMP [2:1] $procmux$4265_CMP [55:53] $procmux$4265_CMP [48:46] $procmux$4265_CMP [41:39] $procmux$4265_CMP [34:32] $procmux$4265_CMP [27:0] $procmux$1102_CMP $procmux$1101_CMP $procmux$1096_CMP $procmux$1008_CMP $eq$/home/toshn/slacksmith_work/depth_tv80/run3/gates/O1/gold.v:4716$622_Y }
    New input vector for $reduce_or cell $auto$opt_reduce.cc:131:opt_pmux$24598: { $procmux$19137_CMP $procmux$4296_CMP $procmux$4212_CMP }
    New input vector for $reduce_or cell $auto$opt_reduce.cc:131:opt_pmux$24602: { $procmux$3336_CMP $procmux$1103_CMP }
    New input vector for $reduce_or cell $auto$opt_reduce.cc:131:opt_pmux$24606: { $procmux$1100_CMP $procmux$1099_CMP }
    New input vector for $reduce_or cell $auto$opt_reduce.cc:131:opt_pmux$24610: { $procmux$1096_CMP $procmux$1008_CMP }
    New input vector for $reduce_or cell $auto$opt_reduce.cc:131:opt_pmux$24618: { $procmux$21725_CMP $procmux$15083_CMP }
    New input vector for $reduce_or cell $auto$opt_reduce.cc:131:opt_pmux$24628: { $procmux$21727_CMP $procmux$21725_CMP $procmux$15083_CMP $procmux$14602_CMP }
    New input vector for $reduce_or cell $auto$opt_reduce.cc:131:opt_pmux$24640: { $procmux$3336_CMP $procmux$1103_CMP }
    New input vector for $reduce_or cell $auto$opt_reduce.cc:131:opt_pmux$24642: { $procmux$19137_CMP $procmux$4296_CMP $procmux$4212_CMP }
    New input vector for $reduce_or cell $auto$opt_reduce.cc:131:opt_pmux$24646: { $procmux$1100_CMP $procmux$1099_CMP }
    New input vector for $reduce_or cell $auto$opt_reduce.cc:131:opt_pmux$24648: { $procmux$1102_CMP $procmux$1101_CMP }
    New input vector for $reduce_or cell $auto$opt_reduce.cc:131:opt_pmux$24650: { $procmux$1210_CMP $procmux$1098_CMP $procmux$1008_CMP }
    New input vector for $reduce_or cell $auto$opt_reduce.cc:131:opt_pmux$24658: { $procmux$21726_CMP $procmux$21725_CMP $procmux$15083_CMP }
    New input vector for $reduce_or cell $auto$opt_reduce.cc:131:opt_pmux$24660: { $procmux$1102_CMP $procmux$1101_CMP }
    New input vector for $reduce_or cell $auto$opt_reduce.cc:131:opt_pmux$24662: { $procmux$1100_CMP $procmux$1099_CMP }
    New input vector for $reduce_or cell $auto$opt_reduce.cc:131:opt_pmux$24664: { $procmux$1096_CMP $procmux$1008_CMP }
    New input vector for $reduce_or cell $auto$opt_reduce.cc:131:opt_pmux$24666: { $procmux$21727_CMP $procmux$21726_CMP $procmux$14602_CMP }
    New input vector for $reduce_or cell $auto$opt_reduce.cc:131:opt_pmux$24668: { $procmux$21725_CMP $procmux$15083_CMP }
    New input vector for $reduce_or cell $auto$opt_reduce.cc:131:opt_pmux$24670: { $procmux$3336_CMP $procmux$1103_CMP }
    New input vector for $reduce_or cell $auto$opt_reduce.cc:131:opt_pmux$24674: { $procmux$3336_CMP $procmux$1103_CMP }
    New input vector for $reduce_or cell $auto$opt_reduce.cc:131:opt_pmux$24676: { $procmux$1100_CMP $procmux$1099_CMP }
    New input vector for $reduce_or cell $auto$opt_reduce.cc:131:opt_pmux$24678: { $procmux$1102_CMP $procmux$1096_CMP $procmux$1008_CMP }
    New input vector for $reduce_or cell $auto$opt_reduce.cc:131:opt_pmux$24684: { $procmux$1100_CMP $procmux$1099_CMP }
    New input vector for $reduce_or cell $auto$opt_reduce.cc:131:opt_pmux$24686: { $procmux$1102_CMP $procmux$1101_CMP }
    New input vector for $reduce_or cell $auto$opt_reduce.cc:131:opt_pmux$24688: { $procmux$21727_CMP $procmux$21726_CMP }
    New input vector for $reduce_or cell $auto$opt_reduce.cc:131:opt_pmux$24690: { $procmux$19137_CMP $procmux$4408_CMP [7] $procmux$4296_CMP $procmux$4212_CMP $procmux$3841_CMP $procmux$3840_CMP $procmux$3839_CMP [0] }
    New input vector for $reduce_or cell $auto$opt_reduce.cc:131:opt_pmux$24692: { $procmux$21727_CMP $procmux$21726_CMP $procmux$14602_CMP }
    New input vector for $reduce_or cell $auto$opt_reduce.cc:131:opt_pmux$24694: { $procmux$21725_CMP $procmux$15083_CMP }
    New input vector for $reduce_or cell $auto$opt_reduce.cc:131:opt_pmux$24696: { $procmux$3336_CMP $procmux$1103_CMP }
    New input vector for $reduce_or cell $auto$opt_reduce.cc:131:opt_pmux$24700: { $procmux$1210_CMP $procmux$1098_CMP }
    New input vector for $reduce_or cell $auto$opt_reduce.cc:131:opt_pmux$24706: { $procmux$21729_CMP $procmux$21728_CMP $procmux$17542_CMP $procmux$17019_CMP $procmux$16339_CMP $procmux$15624_CMP $procmux$14435_CMP }
    New input vector for $reduce_or cell $auto$opt_reduce.cc:131:opt_pmux$24718: { $procmux$1100_CMP $procmux$1099_CMP }
    New input vector for $reduce_or cell $auto$opt_reduce.cc:131:opt_pmux$24722: { $procmux$1096_CMP $procmux$1008_CMP }
    New input vector for $reduce_or cell $auto$opt_reduce.cc:131:opt_pmux$24724: { $procmux$1102_CMP $procmux$1101_CMP }
    New input vector for $reduce_or cell $auto$opt_reduce.cc:131:opt_pmux$24726: { $procmux$1100_CMP $procmux$1099_CMP }
    New input vector for $reduce_or cell $auto$opt_reduce.cc:131:opt_pmux$24730: { $procmux$1096_CMP $procmux$1008_CMP }
    New input vector for $reduce_or cell $auto$opt_reduce.cc:131:opt_pmux$24734: { $procmux$1102_CMP $procmux$1096_CMP $procmux$1008_CMP }
    New input vector for $reduce_or cell $auto$opt_reduce.cc:131:opt_pmux$24736: { $procmux$1096_CMP $procmux$1008_CMP }
    New input vector for $reduce_or cell $auto$opt_reduce.cc:131:opt_pmux$24738: { $procmux$1096_CMP $procmux$1008_CMP }
    New input vector for $reduce_or cell $auto$opt_reduce.cc:131:opt_pmux$24742: { $procmux$17019_CMP $procmux$10090_CMP }
    New input vector for $reduce_or cell $auto$opt_reduce.cc:131:opt_pmux$24744: { $procmux$21727_CMP $procmux$21726_CMP }
  Optimizing cells in module \tv80_mcode_gold.
Performed a total of 84 changes.

3.6.12. Executing OPT_MERGE pass (detect identical cells).
Finding identical cells in module `\tv80_mcode_gold'.
Computing hashes of 898 cells of `\tv80_mcode_gold'.
Finding duplicate cells in `\tv80_mcode_gold'.
Computing hashes of 850 cells of `\tv80_mcode_gold'.
Finding duplicate cells in `\tv80_mcode_gold'.
<suppressed ~144 debug messages>
Removed a total of 48 cells.

3.6.13. Executing OPT_DFF pass (perform DFF optimizations).

3.6.14. Executing OPT_CLEAN pass (remove unused cells and wires).
Finding unused cells or wires in module \tv80_mcode_gold..
Removed 0 unused cells and 49 unused wires.
<suppressed ~1 debug messages>

3.6.15. Executing OPT_EXPR pass (perform const folding).
Optimizing module tv80_mcode_gold.

3.6.16. Rerunning OPT passes. (Maybe there is more to do..)

3.6.17. Executing OPT_MUXTREE pass (detect dead branches in mux trees).
Running muxtree optimizer on module \tv80_mcode_gold..
  Creating internal representation of mux trees.
  Evaluating internal representation of mux trees.
  Analyzing evaluation results.
Removed 0 multiplexer ports.
<suppressed ~1659 debug messages>

3.6.18. Executing OPT_REDUCE pass (consolidate $*mux and $reduce_* inputs).
  Optimizing cells in module \tv80_mcode_gold.
Performed a total of 0 changes.

3.6.19. Executing OPT_MERGE pass (detect identical cells).
Finding identical cells in module `\tv80_mcode_gold'.
Computing hashes of 850 cells of `\tv80_mcode_gold'.
Finding duplicate cells in `\tv80_mcode_gold'.
Removed a total of 0 cells.

3.6.20. Executing OPT_DFF pass (perform DFF optimizations).

3.6.21. Executing OPT_CLEAN pass (remove unused cells and wires).
Finding unused cells or wires in module \tv80_mcode_gold..

3.6.22. Executing OPT_EXPR pass (perform const folding).
Optimizing module tv80_mcode_gold.

3.6.23. Finished fast OPT passes. (There is nothing left to do.)

3.7. Executing FSM pass (extract and optimize FSM).

3.7.1. Executing FSM_DETECT pass (finding FSMs in design).

3.7.2. Executing FSM_EXTRACT pass (extracting FSM from design).

3.7.3. Executing FSM_OPT pass (simple optimizations of FSMs).

3.7.4. Executing OPT_CLEAN pass (remove unused cells and wires).
Finding unused cells or wires in module \tv80_mcode_gold..

3.7.5. Executing FSM_OPT pass (simple optimizations of FSMs).

3.7.6. Executing FSM_RECODE pass (re-assigning FSM state encoding).

3.7.7. Executing FSM_INFO pass (dumping all available information on FSM cells).

3.7.8. Executing FSM_MAP pass (mapping FSMs to basic logic).

3.8. Executing OPT pass (performing simple optimizations).

3.8.1. Executing OPT_EXPR pass (perform const folding).
Optimizing module tv80_mcode_gold.

3.8.2. Executing OPT_MERGE pass (detect identical cells).
Finding identical cells in module `\tv80_mcode_gold'.
Computing hashes of 850 cells of `\tv80_mcode_gold'.
Finding duplicate cells in `\tv80_mcode_gold'.
Removed a total of 0 cells.

3.8.3. Executing OPT_MUXTREE pass (detect dead branches in mux trees).
Running muxtree optimizer on module \tv80_mcode_gold..
  Creating internal representation of mux trees.
  Evaluating internal representation of mux trees.
  Analyzing evaluation results.
Removed 0 multiplexer ports.
<suppressed ~1659 debug messages>

3.8.4. Executing OPT_REDUCE pass (consolidate $*mux and $reduce_* inputs).
  Optimizing cells in module \tv80_mcode_gold.
Performed a total of 0 changes.

3.8.5. Executing OPT_MERGE pass (detect identical cells).
Finding identical cells in module `\tv80_mcode_gold'.
Computing hashes of 850 cells of `\tv80_mcode_gold'.
Finding duplicate cells in `\tv80_mcode_gold'.
Removed a total of 0 cells.

3.8.6. Executing OPT_DFF pass (perform DFF optimizations).

3.8.7. Executing OPT_CLEAN pass (remove unused cells and wires).
Finding unused cells or wires in module \tv80_mcode_gold..

3.8.8. Executing OPT_EXPR pass (perform const folding).
Optimizing module tv80_mcode_gold.

3.8.9. Finished fast OPT passes. (There is nothing left to do.)

3.9. Executing WREDUCE pass (reducing word size of cells).
Removed top 2 bits (of 3) from mux cell tv80_mcode_gold.$ternary$/home/toshn/slacksmith_work/depth_tv80/run3/gates/O1/gold.v:3429$567 ($mux).
Removed top 2 bits (of 3) from mux cell tv80_mcode_gold.$ternary$/home/toshn/slacksmith_work/depth_tv80/run3/gates/O1/gold.v:3430$569 ($mux).
Removed top 2 bits (of 3) from mux cell tv80_mcode_gold.$ternary$/home/toshn/slacksmith_work/depth_tv80/run3/gates/O1/gold.v:3431$570 ($mux).
Removed top 2 bits (of 3) from mux cell tv80_mcode_gold.$ternary$/home/toshn/slacksmith_work/depth_tv80/run3/gates/O1/gold.v:3432$572 ($mux).
Removed top 1 bits (of 2) from port B of cell tv80_mcode_gold.$ne$/home/toshn/slacksmith_work/depth_tv80/run3/gates/O1/gold.v:4727$624 ($ne).
Removed top 2 bits (of 8) from port B of cell tv80_mcode_gold.$eq$/home/toshn/slacksmith_work/depth_tv80/run3/gates/O1/gold.v:4733$625 ($eq).
Removed top 1 bits (of 3) from mux cell tv80_mcode_gold.$procmux$1735 ($mux).
Removed top 1 bits (of 3) from mux cell tv80_mcode_gold.$procmux$1737 ($mux).
Removed top 1 bits (of 4) from mux cell tv80_mcode_gold.$procmux$1973 ($mux).
Removed top 1 bits (of 4) from mux cell tv80_mcode_gold.$procmux$1975 ($mux).
Removed top 1 bits (of 4) from mux cell tv80_mcode_gold.$procmux$2504 ($mux).
Removed top 1 bits (of 4) from mux cell tv80_mcode_gold.$procmux$2506 ($mux).
Removed top 1 bits (of 4) from mux cell tv80_mcode_gold.$procmux$2824 ($mux).
Removed top 1 bits (of 4) from mux cell tv80_mcode_gold.$procmux$2826 ($mux).
Removed top 1 bits (of 4) from mux cell tv80_mcode_gold.$procmux$2880 ($mux).
Removed top 1 bits (of 4) from mux cell tv80_mcode_gold.$procmux$2882 ($mux).
Removed top 1 bits (of 8) from port B of cell tv80_mcode_gold.$procmux$4702_CMP0 ($eq).
Removed top 1 bits (of 8) from port B of cell tv80_mcode_gold.$procmux$4702_CMP1 ($eq).
Removed top 1 bits (of 8) from port B of cell tv80_mcode_gold.$procmux$4702_CMP2 ($eq).
Removed top 1 bits (of 8) from port B of cell tv80_mcode_gold.$procmux$4702_CMP3 ($eq).
Removed top 1 bits (of 8) from port B of cell tv80_mcode_gold.$procmux$4702_CMP4 ($eq).
Removed top 1 bits (of 8) from port B of cell tv80_mcode_gold.$procmux$4702_CMP5 ($eq).
Removed top 1 bits (of 8) from port B of cell tv80_mcode_gold.$procmux$4702_CMP6 ($eq).
Removed top 1 bits (of 8) from port B of cell tv80_mcode_gold.$procmux$4702_CMP7 ($eq).
Removed top 1 bits (of 8) from port B of cell tv80_mcode_gold.$procmux$4703_CMP0 ($eq).
Removed top 1 bits (of 8) from port B of cell tv80_mcode_gold.$procmux$4703_CMP1 ($eq).
Removed top 1 bits (of 8) from port B of cell tv80_mcode_gold.$procmux$4703_CMP2 ($eq).
Removed top 1 bits (of 8) from port B of cell tv80_mcode_gold.$procmux$4703_CMP3 ($eq).
Removed top 1 bits (of 8) from port B of cell tv80_mcode_gold.$procmux$4703_CMP4 ($eq).
Removed top 1 bits (of 8) from port B of cell tv80_mcode_gold.$procmux$4703_CMP5 ($eq).
Removed top 1 bits (of 8) from port B of cell tv80_mcode_gold.$procmux$4703_CMP6 ($eq).
Removed top 1 bits (of 8) from port B of cell tv80_mcode_gold.$procmux$4703_CMP7 ($eq).
Removed top 1 bits (of 8) from port B of cell tv80_mcode_gold.$procmux$4703_CMP8 ($eq).
Removed top 1 bits (of 8) from port B of cell tv80_mcode_gold.$procmux$4703_CMP9 ($eq).
Removed top 1 bits (of 8) from port B of cell tv80_mcode_gold.$procmux$4703_CMP10 ($eq).
Removed top 1 bits (of 8) from port B of cell tv80_mcode_gold.$procmux$4703_CMP11 ($eq).
Removed top 1 bits (of 8) from port B of cell tv80_mcode_gold.$procmux$4703_CMP12 ($eq).
Removed top 1 bits (of 8) from port B of cell tv80_mcode_gold.$procmux$4703_CMP13 ($eq).
Removed top 1 bits (of 8) from port B of cell tv80_mcode_gold.$procmux$4703_CMP14 ($eq).
Removed top 1 bits (of 8) from port B of cell tv80_mcode_gold.$procmux$4703_CMP15 ($eq).
Removed top 1 bits (of 8) from port B of cell tv80_mcode_gold.$procmux$4703_CMP16 ($eq).
Removed top 1 bits (of 8) from port B of cell tv80_mcode_gold.$procmux$4703_CMP17 ($eq).
Removed top 1 bits (of 8) from port B of cell tv80_mcode_gold.$procmux$4703_CMP18 ($eq).
Removed top 1 bits (of 8) from port B of cell tv80_mcode_gold.$procmux$4703_CMP19 ($eq).
Removed top 1 bits (of 8) from port B of cell tv80_mcode_gold.$procmux$4703_CMP20 ($eq).
Removed top 1 bits (of 8) from port B of cell tv80_mcode_gold.$procmux$4703_CMP21 ($eq).
Removed top 1 bits (of 8) from port B of cell tv80_mcode_gold.$procmux$4703_CMP22 ($eq).
Removed top 1 bits (of 8) from port B of cell tv80_mcode_gold.$procmux$4703_CMP23 ($eq).
Removed top 1 bits (of 8) from port B of cell tv80_mcode_gold.$procmux$4703_CMP24 ($eq).
Removed top 1 bits (of 8) from port B of cell tv80_mcode_gold.$procmux$4703_CMP25 ($eq).
Removed top 1 bits (of 8) from port B of cell tv80_mcode_gold.$procmux$4703_CMP26 ($eq).
Removed top 1 bits (of 8) from port B of cell tv80_mcode_gold.$procmux$4703_CMP27 ($eq).
Removed top 1 bits (of 8) from port B of cell tv80_mcode_gold.$procmux$4703_CMP28 ($eq).
Removed top 1 bits (of 8) from port B of cell tv80_mcode_gold.$procmux$4703_CMP29 ($eq).
Removed top 1 bits (of 8) from port B of cell tv80_mcode_gold.$procmux$4703_CMP30 ($eq).
Removed top 1 bits (of 8) from port B of cell tv80_mcode_gold.$procmux$4703_CMP31 ($eq).
Removed top 1 bits (of 8) from port B of cell tv80_mcode_gold.$procmux$4703_CMP32 ($eq).
Removed top 1 bits (of 8) from port B of cell tv80_mcode_gold.$procmux$4703_CMP33 ($eq).
Removed top 1 bits (of 8) from port B of cell tv80_mcode_gold.$procmux$4703_CMP34 ($eq).
Removed top 1 bits (of 8) from port B of cell tv80_mcode_gold.$procmux$4703_CMP35 ($eq).
Removed top 1 bits (of 8) from port B of cell tv80_mcode_gold.$procmux$4703_CMP36 ($eq).
Removed top 1 bits (of 8) from port B of cell tv80_mcode_gold.$procmux$4703_CMP37 ($eq).
Removed top 1 bits (of 8) from port B of cell tv80_mcode_gold.$procmux$4703_CMP38 ($eq).
Removed top 1 bits (of 8) from port B of cell tv80_mcode_gold.$procmux$4703_CMP39 ($eq).
Removed top 1 bits (of 8) from port B of cell tv80_mcode_gold.$procmux$4703_CMP40 ($eq).
Removed top 1 bits (of 8) from port B of cell tv80_mcode_gold.$procmux$4703_CMP41 ($eq).
Removed top 1 bits (of 8) from port B of cell tv80_mcode_gold.$procmux$4703_CMP42 ($eq).
Removed top 1 bits (of 8) from port B of cell tv80_mcode_gold.$procmux$4703_CMP43 ($eq).
Removed top 1 bits (of 8) from port B of cell tv80_mcode_gold.$procmux$4703_CMP44 ($eq).
Removed top 1 bits (of 8) from port B of cell tv80_mcode_gold.$procmux$4703_CMP45 ($eq).
Removed top 1 bits (of 8) from port B of cell tv80_mcode_gold.$procmux$4703_CMP46 ($eq).
Removed top 1 bits (of 8) from port B of cell tv80_mcode_gold.$procmux$4703_CMP47 ($eq).
Removed top 1 bits (of 8) from port B of cell tv80_mcode_gold.$procmux$4703_CMP48 ($eq).
Removed top 1 bits (of 8) from port B of cell tv80_mcode_gold.$procmux$4703_CMP49 ($eq).
Removed top 1 bits (of 8) from port B of cell tv80_mcode_gold.$procmux$4703_CMP50 ($eq).
Removed top 1 bits (of 8) from port B of cell tv80_mcode_gold.$procmux$4703_CMP51 ($eq).
Removed top 1 bits (of 8) from port B of cell tv80_mcode_gold.$procmux$4703_CMP52 ($eq).
Removed top 1 bits (of 8) from port B of cell tv80_mcode_gold.$procmux$4703_CMP53 ($eq).
Removed top 1 bits (of 8) from port B of cell tv80_mcode_gold.$procmux$4703_CMP54 ($eq).
Removed top 1 bits (of 8) from port B of cell tv80_mcode_gold.$procmux$4703_CMP55 ($eq).
Removed top 6 bits (of 8) from port B of cell tv80_mcode_gold.$procmux$4705_CMP3 ($eq).
Removed top 5 bits (of 8) from port B of cell tv80_mcode_gold.$procmux$4705_CMP4 ($eq).
Removed top 5 bits (of 8) from port B of cell tv80_mcode_gold.$procmux$4705_CMP5 ($eq).
Removed top 3 bits (of 8) from port B of cell tv80_mcode_gold.$procmux$4705_CMP10 ($eq).
Removed top 3 bits (of 8) from port B of cell tv80_mcode_gold.$procmux$4705_CMP11 ($eq).
Removed top 3 bits (of 8) from port B of cell tv80_mcode_gold.$procmux$4705_CMP12 ($eq).
Removed top 4 bits (of 8) from port B of cell tv80_mcode_gold.$procmux$4705_CMP15 ($eq).
Removed top 4 bits (of 8) from port B of cell tv80_mcode_gold.$procmux$4705_CMP17 ($eq).
Removed top 4 bits (of 8) from port B of cell tv80_mcode_gold.$procmux$4705_CMP18 ($eq).
Removed top 4 bits (of 8) from port B of cell tv80_mcode_gold.$procmux$4705_CMP19 ($eq).
Removed top 3 bits (of 8) from port B of cell tv80_mcode_gold.$procmux$4705_CMP22 ($eq).
Removed top 3 bits (of 8) from port B of cell tv80_mcode_gold.$procmux$4705_CMP24 ($eq).
Removed top 3 bits (of 8) from port B of cell tv80_mcode_gold.$procmux$4705_CMP25 ($eq).
Removed top 3 bits (of 8) from port B of cell tv80_mcode_gold.$procmux$4705_CMP26 ($eq).
Removed top 2 bits (of 8) from port B of cell tv80_mcode_gold.$procmux$4705_CMP28 ($eq).
Removed top 2 bits (of 8) from port B of cell tv80_mcode_gold.$procmux$4705_CMP31 ($eq).
Removed top 2 bits (of 8) from port B of cell tv80_mcode_gold.$procmux$4705_CMP32 ($eq).
Removed top 2 bits (of 8) from port B of cell tv80_mcode_gold.$procmux$4705_CMP33 ($eq).
Removed top 2 bits (of 8) from port B of cell tv80_mcode_gold.$procmux$4705_CMP35 ($eq).
Removed top 2 bits (of 8) from port B of cell tv80_mcode_gold.$procmux$4705_CMP36 ($eq).
Removed top 2 bits (of 8) from port B of cell tv80_mcode_gold.$procmux$4705_CMP38 ($eq).
Removed top 2 bits (of 8) from port B of cell tv80_mcode_gold.$procmux$4705_CMP39 ($eq).
Removed top 2 bits (of 8) from port B of cell tv80_mcode_gold.$procmux$4705_CMP40 ($eq).
Removed top 2 bits (of 8) from port B of cell tv80_mcode_gold.$procmux$4705_CMP42 ($eq).
Removed top 2 bits (of 8) from port B of cell tv80_mcode_gold.$procmux$4705_CMP45 ($eq).
Removed top 2 bits (of 8) from port B of cell tv80_mcode_gold.$procmux$4705_CMP46 ($eq).
Removed top 2 bits (of 8) from port B of cell tv80_mcode_gold.$procmux$4705_CMP47 ($eq).
Removed top 2 bits (of 8) from port B of cell tv80_mcode_gold.$procmux$4705_CMP49 ($eq).
Removed top 2 bits (of 8) from port B of cell tv80_mcode_gold.$procmux$4705_CMP50 ($eq).
Removed top 2 bits (of 8) from port B of cell tv80_mcode_gold.$procmux$4705_CMP52 ($eq).
Removed top 2 bits (of 8) from port B of cell tv80_mcode_gold.$procmux$4705_CMP53 ($eq).
Removed top 2 bits (of 8) from port B of cell tv80_mcode_gold.$procmux$4705_CMP54 ($eq).
Removed top 1 bits (of 3) from mux cell tv80_mcode_gold.$procmux$5351 ($mux).
Removed top 1 bits (of 3) from mux cell tv80_mcode_gold.$procmux$5442 ($mux).
Removed top 1 bits (of 3) from mux cell tv80_mcode_gold.$procmux$6817 ($mux).
Removed top 1 bits (of 3) from mux cell tv80_mcode_gold.$procmux$7623 ($mux).
Removed top 1 bits (of 4) from mux cell tv80_mcode_gold.$procmux$8491 ($mux).
Removed top 1 bits (of 3) from mux cell tv80_mcode_gold.$procmux$8676 ($mux).
Removed top 1 bits (of 3) from port B of cell tv80_mcode_gold.$procmux$8709_CMP0 ($eq).
Removed top 1 bits (of 3) from port B of cell tv80_mcode_gold.$procmux$8710_CMP0 ($eq).
Removed top 2 bits (of 3) from port B of cell tv80_mcode_gold.$procmux$8711_CMP0 ($eq).
Removed top 1 bits (of 3) from mux cell tv80_mcode_gold.$procmux$10031 ($mux).
Removed top 1 bits (of 4) from mux cell tv80_mcode_gold.$procmux$10423 ($mux).
Removed top 1 bits (of 4) from mux cell tv80_mcode_gold.$procmux$10425 ($mux).
Removed top 1 bits (of 4) from mux cell tv80_mcode_gold.$procmux$10468 ($mux).
Removed top 1 bits (of 3) from mux cell tv80_mcode_gold.$procmux$10938 ($mux).
Removed top 1 bits (of 3) from mux cell tv80_mcode_gold.$procmux$11357 ($mux).
Removed top 1 bits (of 4) from mux cell tv80_mcode_gold.$procmux$11774 ($mux).
Removed top 1 bits (of 4) from mux cell tv80_mcode_gold.$procmux$11776 ($mux).
Removed top 1 bits (of 4) from mux cell tv80_mcode_gold.$procmux$12120 ($mux).
Removed top 1 bits (of 3) from mux cell tv80_mcode_gold.$procmux$12264 ($mux).
Removed top 1 bits (of 4) from mux cell tv80_mcode_gold.$procmux$12873 ($mux).
Removed top 1 bits (of 3) from mux cell tv80_mcode_gold.$procmux$13668 ($mux).
Removed top 1 bits (of 2) from port B of cell tv80_mcode_gold.$procmux$14360_CMP1 ($eq).
Removed top 1 bits (of 4) from mux cell tv80_mcode_gold.$procmux$14889 ($mux).
Removed top 1 bits (of 4) from mux cell tv80_mcode_gold.$procmux$14985 ($mux).
Removed top 1 bits (of 4) from mux cell tv80_mcode_gold.$procmux$15825 ($mux).
Removed top 1 bits (of 4) from mux cell tv80_mcode_gold.$procmux$15827 ($mux).
Removed top 1 bits (of 4) from mux cell tv80_mcode_gold.$procmux$15829 ($mux).
Removed top 2 bits (of 3) from mux cell tv80_mcode_gold.$procmux$16437 ($mux).
Removed top 2 bits (of 3) from mux cell tv80_mcode_gold.$procmux$17644 ($mux).
Removed top 2 bits (of 3) from mux cell tv80_mcode_gold.$procmux$17646 ($mux).
Removed top 1 bits (of 4) from mux cell tv80_mcode_gold.$procmux$17699 ($mux).
Removed top 1 bits (of 4) from mux cell tv80_mcode_gold.$procmux$18345 ($mux).
Removed top 1 bits (of 4) from mux cell tv80_mcode_gold.$procmux$19655 ($mux).
Removed top 2 bits (of 3) from mux cell tv80_mcode_gold.$procmux$19767 ($mux).
Removed top 1 bits (of 3) from mux cell tv80_mcode_gold.$procmux$20451 ($mux).
Removed top 1 bits (of 3) from mux cell tv80_mcode_gold.$procmux$21072 ($mux).
Removed top 1 bits (of 4) from mux cell tv80_mcode_gold.$procmux$21252 ($mux).
Removed top 1 bits (of 3) from mux cell tv80_mcode_gold.$procmux$21426 ($mux).
Removed top 1 bits (of 4) from mux cell tv80_mcode_gold.$procmux$21654 ($mux).
Removed top 1 bits (of 3) from mux cell tv80_mcode_gold.$procmux$22083 ($mux).
Removed top 1 bits (of 3) from mux cell tv80_mcode_gold.$procmux$22085 ($mux).
Removed top 1 bits (of 3) from mux cell tv80_mcode_gold.$procmux$22087 ($mux).
Removed top 3 bits (of 8) from port B of cell tv80_mcode_gold.$procmux$22646_CMP0 ($eq).
Removed top 2 bits (of 6) from port B of cell tv80_mcode_gold.$procmux$22648_CMP0 ($eq).
Removed top 3 bits (of 8) from port B of cell tv80_mcode_gold.$procmux$22649_CMP0 ($eq).
Removed top 5 bits (of 8) from port B of cell tv80_mcode_gold.$procmux$22652_CMP0 ($eq).
Removed top 3 bits (of 8) from port B of cell tv80_mcode_gold.$procmux$22652_CMP1 ($eq).
Removed top 4 bits (of 8) from port B of cell tv80_mcode_gold.$procmux$22652_CMP2 ($eq).
Removed top 3 bits (of 8) from port B of cell tv80_mcode_gold.$procmux$22652_CMP3 ($eq).
Removed top 2 bits (of 6) from port B of cell tv80_mcode_gold.$procmux$22653_CMP0 ($eq).
Removed top 4 bits (of 6) from port B of cell tv80_mcode_gold.$procmux$22654_CMP0 ($eq).
Removed top 2 bits (of 6) from port B of cell tv80_mcode_gold.$procmux$22655_CMP0 ($eq).
Removed top 2 bits (of 8) from port B of cell tv80_mcode_gold.$procmux$22659_CMP0 ($eq).
Removed top 2 bits (of 8) from port B of cell tv80_mcode_gold.$procmux$22660_CMP0 ($eq).
Removed top 2 bits (of 8) from port B of cell tv80_mcode_gold.$procmux$22661_CMP0 ($eq).
Removed top 2 bits (of 8) from port B of cell tv80_mcode_gold.$procmux$22662_CMP0 ($eq).
Removed top 2 bits (of 5) from port B of cell tv80_mcode_gold.$procmux$22663_CMP0 ($eq).
Removed top 2 bits (of 5) from port B of cell tv80_mcode_gold.$procmux$22664_CMP0 ($eq).
Removed top 4 bits (of 8) from port B of cell tv80_mcode_gold.$procmux$22669_CMP0 ($eq).
Removed top 2 bits (of 8) from port B of cell tv80_mcode_gold.$procmux$22674_CMP0 ($eq).
Removed top 2 bits (of 8) from port B of cell tv80_mcode_gold.$procmux$22675_CMP0 ($eq).
Removed top 7 bits (of 8) from port B of cell tv80_mcode_gold.$procmux$22676_CMP0 ($eq).
Removed top 3 bits (of 8) from port B of cell tv80_mcode_gold.$procmux$22676_CMP1 ($eq).
Removed top 2 bits (of 8) from port B of cell tv80_mcode_gold.$procmux$22676_CMP2 ($eq).
Removed top 2 bits (of 8) from port B of cell tv80_mcode_gold.$procmux$22676_CMP3 ($eq).
Removed top 2 bits (of 8) from port B of cell tv80_mcode_gold.$procmux$22677_CMP0 ($eq).
Removed top 3 bits (of 8) from port B of cell tv80_mcode_gold.$procmux$22678_CMP0 ($eq).
Removed top 6 bits (of 8) from port B of cell tv80_mcode_gold.$procmux$22679_CMP0 ($eq).
Removed top 2 bits (of 8) from port B of cell tv80_mcode_gold.$procmux$22680_CMP0 ($eq).
Removed top 3 bits (of 8) from port B of cell tv80_mcode_gold.$procmux$22681_CMP0 ($eq).
Removed top 4 bits (of 8) from port B of cell tv80_mcode_gold.$procmux$22682_CMP0 ($eq).
Removed top 2 bits (of 5) from port B of cell tv80_mcode_gold.$procmux$22683_CMP0 ($eq).
Removed top 1 bits (of 2) from port B of cell tv80_mcode_gold.$procmux$22684_CMP0 ($eq).
Removed top 1 bits (of 2) from port B of cell tv80_mcode_gold.$procmux$24111_CMP0 ($eq).
Removed top 1 bits (of 2) from port B of cell tv80_mcode_gold.$procmux$24265_CMP0 ($eq).
Removed top 1 bits (of 4) from wire tv80_mcode_gold.$procmux$2558_Y.
Removed top 1 bits (of 4) from wire tv80_mcode_gold.$procmux$15827_Y.
Removed top 1 bits (of 4) from wire tv80_mcode_gold.$procmux$12518_Y.
Removed top 1 bits (of 4) from wire tv80_mcode_gold.$10\ALU_Op[3:0].
Removed top 1 bits (of 4) from wire tv80_mcode_gold.$27\ALU_Op[3:0].
Removed top 1 bits (of 4) from wire tv80_mcode_gold.$procmux$11774_Y.
Removed top 1 bits (of 4) from wire tv80_mcode_gold.$procmux$1973_Y.
Removed top 2 bits (of 3) from wire tv80_mcode_gold.$ternary$/home/toshn/slacksmith_work/depth_tv80/run3/gates/O1/gold.v:3432$572_Y.
Removed top 1 bits (of 4) from wire tv80_mcode_gold.$25\ALU_Op[3:0].
Removed top 2 bits (of 3) from wire tv80_mcode_gold.$ternary$/home/toshn/slacksmith_work/depth_tv80/run3/gates/O1/gold.v:3431$570_Y.
Removed top 2 bits (of 3) from wire tv80_mcode_gold.$ternary$/home/toshn/slacksmith_work/depth_tv80/run3/gates/O1/gold.v:3430$569_Y.
Removed top 2 bits (of 3) from wire tv80_mcode_gold.$ternary$/home/toshn/slacksmith_work/depth_tv80/run3/gates/O1/gold.v:3429$567_Y.
Removed top 1 bits (of 4) from wire tv80_mcode_gold.$procmux$2504_Y.
Removed top 1 bits (of 4) from wire tv80_mcode_gold.$24\ALU_Op[3:0].
Removed top 1 bits (of 4) from wire tv80_mcode_gold.$58\Set_BusB_To[3:0].
Removed top 1 bits (of 4) from wire tv80_mcode_gold.$procmux$13886_Y.
Removed top 2 bits (of 3) from wire tv80_mcode_gold.$procmux$15773_Y.
Removed top 1 bits (of 4) from wire tv80_mcode_gold.$procmux$1361_Y.
Removed top 1 bits (of 4) from wire tv80_mcode_gold.$7\ALU_Op[3:0].
Removed top 1 bits (of 3) from wire tv80_mcode_gold.$34\Set_Addr_To[2:0].
Removed top 1 bits (of 3) from wire tv80_mcode_gold.$32\Set_Addr_To[2:0].
Removed top 1 bits (of 4) from wire tv80_mcode_gold.$6\ALU_Op[3:0].
Removed top 1 bits (of 4) from wire tv80_mcode_gold.$5\ALU_Op[3:0].
Removed top 1 bits (of 3) from wire tv80_mcode_gold.$13\MCycles[2:0].
Removed top 1 bits (of 4) from wire tv80_mcode_gold.$3\ALU_Op[3:0].
Removed top 1 bits (of 3) from wire tv80_mcode_gold.$12\MCycles[2:0].
Removed top 1 bits (of 3) from wire tv80_mcode_gold.$24\Set_Addr_To[2:0].
Removed top 1 bits (of 4) from wire tv80_mcode_gold.$16\Set_BusA_To[3:0].
Removed top 1 bits (of 3) from wire tv80_mcode_gold.$22\Set_Addr_To[2:0].
Removed top 1 bits (of 4) from wire tv80_mcode_gold.$50\Set_BusB_To[3:0].
Removed top 1 bits (of 3) from wire tv80_mcode_gold.$procmux$22085_Y.
Removed top 1 bits (of 4) from wire tv80_mcode_gold.$13\Set_BusB_To[3:0].
Removed top 1 bits (of 3) from wire tv80_mcode_gold.$55\Set_Addr_To[2:0].
Removed top 1 bits (of 3) from wire tv80_mcode_gold.$procmux$22083_Y.
Removed top 1 bits (of 4) from wire tv80_mcode_gold.$procmux$10423_Y.
Removed top 1 bits (of 3) from wire tv80_mcode_gold.$31\MCycles[2:0].
Removed top 1 bits (of 3) from wire tv80_mcode_gold.$53\Set_Addr_To[2:0].
Removed top 1 bits (of 3) from wire tv80_mcode_gold.$procmux$22081_Y.
Removed top 2 bits (of 3) from wire tv80_mcode_gold.$16\Set_Addr_To[2:0].
Removed top 1 bits (of 4) from wire tv80_mcode_gold.$11\Set_BusB_To[3:0].
Removed top 1 bits (of 4) from wire tv80_mcode_gold.$10\Set_BusB_To[3:0].
Removed top 2 bits (of 3) from wire tv80_mcode_gold.$12\Set_Addr_To[2:0].
Removed top 2 bits (of 3) from wire tv80_mcode_gold.$6\MCycles[2:0].
Removed top 1 bits (of 4) from wire tv80_mcode_gold.$7\Set_BusB_To[3:0].
Removed top 1 bits (of 4) from wire tv80_mcode_gold.$6\Set_BusB_To[3:0].
Removed top 1 bits (of 3) from wire tv80_mcode_gold.$5\MCycles[2:0].
Removed top 1 bits (of 4) from wire tv80_mcode_gold.$5\Set_BusB_To[3:0].
Removed top 1 bits (of 3) from wire tv80_mcode_gold.$4\MCycles[2:0].
Removed top 1 bits (of 4) from wire tv80_mcode_gold.$4\Set_BusB_To[3:0].
Removed top 1 bits (of 3) from wire tv80_mcode_gold.$3\MCycles[2:0].
Removed top 1 bits (of 4) from wire tv80_mcode_gold.$3\Set_BusB_To[3:0].
Removed top 1 bits (of 4) from wire tv80_mcode_gold.$procmux$14889_Y.
Removed top 1 bits (of 3) from wire tv80_mcode_gold.$procmux$10503_Y.
Removed top 1 bits (of 3) from wire tv80_mcode_gold.$28\MCycles[2:0].
Removed top 1 bits (of 3) from wire tv80_mcode_gold.$45\Set_Addr_To[2:0].

3.10. Executing PEEPOPT pass (run peephole optimizers).

3.11. Executing OPT_CLEAN pass (remove unused cells and wires).
Finding unused cells or wires in module \tv80_mcode_gold..
Removed 0 unused cells and 55 unused wires.
<suppressed ~1 debug messages>

3.12. Executing ALUMACC pass (create $alu and $macc cells).
Extracting $alu and $macc cells in module tv80_mcode_gold:
  created 0 $alu and 0 $macc cells.

3.13. Executing SHARE pass (SAT-based resource sharing).

3.14. Executing OPT pass (performing simple optimizations).

3.14.1. Executing OPT_EXPR pass (perform const folding).
Optimizing module tv80_mcode_gold.

3.14.2. Executing OPT_MERGE pass (detect identical cells).
Finding identical cells in module `\tv80_mcode_gold'.
Computing hashes of 850 cells of `\tv80_mcode_gold'.
Finding duplicate cells in `\tv80_mcode_gold'.
Removed a total of 0 cells.

3.14.3. Executing OPT_MUXTREE pass (detect dead branches in mux trees).
Running muxtree optimizer on module \tv80_mcode_gold..
  Creating internal representation of mux trees.
  Evaluating internal representation of mux trees.
  Analyzing evaluation results.
Removed 0 multiplexer ports.
<suppressed ~1622 debug messages>

3.14.4. Executing OPT_REDUCE pass (consolidate $*mux and $reduce_* inputs).
  Optimizing cells in module \tv80_mcode_gold.
    New ctrl vector for $pmux cell $procmux$1095: { $procmux$1103_CTRL $auto$opt_reduce.cc:137:opt_pmux$24607 $procmux$1098_CTRL $auto$opt_reduce.cc:137:opt_pmux$24611 }
    New ctrl vector for $pmux cell $procmux$4837: { $auto$opt_reduce.cc:137:opt_pmux$24804 $procmux$21725_CTRL $procmux$21728_CMP $procmux$21729_CMP $procmux$21730_CMP $procmux$10090_CMP $procmux$10513_CMP $auto$opt_reduce.cc:137:opt_pmux$24601 $procmux$13800_CMP $procmux$15083_CMP }
    New input vector for $reduce_or cell $auto$opt_reduce.cc:131:opt_pmux$24803: { $procmux$21757_CMP $procmux$21746_CMP $procmux$21745_CMP $procmux$21744_CMP $procmux$21743_CMP $procmux$21741_CMP $procmux$21740_CMP $procmux$21738_CMP $procmux$21737_CMP $procmux$21736_CMP $procmux$21732_CMP $procmux$21731_CMP $procmux$21727_CMP $procmux$21726_CMP $procmux$21721_CMP $procmux$21720_CMP $procmux$19945_CMP $procmux$19137_CMP $procmux$19024_CMP $procmux$18916_CMP $procmux$18401_CMP $procmux$18244_CMP $procmux$18087_CMP $procmux$17542_CMP $procmux$17019_CMP $procmux$16339_CMP $procmux$15624_CMP $procmux$15032_CMP $procmux$14602_CMP $procmux$14474_CMP $procmux$14435_CMP $procmux$14404_CMP $procmux$13261_CMP $procmux$13104_CMP $procmux$10471_CMP $procmux$10057_CMP $procmux$10034_CMP $procmux$10020_CMP $eq$/home/toshn/slacksmith_work/depth_tv80/run3/gates/O1/gold.v:4716$622_Y }
  Optimizing cells in module \tv80_mcode_gold.
Performed a total of 3 changes.

3.14.5. Executing OPT_MERGE pass (detect identical cells).
Finding identical cells in module `\tv80_mcode_gold'.
Computing hashes of 851 cells of `\tv80_mcode_gold'.
Finding duplicate cells in `\tv80_mcode_gold'.
Computing hashes of 848 cells of `\tv80_mcode_gold'.
Finding duplicate cells in `\tv80_mcode_gold'.
Computing hashes of 847 cells of `\tv80_mcode_gold'.
Finding duplicate cells in `\tv80_mcode_gold'.
<suppressed ~12 debug messages>
Removed a total of 4 cells.

3.14.6. Executing OPT_DFF pass (perform DFF optimizations).

3.14.7. Executing OPT_CLEAN pass (remove unused cells and wires).
Finding unused cells or wires in module \tv80_mcode_gold..
Removed 1 unused cells and 5 unused wires.
<suppressed ~2 debug messages>

3.14.8. Executing OPT_EXPR pass (perform const folding).
Optimizing module tv80_mcode_gold.

3.14.9. Rerunning OPT passes. (Maybe there is more to do..)

3.14.10. Executing OPT_MUXTREE pass (detect dead branches in mux trees).
Running muxtree optimizer on module \tv80_mcode_gold..
  Creating internal representation of mux trees.
  Evaluating internal representation of mux trees.
  Analyzing evaluation results.
Removed 0 multiplexer ports.
<suppressed ~1627 debug messages>

3.14.11. Executing OPT_REDUCE pass (consolidate $*mux and $reduce_* inputs).
  Optimizing cells in module \tv80_mcode_gold.
Performed a total of 0 changes.

3.14.12. Executing OPT_MERGE pass (detect identical cells).
Finding identical cells in module `\tv80_mcode_gold'.
Computing hashes of 846 cells of `\tv80_mcode_gold'.
Finding duplicate cells in `\tv80_mcode_gold'.
Removed a total of 0 cells.

3.14.13. Executing OPT_DFF pass (perform DFF optimizations).

3.14.14. Executing OPT_CLEAN pass (remove unused cells and wires).
Finding unused cells or wires in module \tv80_mcode_gold..

3.14.15. Executing OPT_EXPR pass (perform const folding).
Optimizing module tv80_mcode_gold.

3.14.16. Finished fast OPT passes. (There is nothing left to do.)

3.15. Executing MEMORY pass.

3.15.1. Executing OPT_MEM pass (optimize memories).
Performed a total of 0 transformations.

3.15.2. Executing OPT_MEM_PRIORITY pass (removing unnecessary memory write priority relations).
Performed a total of 0 transformations.

3.15.3. Executing OPT_MEM_FEEDBACK pass (finding memory read-to-write feedback paths).

3.15.4. Executing MEMORY_BMUX2ROM pass (converting muxes to ROMs).

3.15.5. Executing MEMORY_DFF pass (merging $dff cells to $memrd).

3.15.6. Executing OPT_CLEAN pass (remove unused cells and wires).
Finding unused cells or wires in module \tv80_mcode_gold..

3.15.7. Executing MEMORY_SHARE pass (consolidating $memrd/$memwr cells).

3.15.8. Executing OPT_MEM_WIDEN pass (optimize memories where all ports are wide).
Performed a total of 0 transformations.

3.15.9. Executing OPT_CLEAN pass (remove unused cells and wires).
Finding unused cells or wires in module \tv80_mcode_gold..

3.15.10. Executing MEMORY_COLLECT pass (generating $mem cells).

3.16. Executing OPT_CLEAN pass (remove unused cells and wires).
Finding unused cells or wires in module \tv80_mcode_gold..

3.17. Executing OPT pass (performing simple optimizations).

3.17.1. Executing OPT_EXPR pass (perform const folding).
Optimizing module tv80_mcode_gold.
<suppressed ~133 debug messages>

3.17.2. Executing OPT_MERGE pass (detect identical cells).
Finding identical cells in module `\tv80_mcode_gold'.
Computing hashes of 812 cells of `\tv80_mcode_gold'.
Finding duplicate cells in `\tv80_mcode_gold'.
Computing hashes of 808 cells of `\tv80_mcode_gold'.
Finding duplicate cells in `\tv80_mcode_gold'.
<suppressed ~12 debug messages>
Removed a total of 4 cells.

3.17.3. Executing OPT_DFF pass (perform DFF optimizations).

3.17.4. Executing OPT_CLEAN pass (remove unused cells and wires).
Finding unused cells or wires in module \tv80_mcode_gold..
Removed 30 unused cells and 68 unused wires.
<suppressed ~31 debug messages>

3.17.5. Finished fast OPT passes.

3.18. Executing MEMORY_MAP pass (converting memories to logic and flip-flops).

3.19. Executing OPT pass (performing simple optimizations).

3.19.1. Executing OPT_EXPR pass (perform const folding).
Optimizing module tv80_mcode_gold.

3.19.2. Executing OPT_MERGE pass (detect identical cells).
Finding identical cells in module `\tv80_mcode_gold'.
Computing hashes of 778 cells of `\tv80_mcode_gold'.
Finding duplicate cells in `\tv80_mcode_gold'.
Removed a total of 0 cells.

3.19.3. Executing OPT_MUXTREE pass (detect dead branches in mux trees).
Running muxtree optimizer on module \tv80_mcode_gold..
  Creating internal representation of mux trees.
  Evaluating internal representation of mux trees.
  Analyzing evaluation results.
Removed 0 multiplexer ports.
<suppressed ~1159 debug messages>

3.19.4. Executing OPT_REDUCE pass (consolidate $*mux and $reduce_* inputs).
  Optimizing cells in module \tv80_mcode_gold.
    Consolidated identical input bits for $mux cell $procmux$2586:
      Old ports: A=4'0101, B=4'1101, Y=$22\IncDec_16[3:0]
      New ports: A=1'0, B=1'1, Y=$22\IncDec_16[3:0] [3]
      New connections: $22\IncDec_16[3:0] [2:0] = 3'101
    Consolidated identical input bits for $mux cell $procmux$1699:
      Old ports: A=3'000, B=3'110, Y=$procmux$1509_Y
      New ports: A=1'0, B=1'1, Y=$procmux$1509_Y [1]
      New connections: { $procmux$1509_Y [2] $procmux$1509_Y [0] } = { $procmux$1509_Y [1] 1'0 }
    Consolidated identical input bits for $mux cell $procmux$10468:
      Old ports: A=3'000, B=3'111, Y=$21\Set_BusA_To[2:0]
      New ports: A=1'0, B=1'1, Y=$21\Set_BusA_To[2:0] [0]
      New connections: $21\Set_BusA_To[2:0] [2:1] = { $21\Set_BusA_To[2:0] [0] $21\Set_BusA_To[2:0] [0] }
    Consolidated identical input bits for $mux cell $procmux$15825:
      Old ports: A=3'000, B=3'100, Y=$auto$wreduce.cc:514:run$24763 [2:0]
      New ports: A=1'0, B=1'1, Y=$auto$wreduce.cc:514:run$24763 [2]
      New connections: $auto$wreduce.cc:514:run$24763 [1:0] = 2'00
    Consolidated identical input bits for $mux cell $procmux$7694:
      Old ports: A=4'0000, B=4'1101, Y=$44\Set_BusB_To[3:0]
      New ports: A=1'0, B=1'1, Y=$44\Set_BusB_To[3:0] [0]
      New connections: $44\Set_BusB_To[3:0] [3:1] = { $44\Set_BusB_To[3:0] [0] $44\Set_BusB_To[3:0] [0] 1'0 }
    Consolidated identical input bits for $mux cell $procmux$18084:
      Old ports: A=3'111, B=3'001, Y=$11\Set_Addr_To[2:0]
      New ports: A=1'1, B=1'0, Y=$11\Set_Addr_To[2:0] [1]
      New connections: { $11\Set_Addr_To[2:0] [2] $11\Set_Addr_To[2:0] [0] } = { $11\Set_Addr_To[2:0] [1] 1'1 }
    Consolidated identical input bits for $mux cell $procmux$1680:
      Old ports: A=3'000, B=3'111, Y=$auto$wreduce.cc:514:run$24765 [2:0]
      New ports: A=1'0, B=1'1, Y=$auto$wreduce.cc:514:run$24765 [0]
      New connections: $auto$wreduce.cc:514:run$24765 [2:1] = { $auto$wreduce.cc:514:run$24765 [0] $auto$wreduce.cc:514:run$24765 [0] }
    Consolidated identical input bits for $mux cell $procmux$13256:
      Old ports: A=3'111, B=3'010, Y=$27\Set_Addr_To[2:0]
      New ports: A=1'1, B=1'0, Y=$27\Set_Addr_To[2:0] [0]
      New connections: $27\Set_Addr_To[2:0] [2:1] = { $27\Set_Addr_To[2:0] [0] 1'1 }
    Consolidated identical input bits for $mux cell $procmux$3623:
      Old ports: A={ 2'11 $auto$wreduce.cc:514:run$24764 [0] }, B=3'110, Y=$procmux$15775_Y
      New ports: A=$auto$wreduce.cc:514:run$24764 [0], B=1'0, Y=$procmux$15775_Y [0]
      New connections: $procmux$15775_Y [2:1] = 2'11
    Consolidated identical input bits for $mux cell $procmux$10303:
      Old ports: A=4'0000, B={ $32\Set_BusB_To[3:0] [3:1] $32\Set_BusB_To[3:0] [3] }, Y=$procmux$10303_Y
      New ports: A=3'000, B={ $32\Set_BusB_To[3:0] [2:1] $32\Set_BusB_To[3:0] [3] }, Y=$procmux$10303_Y [2:0]
      New connections: $procmux$10303_Y [3] = $procmux$10303_Y [0]
    Consolidated identical input bits for $mux cell $procmux$17332:
      Old ports: A=4'0000, B={ $10\Set_BusA_To[3:0] [3:1] $10\Set_BusA_To[3:0] [3] }, Y=$procmux$17332_Y
      New ports: A=3'000, B={ $10\Set_BusA_To[3:0] [2:1] $10\Set_BusA_To[3:0] [3] }, Y=$procmux$17332_Y [2:0]
      New connections: $procmux$17332_Y [3] = $procmux$17332_Y [0]
    Consolidated identical input bits for $mux cell $procmux$7669:
      Old ports: A=4'0000, B=4'1111, Y=$procmux$7246_Y
      New ports: A=1'0, B=1'1, Y=$procmux$7246_Y [0]
      New connections: $procmux$7246_Y [3:1] = { $procmux$7246_Y [0] $procmux$7246_Y [0] $procmux$7246_Y [0] }
    Consolidated identical input bits for $mux cell $procmux$12264:
      Old ports: A=2'01, B=2'11, Y=$13\MCycles[2:0]
      New ports: A=1'0, B=1'1, Y=$13\MCycles[2:0] [1]
      New connections: $13\MCycles[2:0] [0] = 1'1
    Consolidated identical input bits for $mux cell $procmux$7646:
      Old ports: A=4'0000, B=4'1100, Y=$procmux$7221_Y
      New ports: A=1'0, B=1'1, Y=$procmux$7221_Y [2]
      New connections: { $procmux$7221_Y [3] $procmux$7221_Y [1:0] } = { $procmux$7221_Y [2] 2'00 }
    Consolidated identical input bits for $mux cell $procmux$13935:
      Old ports: A={ 1'0 $auto$wreduce.cc:514:run$24763 [2:0] }, B=4'0000, Y=$procmux$13888_Y
      New ports: A=$auto$wreduce.cc:514:run$24763 [2:0], B=3'000, Y=$procmux$13888_Y [2:0]
      New connections: $procmux$13888_Y [3] = 1'0
    Consolidated identical input bits for $mux cell $procmux$1916:
      Old ports: A=3'000, B=3'100, Y=$procmux$10333_Y
      New ports: A=1'0, B=1'1, Y=$procmux$10333_Y [2]
      New connections: $procmux$10333_Y [1:0] = 2'00
    Consolidated identical input bits for $mux cell $procmux$8676:
      Old ports: A=2'11, B=2'01, Y=$45\Set_Addr_To[2:0]
      New ports: A=1'1, B=1'0, Y=$45\Set_Addr_To[2:0] [1]
      New connections: $45\Set_Addr_To[2:0] [0] = 1'1
    Consolidated identical input bits for $mux cell $procmux$7488:
      Old ports: A=4'0000, B=4'1100, Y=$procmux$11110_Y
      New ports: A=1'0, B=1'1, Y=$procmux$11110_Y [2]
      New connections: { $procmux$11110_Y [3] $procmux$11110_Y [1:0] } = { $procmux$11110_Y [2] 2'00 }
    Consolidated identical input bits for $mux cell $procmux$7627:
      Old ports: A={ 1'1 $auto$wreduce.cc:514:run$24781 [1:0] }, B=3'111, Y=$42\Set_Addr_To[2:0]
      New ports: A=$auto$wreduce.cc:514:run$24781 [1:0], B=2'11, Y=$42\Set_Addr_To[2:0] [1:0]
      New connections: $42\Set_Addr_To[2:0] [2] = 1'1
    Consolidated identical input bits for $mux cell $procmux$11074:
      Old ports: A=3'001, B=3'101, Y=$16\MCycles[2:0]
      New ports: A=1'0, B=1'1, Y=$16\MCycles[2:0] [2]
      New connections: $16\MCycles[2:0] [1:0] = 2'01
    Consolidated identical input bits for $mux cell $procmux$18293:
      Old ports: A=3'111, B=3'000, Y=$10\Set_Addr_To[2:0]
      New ports: A=1'1, B=1'0, Y=$10\Set_Addr_To[2:0] [0]
      New connections: $10\Set_Addr_To[2:0] [2:1] = { $10\Set_Addr_To[2:0] [0] $10\Set_Addr_To[2:0] [0] }
    Consolidated identical input bits for $mux cell $procmux$14026:
      Old ports: A=4'0000, B=4'1111, Y=$procmux$14026_Y
      New ports: A=1'0, B=1'1, Y=$procmux$14026_Y [0]
      New connections: $procmux$14026_Y [3:1] = { $procmux$14026_Y [0] $procmux$14026_Y [0] $procmux$14026_Y [0] }
    Consolidated identical input bits for $mux cell $procmux$2925:
      Old ports: A=4'0110, B=4'1110, Y=$21\IncDec_16[3:0]
      New ports: A=1'0, B=1'1, Y=$21\IncDec_16[3:0] [3]
      New connections: $21\IncDec_16[3:0] [2:0] = 3'110
    Consolidated identical input bits for $mux cell $procmux$5586:
      Old ports: A={ 1'0 $auto$wreduce.cc:514:run$24765 [2:0] }, B=4'0111, Y=$procmux$1363_Y
      New ports: A=$auto$wreduce.cc:514:run$24765 [2:0], B=3'111, Y=$procmux$1363_Y [2:0]
      New connections: $procmux$1363_Y [3] = 1'0
    Consolidated identical input bits for $mux cell $procmux$7783:
      Old ports: A=4'0000, B=4'1010, Y=$38\Set_BusB_To[3:0]
      New ports: A=1'0, B=1'1, Y=$38\Set_BusB_To[3:0] [1]
      New connections: { $38\Set_BusB_To[3:0] [3:2] $38\Set_BusB_To[3:0] [0] } = { $38\Set_BusB_To[3:0] [1] 2'00 }
    Consolidated identical input bits for $mux cell $procmux$7623:
      Old ports: A=2'11, B=2'01, Y=$auto$wreduce.cc:514:run$24785 [1:0]
      New ports: A=1'1, B=1'0, Y=$auto$wreduce.cc:514:run$24785 [1]
      New connections: $auto$wreduce.cc:514:run$24785 [0] = 1'1
    Consolidated identical input bits for $mux cell $procmux$7198:
      Old ports: A={ 1'1 $auto$wreduce.cc:514:run$24785 [1:0] }, B={ 1'1 $45\Set_Addr_To[2:0] }, Y=$procmux$7198_Y
      New ports: A=$auto$wreduce.cc:514:run$24785 [1:0], B=$45\Set_Addr_To[2:0], Y=$procmux$7198_Y [1:0]
      New connections: $procmux$7198_Y [2] = 1'1
    Consolidated identical input bits for $mux cell $procmux$3264:
      Old ports: A=4'0000, B={ $10\Set_BusA_To[3:0] [3:1] $10\Set_BusA_To[3:0] [3] }, Y=$procmux$3264_Y
      New ports: A=3'000, B={ $10\Set_BusA_To[3:0] [2:1] $10\Set_BusA_To[3:0] [3] }, Y=$procmux$3264_Y [2:0]
      New connections: $procmux$3264_Y [3] = $procmux$3264_Y [0]
    Consolidated identical input bits for $mux cell $procmux$2248:
      Old ports: A={ 1'0 $auto$wreduce.cc:514:run$24782 [2:0] }, B=4'0001, Y=$26\ALU_Op[3:0]
      New ports: A=$auto$wreduce.cc:514:run$24782 [2:0], B=3'001, Y=$26\ALU_Op[3:0] [2:0]
      New connections: $26\ALU_Op[3:0] [3] = 1'0
    Consolidated identical input bits for $mux cell $procmux$6871:
      Old ports: A=3'011, B=3'101, Y=$27\MCycles[2:0]
      New ports: A=2'01, B=2'10, Y=$27\MCycles[2:0] [2:1]
      New connections: $27\MCycles[2:0] [0] = 1'1
    Consolidated identical input bits for $mux cell $procmux$10031:
      Old ports: A=2'11, B=2'00, Y=$55\Set_Addr_To[2:0]
      New ports: A=1'1, B=1'0, Y=$55\Set_Addr_To[2:0] [0]
      New connections: $55\Set_Addr_To[2:0] [1] = $55\Set_Addr_To[2:0] [0]
    Consolidated identical input bits for $mux cell $procmux$1735:
      Old ports: A=2'11, B=2'01, Y=$auto$wreduce.cc:514:run$24800 [1:0]
      New ports: A=1'1, B=1'0, Y=$auto$wreduce.cc:514:run$24800 [1]
      New connections: $auto$wreduce.cc:514:run$24800 [0] = 1'1
    Consolidated identical input bits for $mux cell $procmux$5351:
      Old ports: A=2'01, B=2'11, Y=$31\MCycles[2:0]
      New ports: A=1'0, B=1'1, Y=$31\MCycles[2:0] [1]
      New connections: $31\MCycles[2:0] [0] = 1'1
    Consolidated identical input bits for $pmux cell $procmux$4673:
      Old ports: A=3'011, B=6'001010, Y=$34\MCycles[2:0]
      New ports: A=2'11, B=4'0110, Y=$34\MCycles[2:0] [1:0]
      New connections: $34\MCycles[2:0] [2] = 1'0
    Consolidated identical input bits for $mux cell $procmux$1753:
      Old ports: A=3'111, B=3'010, Y=$procmux$1546_Y
      New ports: A=1'1, B=1'0, Y=$procmux$1546_Y [0]
      New connections: $procmux$1546_Y [2:1] = { $procmux$1546_Y [0] 1'1 }
    Consolidated identical input bits for $mux cell $procmux$16489:
      Old ports: A=3'000, B=3'100, Y=$procmux$16489_Y
      New ports: A=1'0, B=1'1, Y=$procmux$16489_Y [2]
      New connections: $procmux$16489_Y [1:0] = 2'00
    Consolidated identical input bits for $mux cell $procmux$793:
      Old ports: A=3'111, B=3'000, Y=$procmux$793_Y
      New ports: A=1'1, B=1'0, Y=$procmux$793_Y [0]
      New connections: $procmux$793_Y [2:1] = { $procmux$793_Y [0] $procmux$793_Y [0] }
    Consolidated identical input bits for $mux cell $procmux$5463:
      Old ports: A={ 1'1 $auto$wreduce.cc:514:run$24800 [1:0] }, B={ 1'1 $45\Set_Addr_To[2:0] }, Y=$47\Set_Addr_To[2:0]
      New ports: A=$auto$wreduce.cc:514:run$24800 [1:0], B=$45\Set_Addr_To[2:0], Y=$47\Set_Addr_To[2:0] [1:0]
      New connections: $47\Set_Addr_To[2:0] [2] = 1'1
    Consolidated identical input bits for $mux cell $procmux$18345:
      Old ports: A=3'000, B=3'111, Y=$10\Set_BusB_To[3:0]
      New ports: A=1'0, B=1'1, Y=$10\Set_BusB_To[3:0] [0]
      New connections: $10\Set_BusB_To[3:0] [2:1] = { $10\Set_BusB_To[3:0] [0] $10\Set_BusB_To[3:0] [0] }
    Consolidated identical input bits for $mux cell $procmux$13707:
      Old ports: A=3'111, B=3'010, Y=$9\Set_Addr_To[2:0]
      New ports: A=1'1, B=1'0, Y=$9\Set_Addr_To[2:0] [0]
      New connections: $9\Set_Addr_To[2:0] [2:1] = { $9\Set_Addr_To[2:0] [0] 1'1 }
    Consolidated identical input bits for $mux cell $procmux$2678:
      Old ports: A=3'111, B=3'001, Y=$procmux$2678_Y
      New ports: A=1'1, B=1'0, Y=$procmux$2678_Y [1]
      New connections: { $procmux$2678_Y [2] $procmux$2678_Y [0] } = { $procmux$2678_Y [1] 1'1 }
    Consolidated identical input bits for $mux cell $procmux$4405:
      Old ports: A=3'111, B=3'010, Y=$61\Set_Addr_To[2:0]
      New ports: A=1'1, B=1'0, Y=$61\Set_Addr_To[2:0] [0]
      New connections: $61\Set_Addr_To[2:0] [2:1] = { $61\Set_Addr_To[2:0] [0] 1'1 }
    Consolidated identical input bits for $mux cell $procmux$3651:
      Old ports: A=4'0000, B={ $10\Set_BusA_To[3:0] [3:1] $10\Set_BusA_To[3:0] [3] }, Y=$procmux$3651_Y
      New ports: A=3'000, B={ $10\Set_BusA_To[3:0] [2:1] $10\Set_BusA_To[3:0] [3] }, Y=$procmux$3651_Y [2:0]
      New connections: $procmux$3651_Y [3] = $procmux$3651_Y [0]
    Consolidated identical input bits for $mux cell $procmux$6844:
      Old ports: A=4'0000, B=4'1111, Y=$14\IncDec_16[3:0]
      New ports: A=1'0, B=1'1, Y=$14\IncDec_16[3:0] [0]
      New connections: $14\IncDec_16[3:0] [3:1] = { $14\IncDec_16[3:0] [0] $14\IncDec_16[3:0] [0] $14\IncDec_16[3:0] [0] }
    New ctrl vector for $pmux cell $procmux$24175: { $auto$opt_reduce.cc:137:opt_pmux$24571 $procmux$21730_CMP $procmux$10513_CMP $auto$opt_reduce.cc:137:opt_pmux$24806 }
    Consolidated identical input bits for $mux cell $procmux$1377:
      Old ports: A=4'0010, B=4'1010, Y=$30\IncDec_16[3:0]
      New ports: A=1'0, B=1'1, Y=$30\IncDec_16[3:0] [3]
      New connections: $30\IncDec_16[3:0] [2:0] = 3'010
    Consolidated identical input bits for $mux cell $procmux$2880:
      Old ports: A=3'000, B=3'110, Y=$auto$wreduce.cc:514:run$24748 [2:0]
      New ports: A=1'0, B=1'1, Y=$auto$wreduce.cc:514:run$24748 [1]
      New connections: { $auto$wreduce.cc:514:run$24748 [2] $auto$wreduce.cc:514:run$24748 [0] } = { $auto$wreduce.cc:514:run$24748 [1] 1'0 }
    Consolidated identical input bits for $pmux cell $procmux$24108:
      Old ports: A={ 2'01 $auto$wreduce.cc:514:run$24759 [0] }, B={ 2'01 \F [6] 2'01 $auto$wreduce.cc:514:run$24757 [0] 2'01 \F [0] }, Y=$22\MCycles[2:0]
      New ports: A=$auto$wreduce.cc:514:run$24759 [0], B={ \F [6] $auto$wreduce.cc:514:run$24757 [0] \F [0] }, Y=$22\MCycles[2:0] [0]
      New connections: $22\MCycles[2:0] [2:1] = 2'01
    Consolidated identical input bits for $mux cell $procmux$11184:
      Old ports: A=4'0000, B=4'1111, Y=$procmux$10545_Y
      New ports: A=1'0, B=1'1, Y=$procmux$10545_Y [0]
      New connections: $procmux$10545_Y [3:1] = { $procmux$10545_Y [0] $procmux$10545_Y [0] $procmux$10545_Y [0] }
    Consolidated identical input bits for $mux cell $procmux$24450:
      Old ports: A=3'011, B=3'100, Y=$1\TStates[2:0]
      New ports: A=2'01, B=2'10, Y={ $1\TStates[2:0] [2] $1\TStates[2:0] [0] }
      New connections: $1\TStates[2:0] [1] = $1\TStates[2:0] [0]
    Consolidated identical input bits for $mux cell $procmux$11858:
      Old ports: A=4'0000, B=4'1010, Y=$procmux$11858_Y
      New ports: A=1'0, B=1'1, Y=$procmux$11858_Y [1]
      New connections: { $procmux$11858_Y [3:2] $procmux$11858_Y [0] } = { $procmux$11858_Y [1] 2'00 }
    New input vector for $reduce_or cell $auto$opt_reduce.cc:131:opt_pmux$24805: { $procmux$21729_CMP $procmux$21728_CMP $procmux$18401_CMP $procmux$17542_CMP $procmux$17019_CMP $procmux$16339_CMP $procmux$15624_CMP $procmux$14435_CMP $procmux$10020_CMP }
  Optimizing cells in module \tv80_mcode_gold.
    Consolidated identical input bits for $mux cell $procmux$19599:
      Old ports: A=3'111, B=$9\Set_Addr_To[2:0], Y=$8\Set_Addr_To[2:0]
      New ports: A=1'1, B=$9\Set_Addr_To[2:0] [0], Y=$8\Set_Addr_To[2:0] [0]
      New connections: $8\Set_Addr_To[2:0] [2:1] = { $8\Set_Addr_To[2:0] [0] 1'1 }
    Consolidated identical input bits for $mux cell $procmux$1701:
      Old ports: A=$procmux$1509_Y, B=3'000, Y=$66\Set_BusB_To[2:0]
      New ports: A=$procmux$1509_Y [1], B=1'0, Y=$66\Set_BusB_To[2:0] [1]
      New connections: { $66\Set_BusB_To[2:0] [2] $66\Set_BusB_To[2:0] [0] } = { $66\Set_BusB_To[2:0] [1] 1'0 }
    Consolidated identical input bits for $mux cell $procmux$7200:
      Old ports: A=$procmux$7198_Y, B=3'111, Y=$43\Set_Addr_To[2:0]
      New ports: A=$procmux$7198_Y [1:0], B=2'11, Y=$43\Set_Addr_To[2:0] [1:0]
      New connections: $43\Set_Addr_To[2:0] [2] = 1'1
    Consolidated identical input bits for $mux cell $procmux$7123:
      Old ports: A=3'101, B=$27\MCycles[2:0], Y=$procmux$7123_Y
      New ports: A=2'10, B=$27\MCycles[2:0] [2:1], Y=$procmux$7123_Y [2:1]
      New connections: $procmux$7123_Y [0] = 1'1
    Consolidated identical input bits for $mux cell $procmux$2854:
      Old ports: A=$21\Set_BusA_To[2:0], B=3'000, Y=$20\Set_BusA_To[2:0]
      New ports: A=$21\Set_BusA_To[2:0] [0], B=1'0, Y=$20\Set_BusA_To[2:0] [0]
      New connections: $20\Set_BusA_To[2:0] [2:1] = { $20\Set_BusA_To[2:0] [0] $20\Set_BusA_To[2:0] [0] }
    Consolidated identical input bits for $mux cell $procmux$1682:
      Old ports: A=$auto$wreduce.cc:514:run$24765 [2:0], B=3'000, Y=$11\Set_BusB_To[3:0]
      New ports: A=$auto$wreduce.cc:514:run$24765 [0], B=1'0, Y=$11\Set_BusB_To[3:0] [0]
      New connections: $11\Set_BusB_To[3:0] [2:1] = { $11\Set_BusB_To[3:0] [0] $11\Set_BusB_To[3:0] [0] }
    Consolidated identical input bits for $mux cell $procmux$13709:
      Old ports: A=$9\Set_Addr_To[2:0], B=3'010, Y=$29\Set_Addr_To[2:0]
      New ports: A=$9\Set_Addr_To[2:0] [0], B=1'0, Y=$29\Set_Addr_To[2:0] [0]
      New connections: $29\Set_Addr_To[2:0] [2:1] = { $29\Set_Addr_To[2:0] [0] 1'1 }
    Consolidated identical input bits for $mux cell $procmux$8289:
      Old ports: A=3'011, B=$22\MCycles[2:0], Y=$20\MCycles[2:0]
      New ports: A=1'1, B=$22\MCycles[2:0] [0], Y=$20\MCycles[2:0] [0]
      New connections: $20\MCycles[2:0] [2:1] = 2'01
    Consolidated identical input bits for $mux cell $procmux$7671:
      Old ports: A=$procmux$7246_Y, B=4'1111, Y=$procmux$7671_Y
      New ports: A=$procmux$7246_Y [0], B=1'1, Y=$procmux$7671_Y [0]
      New connections: $procmux$7671_Y [3:1] = { $procmux$7671_Y [0] $procmux$7671_Y [0] $procmux$7671_Y [0] }
    Consolidated identical input bits for $mux cell $procmux$10335:
      Old ports: A=$procmux$10333_Y, B=3'101, Y=$26\Set_BusA_To[2:0]
      New ports: A={ $procmux$10333_Y [2] 1'0 }, B=2'11, Y={ $26\Set_BusA_To[2:0] [2] $26\Set_BusA_To[2:0] [0] }
      New connections: $26\Set_BusA_To[2:0] [1] = 1'0
    Consolidated identical input bits for $mux cell $procmux$4721:
      Old ports: A=$9\Set_Addr_To[2:0], B=3'010, Y=$60\Set_Addr_To[2:0]
      New ports: A=$9\Set_Addr_To[2:0] [0], B=1'0, Y=$60\Set_Addr_To[2:0] [0]
      New connections: $60\Set_Addr_To[2:0] [2:1] = { $60\Set_Addr_To[2:0] [0] 1'1 }
    Consolidated identical input bits for $mux cell $procmux$22083:
      Old ports: A=$auto$wreduce.cc:514:run$24785 [1:0], B=2'01, Y=$auto$wreduce.cc:514:run$24781 [1:0]
      New ports: A=$auto$wreduce.cc:514:run$24785 [1], B=1'0, Y=$auto$wreduce.cc:514:run$24781 [1]
      New connections: $auto$wreduce.cc:514:run$24781 [0] = 1'1
    Consolidated identical input bits for $mux cell $procmux$7648:
      Old ports: A=$procmux$7221_Y, B=4'1101, Y=$procmux$7648_Y
      New ports: A={ $procmux$7221_Y [2] 1'0 }, B=2'11, Y={ $procmux$7648_Y [2] $procmux$7648_Y [0] }
      New connections: { $procmux$7648_Y [3] $procmux$7648_Y [1] } = { $procmux$7648_Y [2] 1'0 }
    Consolidated identical input bits for $mux cell $procmux$13937:
      Old ports: A=$procmux$13888_Y, B=4'0101, Y=$procmux$13890_Y
      New ports: A=$procmux$13888_Y [2:0], B=3'101, Y=$procmux$13890_Y [2:0]
      New connections: $procmux$13890_Y [3] = 1'0
    Consolidated identical input bits for $mux cell $procmux$13935:
      Old ports: A=$auto$wreduce.cc:514:run$24763 [2:0], B=3'000, Y=$procmux$13888_Y [2:0]
      New ports: A=$auto$wreduce.cc:514:run$24763 [2], B=1'0, Y=$procmux$13888_Y [2]
      New connections: $procmux$13888_Y [1:0] = 2'00
    Consolidated identical input bits for $mux cell $procmux$7490:
      Old ports: A=$procmux$11110_Y, B=4'1101, Y=$28\Set_BusB_To[3:0]
      New ports: A={ $procmux$11110_Y [2] 1'0 }, B=2'11, Y={ $28\Set_BusB_To[3:0] [2] $28\Set_BusB_To[3:0] [0] }
      New connections: { $28\Set_BusB_To[3:0] [3] $28\Set_BusB_To[3:0] [1] } = { $28\Set_BusB_To[3:0] [2] 1'0 }
    Consolidated identical input bits for $mux cell $procmux$12606:
      Old ports: A=$procmux$11858_Y, B=4'0000, Y=$24\Set_BusB_To[3:0]
      New ports: A=$procmux$11858_Y [1], B=1'0, Y=$24\Set_BusB_To[3:0] [1]
      New connections: { $24\Set_BusB_To[3:0] [3:2] $24\Set_BusB_To[3:0] [0] } = { $24\Set_BusB_To[3:0] [1] 2'00 }
    Consolidated identical input bits for $mux cell $procmux$1082:
      Old ports: A=4'0000, B=$21\IncDec_16[3:0], Y=$procmux$1082_Y
      New ports: A=2'00, B={ $21\IncDec_16[3:0] [3] 1'1 }, Y={ $procmux$1082_Y [3] $procmux$1082_Y [1] }
      New connections: { $procmux$1082_Y [2] $procmux$1082_Y [0] } = { $procmux$1082_Y [1] 1'0 }
    Consolidated identical input bits for $mux cell $procmux$16441:
      Old ports: A=$procmux$15775_Y, B=3'111, Y=$18\Set_Addr_To[2:0]
      New ports: A=$procmux$15775_Y [0], B=1'1, Y=$18\Set_Addr_To[2:0] [0]
      New connections: $18\Set_Addr_To[2:0] [2:1] = 2'11
    Consolidated identical input bits for $mux cell $procmux$7223:
      Old ports: A=$procmux$7221_Y, B=$44\Set_BusB_To[3:0], Y=$procmux$7223_Y
      New ports: A={ $procmux$7221_Y [2] 1'0 }, B={ $44\Set_BusB_To[3:0] [0] $44\Set_BusB_To[3:0] [0] }, Y={ $procmux$7223_Y [2] $procmux$7223_Y [0] }
      New connections: { $procmux$7223_Y [3] $procmux$7223_Y [1] } = { $procmux$7223_Y [2] 1'0 }
    Consolidated identical input bits for $mux cell $procmux$1365:
      Old ports: A=$procmux$1363_Y, B=4'0000, Y=$15\IncDec_16[3:0]
      New ports: A=$procmux$1363_Y [2:0], B=3'000, Y=$15\IncDec_16[3:0] [2:0]
      New connections: $15\IncDec_16[3:0] [3] = 1'0
    Consolidated identical input bits for $mux cell $procmux$5586:
      Old ports: A=$auto$wreduce.cc:514:run$24765 [2:0], B=3'111, Y=$procmux$1363_Y [2:0]
      New ports: A=$auto$wreduce.cc:514:run$24765 [0], B=1'1, Y=$procmux$1363_Y [0]
      New connections: $procmux$1363_Y [2:1] = { $procmux$1363_Y [0] $procmux$1363_Y [0] }
    Consolidated identical input bits for $mux cell $procmux$15827:
      Old ports: A=$auto$wreduce.cc:514:run$24763 [2:0], B=3'101, Y=$auto$wreduce.cc:514:run$24749 [2:0]
      New ports: A={ $auto$wreduce.cc:514:run$24763 [2] 1'0 }, B=2'11, Y={ $auto$wreduce.cc:514:run$24749 [2] $auto$wreduce.cc:514:run$24749 [0] }
      New connections: $auto$wreduce.cc:514:run$24749 [1] = 1'0
    Consolidated identical input bits for $mux cell $procmux$1880:
      Old ports: A=$1\TStates[2:0], B=3'100, Y=$15\TStates[2:0]
      New ports: A={ $1\TStates[2:0] [2] $1\TStates[2:0] [0] }, B=2'10, Y={ $15\TStates[2:0] [2] $15\TStates[2:0] [0] }
      New connections: $15\TStates[2:0] [1] = $15\TStates[2:0] [0]
    Consolidated identical input bits for $mux cell $procmux$2311:
      Old ports: A=4'0000, B=$21\IncDec_16[3:0], Y=$procmux$2311_Y
      New ports: A=2'00, B={ $21\IncDec_16[3:0] [3] 1'1 }, Y={ $procmux$2311_Y [3] $procmux$2311_Y [1] }
      New connections: { $procmux$2311_Y [2] $procmux$2311_Y [0] } = { $procmux$2311_Y [1] 1'0 }
    Consolidated identical input bits for $mux cell $procmux$989:
      Old ports: A=$9\Set_Addr_To[2:0], B=3'000, Y=$74\Set_Addr_To[2:0]
      New ports: A={ 1'1 $9\Set_Addr_To[2:0] [0] }, B=2'00, Y=$74\Set_Addr_To[2:0] [1:0]
      New connections: $74\Set_Addr_To[2:0] [2] = $74\Set_Addr_To[2:0] [0]
    Consolidated identical input bits for $mux cell $procmux$1737:
      Old ports: A=$auto$wreduce.cc:514:run$24800 [1:0], B=2'01, Y=$22\Set_Addr_To[2:0]
      New ports: A=$auto$wreduce.cc:514:run$24800 [1], B=1'0, Y=$22\Set_Addr_To[2:0] [1]
      New connections: $22\Set_Addr_To[2:0] [0] = 1'1
    Consolidated identical input bits for $mux cell $procmux$7248:
      Old ports: A=$procmux$7246_Y, B=$14\IncDec_16[3:0], Y=$procmux$7248_Y
      New ports: A=$procmux$7246_Y [0], B=$14\IncDec_16[3:0] [0], Y=$procmux$7248_Y [0]
      New connections: $procmux$7248_Y [3:1] = { $procmux$7248_Y [0] $procmux$7248_Y [0] $procmux$7248_Y [0] }
    Consolidated identical input bits for $mux cell $procmux$974:
      Old ports: A={ 1'0 $auto$wreduce.cc:514:run$24748 [2:0] }, B=4'1010, Y=$70\Set_BusB_To[3:0]
      New ports: A={ 1'0 $auto$wreduce.cc:514:run$24748 [1] $auto$wreduce.cc:514:run$24748 [1] }, B=3'101, Y=$70\Set_BusB_To[3:0] [3:1]
      New connections: $70\Set_BusB_To[3:0] [0] = 1'0
    Consolidated identical input bits for $mux cell $procmux$7198:
      Old ports: A=$auto$wreduce.cc:514:run$24785 [1:0], B=$45\Set_Addr_To[2:0], Y=$procmux$7198_Y [1:0]
      New ports: A=$auto$wreduce.cc:514:run$24785 [1], B=$45\Set_Addr_To[2:0] [1], Y=$procmux$7198_Y [1]
      New connections: $procmux$7198_Y [0] = 1'1
    Consolidated identical input bits for $mux cell $procmux$14028:
      Old ports: A=$procmux$14026_Y, B=4'0000, Y=$procmux$14028_Y
      New ports: A=$procmux$14026_Y [0], B=1'0, Y=$procmux$14028_Y [0]
      New connections: $procmux$14028_Y [3:1] = { $procmux$14028_Y [0] $procmux$14028_Y [0] $procmux$14028_Y [0] }
    Consolidated identical input bits for $mux cell $procmux$11450:
      Old ports: A=$16\MCycles[2:0], B=3'011, Y=$15\MCycles[2:0]
      New ports: A={ $16\MCycles[2:0] [2] 1'0 }, B=2'01, Y=$15\MCycles[2:0] [2:1]
      New connections: $15\MCycles[2:0] [0] = 1'1
    Consolidated identical input bits for $mux cell $procmux$16491:
      Old ports: A=$procmux$16489_Y, B=3'101, Y=$procmux$16491_Y
      New ports: A={ $procmux$16489_Y [2] 1'0 }, B=2'11, Y={ $procmux$16491_Y [2] $procmux$16491_Y [0] }
      New connections: $procmux$16491_Y [1] = 1'0
    Consolidated identical input bits for $mux cell $procmux$1755:
      Old ports: A=$procmux$1546_Y, B=3'010, Y=$69\Set_Addr_To[2:0]
      New ports: A=$procmux$1546_Y [0], B=1'0, Y=$69\Set_Addr_To[2:0] [0]
      New connections: $69\Set_Addr_To[2:0] [2:1] = { $69\Set_Addr_To[2:0] [0] 1'1 }
    Consolidated identical input bits for $mux cell $procmux$883:
      Old ports: A=4'0000, B=$30\IncDec_16[3:0], Y=$procmux$883_Y
      New ports: A=2'00, B={ $30\IncDec_16[3:0] [3] 1'1 }, Y={ $procmux$883_Y [3] $procmux$883_Y [1] }
      New connections: { $procmux$883_Y [2] $procmux$883_Y [0] } = 2'00
    Consolidated identical input bits for $mux cell $procmux$7556:
      Old ports: A=$1\TStates[2:0], B=3'100, Y=$procmux$10586_Y
      New ports: A={ $1\TStates[2:0] [2] $1\TStates[2:0] [0] }, B=2'10, Y={ $procmux$10586_Y [2] $procmux$10586_Y [0] }
      New connections: $procmux$10586_Y [1] = $procmux$10586_Y [0]
    Consolidated identical input bits for $mux cell $procmux$20322:
      Old ports: A=3'111, B=$27\Set_Addr_To[2:0], Y=$6\Set_Addr_To[2:0]
      New ports: A=1'1, B=$27\Set_Addr_To[2:0] [0], Y=$6\Set_Addr_To[2:0] [0]
      New connections: $6\Set_Addr_To[2:0] [2:1] = { $6\Set_Addr_To[2:0] [0] 1'1 }
    Consolidated identical input bits for $mux cell $procmux$795:
      Old ports: A=$procmux$793_Y, B=3'010, Y=$75\Set_Addr_To[2:0]
      New ports: A={ $procmux$793_Y [0] $procmux$793_Y [0] }, B=2'10, Y=$75\Set_Addr_To[2:0] [1:0]
      New connections: $75\Set_Addr_To[2:0] [2] = $75\Set_Addr_To[2:0] [0]
    Consolidated identical input bits for $mux cell $procmux$5463:
      Old ports: A=$auto$wreduce.cc:514:run$24800 [1:0], B=$45\Set_Addr_To[2:0], Y=$47\Set_Addr_To[2:0] [1:0]
      New ports: A=$auto$wreduce.cc:514:run$24800 [1], B=$45\Set_Addr_To[2:0] [1], Y=$47\Set_Addr_To[2:0] [1]
      New connections: $47\Set_Addr_To[2:0] [0] = 1'1
    Consolidated identical input bits for $mux cell $procmux$11186:
      Old ports: A=$procmux$10545_Y, B=4'1111, Y=$10\IncDec_16[3:0]
      New ports: A=$procmux$10545_Y [0], B=1'1, Y=$10\IncDec_16[3:0] [0]
      New connections: $10\IncDec_16[3:0] [3:1] = { $10\IncDec_16[3:0] [0] $10\IncDec_16[3:0] [0] $10\IncDec_16[3:0] [0] }
    Consolidated identical input bits for $mux cell $procmux$2648:
      Old ports: A=4'0000, B=$22\IncDec_16[3:0], Y=$procmux$2648_Y
      New ports: A=2'00, B={ $22\IncDec_16[3:0] [3] 1'1 }, Y={ $procmux$2648_Y [3] $procmux$2648_Y [0] }
      New connections: $procmux$2648_Y [2:1] = { $procmux$2648_Y [0] 1'0 }
    Consolidated identical input bits for $mux cell $procmux$2882:
      Old ports: A=$auto$wreduce.cc:514:run$24748 [2:0], B=3'000, Y=$58\Set_BusB_To[3:0]
      New ports: A=$auto$wreduce.cc:514:run$24748 [1], B=1'0, Y=$58\Set_BusB_To[3:0] [1]
      New connections: { $58\Set_BusB_To[3:0] [2] $58\Set_BusB_To[3:0] [0] } = { $58\Set_BusB_To[3:0] [1] 1'0 }
    Consolidated identical input bits for $mux cell $procmux$5442:
      Old ports: A=2'11, B=$31\MCycles[2:0], Y=$28\MCycles[2:0]
      New ports: A=1'1, B=$31\MCycles[2:0] [1], Y=$28\MCycles[2:0] [1]
      New connections: $28\MCycles[2:0] [0] = 1'1
    Consolidated identical input bits for $mux cell $procmux$6790:
      Old ports: A=$1\TStates[2:0], B=3'100, Y=$26\TStates[2:0]
      New ports: A={ $1\TStates[2:0] [2] $1\TStates[2:0] [0] }, B=2'10, Y={ $26\TStates[2:0] [2] $26\TStates[2:0] [0] }
      New connections: $26\TStates[2:0] [1] = $26\TStates[2:0] [0]
    Consolidated identical input bits for $mux cell $procmux$13473:
      Old ports: A=3'111, B=$27\Set_Addr_To[2:0], Y=$26\Set_Addr_To[2:0]
      New ports: A=1'1, B=$27\Set_Addr_To[2:0] [0], Y=$26\Set_Addr_To[2:0] [0]
      New connections: $26\Set_Addr_To[2:0] [2:1] = { $26\Set_Addr_To[2:0] [0] 1'1 }
  Optimizing cells in module \tv80_mcode_gold.
    Consolidated identical input bits for $mux cell $procmux$12947:
      Old ports: A=4'1010, B=$24\Set_BusB_To[3:0], Y=$23\Set_BusB_To[3:0]
      New ports: A=1'1, B=$24\Set_BusB_To[3:0] [1], Y=$23\Set_BusB_To[3:0] [1]
      New connections: { $23\Set_BusB_To[3:0] [3:2] $23\Set_BusB_To[3:0] [0] } = { $23\Set_BusB_To[3:0] [1] 2'00 }
    Consolidated identical input bits for $mux cell $procmux$7200:
      Old ports: A=$procmux$7198_Y [1:0], B=2'11, Y=$43\Set_Addr_To[2:0] [1:0]
      New ports: A=$procmux$7198_Y [1], B=1'1, Y=$43\Set_Addr_To[2:0] [1]
      New connections: $43\Set_Addr_To[2:0] [0] = 1'1
    Consolidated identical input bits for $mux cell $procmux$7125:
      Old ports: A=$procmux$7123_Y, B=3'101, Y=$25\MCycles[2:0]
      New ports: A=$procmux$7123_Y [2:1], B=2'10, Y=$25\MCycles[2:0] [2:1]
      New connections: $25\MCycles[2:0] [0] = 1'1
    Consolidated identical input bits for $mux cell $procmux$7099:
      Old ports: A=$1\TStates[2:0], B=$26\TStates[2:0], Y=$procmux$7099_Y
      New ports: A={ $1\TStates[2:0] [2] $1\TStates[2:0] [0] }, B={ $26\TStates[2:0] [2] $26\TStates[2:0] [0] }, Y={ $procmux$7099_Y [2] $procmux$7099_Y [0] }
      New connections: $procmux$7099_Y [1] = $procmux$7099_Y [0]
    Consolidated identical input bits for $mux cell $procmux$11650:
      Old ports: A=$15\TStates[2:0], B=$1\TStates[2:0], Y=$10\TStates[2:0]
      New ports: A={ $15\TStates[2:0] [2] $15\TStates[2:0] [0] }, B={ $1\TStates[2:0] [2] $1\TStates[2:0] [0] }, Y={ $10\TStates[2:0] [2] $10\TStates[2:0] [0] }
      New connections: $10\TStates[2:0] [1] = $10\TStates[2:0] [0]
    Consolidated identical input bits for $mux cell $procmux$12762:
      Old ports: A=3'111, B=$29\Set_Addr_To[2:0], Y=$28\Set_Addr_To[2:0]
      New ports: A=1'1, B=$29\Set_Addr_To[2:0] [0], Y=$28\Set_Addr_To[2:0] [0]
      New connections: $28\Set_Addr_To[2:0] [2:1] = { $28\Set_Addr_To[2:0] [0] 1'1 }
    Consolidated identical input bits for $mux cell $procmux$7673:
      Old ports: A=$procmux$7671_Y, B=4'0000, Y=$11\IncDec_16[3:0]
      New ports: A=$procmux$7671_Y [0], B=1'0, Y=$11\IncDec_16[3:0] [0]
      New connections: $11\IncDec_16[3:0] [3:1] = { $11\IncDec_16[3:0] [0] $11\IncDec_16[3:0] [0] $11\IncDec_16[3:0] [0] }
    Consolidated identical input bits for $mux cell $procmux$7650:
      Old ports: A=$procmux$7648_Y, B=4'0000, Y=$41\Set_BusB_To[3:0]
      New ports: A={ $procmux$7648_Y [2] $procmux$7648_Y [0] }, B=2'00, Y={ $41\Set_BusB_To[3:0] [2] $41\Set_BusB_To[3:0] [0] }
      New connections: { $41\Set_BusB_To[3:0] [3] $41\Set_BusB_To[3:0] [1] } = { $41\Set_BusB_To[3:0] [2] 1'0 }
    Consolidated identical input bits for $mux cell $procmux$7225:
      Old ports: A=$procmux$7223_Y, B=4'0000, Y=$42\Set_BusB_To[3:0]
      New ports: A={ $procmux$7223_Y [2] $procmux$7223_Y [0] }, B=2'00, Y={ $42\Set_BusB_To[3:0] [2] $42\Set_BusB_To[3:0] [0] }
      New connections: { $42\Set_BusB_To[3:0] [3] $42\Set_BusB_To[3:0] [1] } = { $42\Set_BusB_To[3:0] [2] 1'0 }
    Consolidated identical input bits for $mux cell $procmux$13939:
      Old ports: A=$procmux$13890_Y, B=4'0000, Y=$17\Set_BusA_To[3:0]
      New ports: A=$procmux$13890_Y [2:0], B=3'000, Y=$17\Set_BusA_To[3:0] [2:0]
      New connections: $17\Set_BusA_To[3:0] [3] = 1'0
    Consolidated identical input bits for $mux cell $procmux$13937:
      Old ports: A=$procmux$13888_Y [2:0], B=3'101, Y=$procmux$13890_Y [2:0]
      New ports: A={ $procmux$13888_Y [2] 1'0 }, B=2'11, Y={ $procmux$13890_Y [2] $procmux$13890_Y [0] }
      New connections: $procmux$13890_Y [1] = 1'0
    Consolidated identical input bits for $mux cell $procmux$22085:
      Old ports: A=$auto$wreduce.cc:514:run$24781 [1:0], B=2'01, Y=$auto$wreduce.cc:514:run$24778 [1:0]
      New ports: A=$auto$wreduce.cc:514:run$24781 [1], B=1'0, Y=$auto$wreduce.cc:514:run$24778 [1]
      New connections: $auto$wreduce.cc:514:run$24778 [0] = 1'1
    Consolidated identical input bits for $mux cell $procmux$7250:
      Old ports: A=$procmux$7248_Y, B=4'0000, Y=$12\IncDec_16[3:0]
      New ports: A=$procmux$7248_Y [0], B=1'0, Y=$12\IncDec_16[3:0] [0]
      New connections: $12\IncDec_16[3:0] [3:1] = { $12\IncDec_16[3:0] [0] $12\IncDec_16[3:0] [0] $12\IncDec_16[3:0] [0] }
    Consolidated identical input bits for $mux cell $procmux$1084:
      Old ports: A=$procmux$1082_Y, B=4'0000, Y=$procmux$1084_Y
      New ports: A={ $procmux$1082_Y [3] $procmux$1082_Y [1] }, B=2'00, Y={ $procmux$1084_Y [3] $procmux$1084_Y [1] }
      New connections: { $procmux$1084_Y [2] $procmux$1084_Y [0] } = { $procmux$1084_Y [1] 1'0 }
    Consolidated identical input bits for $mux cell $procmux$7627:
      Old ports: A=$auto$wreduce.cc:514:run$24781 [1:0], B=2'11, Y=$42\Set_Addr_To[2:0] [1:0]
      New ports: A=$auto$wreduce.cc:514:run$24781 [1], B=1'1, Y=$42\Set_Addr_To[2:0] [1]
      New connections: $42\Set_Addr_To[2:0] [0] = 1'1
    Consolidated identical input bits for $mux cell $procmux$16493:
      Old ports: A=$procmux$16491_Y, B=3'000, Y=$procmux$16493_Y
      New ports: A={ $procmux$16491_Y [2] $procmux$16491_Y [0] }, B=2'00, Y={ $procmux$16493_Y [2] $procmux$16493_Y [0] }
      New connections: $procmux$16493_Y [1] = 1'0
    Consolidated identical input bits for $mux cell $procmux$4320:
      Old ports: A=$15\TStates[2:0], B=$1\TStates[2:0], Y=$31\TStates[2:0]
      New ports: A={ $15\TStates[2:0] [2] $15\TStates[2:0] [0] }, B={ $1\TStates[2:0] [2] $1\TStates[2:0] [0] }, Y={ $31\TStates[2:0] [2] $31\TStates[2:0] [0] }
      New connections: $31\TStates[2:0] [1] = $31\TStates[2:0] [0]
    Consolidated identical input bits for $mux cell $procmux$1365:
      Old ports: A=$procmux$1363_Y [2:0], B=3'000, Y=$15\IncDec_16[3:0] [2:0]
      New ports: A=$procmux$1363_Y [0], B=1'0, Y=$15\IncDec_16[3:0] [0]
      New connections: $15\IncDec_16[3:0] [2:1] = { $15\IncDec_16[3:0] [0] $15\IncDec_16[3:0] [0] }
    Consolidated identical input bits for $mux cell $procmux$2313:
      Old ports: A=$procmux$2311_Y, B=4'1100, Y=$23\IncDec_16[3:0]
      New ports: A={ $procmux$2311_Y [3] $procmux$2311_Y [1] $procmux$2311_Y [1] }, B=3'110, Y=$23\IncDec_16[3:0] [3:1]
      New connections: $23\IncDec_16[3:0] [0] = 1'0
    Consolidated identical input bits for $mux cell $procmux$7558:
      Old ports: A=$procmux$10586_Y, B=$1\TStates[2:0], Y=$23\TStates[2:0]
      New ports: A={ $procmux$10586_Y [2] $procmux$10586_Y [0] }, B={ $1\TStates[2:0] [2] $1\TStates[2:0] [0] }, Y={ $23\TStates[2:0] [2] $23\TStates[2:0] [0] }
      New connections: $23\TStates[2:0] [1] = $23\TStates[2:0] [0]
    Consolidated identical input bits for $mux cell $procmux$10588:
      Old ports: A=$procmux$10586_Y, B=3'100, Y=$procmux$10588_Y
      New ports: A={ $procmux$10586_Y [2] $procmux$10586_Y [0] }, B=2'10, Y={ $procmux$10588_Y [2] $procmux$10588_Y [0] }
      New connections: $procmux$10588_Y [1] = $procmux$10588_Y [0]
    Consolidated identical input bits for $mux cell $procmux$10938:
      Old ports: A=2'11, B=$22\Set_Addr_To[2:0], Y=$34\Set_Addr_To[2:0]
      New ports: A=1'1, B=$22\Set_Addr_To[2:0] [1], Y=$34\Set_Addr_To[2:0] [1]
      New connections: $34\Set_Addr_To[2:0] [0] = 1'1
    Consolidated identical input bits for $mux cell $procmux$885:
      Old ports: A=$procmux$883_Y, B=$21\IncDec_16[3:0], Y=$procmux$885_Y
      New ports: A={ $procmux$883_Y [3] 1'0 $procmux$883_Y [1] }, B={ $21\IncDec_16[3:0] [3] 2'11 }, Y=$procmux$885_Y [3:1]
      New connections: $procmux$885_Y [0] = 1'0
    Consolidated identical input bits for $mux cell $procmux$15829:
      Old ports: A=$auto$wreduce.cc:514:run$24749 [2:0], B=3'000, Y=$13\Set_BusB_To[3:0]
      New ports: A={ $auto$wreduce.cc:514:run$24749 [2] $auto$wreduce.cc:514:run$24749 [0] }, B=2'00, Y={ $13\Set_BusB_To[3:0] [2] $13\Set_BusB_To[3:0] [0] }
      New connections: $13\Set_BusB_To[3:0] [1] = 1'0
    Consolidated identical input bits for $mux cell $procmux$11006:
      Old ports: A=4'0000, B=$10\IncDec_16[3:0], Y=$9\IncDec_16[3:0]
      New ports: A=1'0, B=$10\IncDec_16[3:0] [0], Y=$9\IncDec_16[3:0] [0]
      New connections: $9\IncDec_16[3:0] [3:1] = { $9\IncDec_16[3:0] [0] $9\IncDec_16[3:0] [0] $9\IncDec_16[3:0] [0] }
    Consolidated identical input bits for $mux cell $procmux$13551:
      Old ports: A=3'111, B=$20\Set_BusA_To[2:0], Y=$19\Set_BusA_To[2:0]
      New ports: A=1'1, B=$20\Set_BusA_To[2:0] [0], Y=$19\Set_BusA_To[2:0] [0]
      New connections: $19\Set_BusA_To[2:0] [2:1] = { $19\Set_BusA_To[2:0] [0] $19\Set_BusA_To[2:0] [0] }
    Consolidated identical input bits for $mux cell $procmux$21012:
      Old ports: A=$6\Set_Addr_To[2:0], B=$27\Set_Addr_To[2:0], Y=$4\Set_Addr_To[2:0]
      New ports: A=$6\Set_Addr_To[2:0] [0], B=$27\Set_Addr_To[2:0] [0], Y=$4\Set_Addr_To[2:0] [0]
      New connections: $4\Set_Addr_To[2:0] [2:1] = { $4\Set_Addr_To[2:0] [0] 1'1 }
    Consolidated identical input bits for $mux cell $procmux$10972:
      Old ports: A=4'0000, B=$28\Set_BusB_To[3:0], Y=$29\Set_BusB_To[3:0]
      New ports: A=2'00, B={ $28\Set_BusB_To[3:0] [2] $28\Set_BusB_To[3:0] [0] }, Y={ $29\Set_BusB_To[3:0] [2] $29\Set_BusB_To[3:0] [0] }
      New connections: { $29\Set_BusB_To[3:0] [3] $29\Set_BusB_To[3:0] [1] } = { $29\Set_BusB_To[3:0] [2] 1'0 }
    Consolidated identical input bits for $pmux cell $procmux$4685:
      Old ports: A=$60\Set_Addr_To[2:0], B={ $61\Set_Addr_To[2:0] 3'111 }, Y=$59\Set_Addr_To[2:0]
      New ports: A=$60\Set_Addr_To[2:0] [0], B={ $61\Set_Addr_To[2:0] [0] 1'1 }, Y=$59\Set_Addr_To[2:0] [0]
      New connections: $59\Set_Addr_To[2:0] [2:1] = { $59\Set_Addr_To[2:0] [0] 1'1 }
    Consolidated identical input bits for $mux cell $procmux$14030:
      Old ports: A=$procmux$14028_Y, B=4'0111, Y=$procmux$14030_Y
      New ports: A={ $procmux$14028_Y [0] $procmux$14028_Y [0] }, B=2'01, Y={ $procmux$14030_Y [3] $procmux$14030_Y [0] }
      New connections: $procmux$14030_Y [2:1] = { $procmux$14030_Y [0] $procmux$14030_Y [0] }
  Optimizing cells in module \tv80_mcode_gold.
    Consolidated identical input bits for $mux cell $procmux$7101:
      Old ports: A=$procmux$7099_Y, B=$1\TStates[2:0], Y=$24\TStates[2:0]
      New ports: A={ $procmux$7099_Y [2] $procmux$7099_Y [0] }, B={ $1\TStates[2:0] [2] $1\TStates[2:0] [0] }, Y={ $24\TStates[2:0] [2] $24\TStates[2:0] [0] }
      New connections: $24\TStates[2:0] [1] = $24\TStates[2:0] [0]
    Consolidated identical input bits for $mux cell $procmux$11419:
      Old ports: A=$9\IncDec_16[3:0], B=$10\IncDec_16[3:0], Y=$7\IncDec_16[3:0]
      New ports: A=$9\IncDec_16[3:0] [0], B=$10\IncDec_16[3:0] [0], Y=$7\IncDec_16[3:0] [0]
      New connections: $7\IncDec_16[3:0] [3:1] = { $7\IncDec_16[3:0] [0] $7\IncDec_16[3:0] [0] $7\IncDec_16[3:0] [0] }
    New ctrl vector for $pmux cell $procmux$4729: { $procmux$17019_CTRL $procmux$14602_CMP }
    Consolidated identical input bits for $mux cell $procmux$16495:
      Old ports: A=$procmux$16493_Y, B=3'000, Y=$12\Set_BusA_To[2:0]
      New ports: A={ $procmux$16493_Y [2] $procmux$16493_Y [0] }, B=2'00, Y={ $12\Set_BusA_To[2:0] [2] $12\Set_BusA_To[2:0] [0] }
      New connections: $12\Set_BusA_To[2:0] [1] = 1'0
    Consolidated identical input bits for $mux cell $procmux$13939:
      Old ports: A=$procmux$13890_Y [2:0], B=3'000, Y=$17\Set_BusA_To[3:0] [2:0]
      New ports: A={ $procmux$13890_Y [2] $procmux$13890_Y [0] }, B=2'00, Y={ $17\Set_BusA_To[3:0] [2] $17\Set_BusA_To[3:0] [0] }
      New connections: $17\Set_BusA_To[3:0] [1] = 1'0
    Consolidated identical input bits for $mux cell $procmux$11388:
      Old ports: A=$29\Set_BusB_To[3:0], B=$28\Set_BusB_To[3:0], Y=$27\Set_BusB_To[3:0]
      New ports: A={ $29\Set_BusB_To[3:0] [2] $29\Set_BusB_To[3:0] [0] }, B={ $28\Set_BusB_To[3:0] [2] $28\Set_BusB_To[3:0] [0] }, Y={ $27\Set_BusB_To[3:0] [2] $27\Set_BusB_To[3:0] [0] }
      New connections: { $27\Set_BusB_To[3:0] [3] $27\Set_BusB_To[3:0] [1] } = { $27\Set_BusB_To[3:0] [2] 1'0 }
    Consolidated identical input bits for $mux cell $procmux$1086:
      Old ports: A=$procmux$1084_Y, B=4'0000, Y=$26\IncDec_16[3:0]
      New ports: A={ $procmux$1084_Y [3] $procmux$1084_Y [1] }, B=2'00, Y={ $26\IncDec_16[3:0] [3] $26\IncDec_16[3:0] [1] }
      New connections: { $26\IncDec_16[3:0] [2] $26\IncDec_16[3:0] [0] } = { $26\IncDec_16[3:0] [1] 1'0 }
    Consolidated identical input bits for $mux cell $procmux$21540:
      Old ports: A=$4\Set_Addr_To[2:0], B=3'111, Y=$3\Set_Addr_To[2:0]
      New ports: A=$4\Set_Addr_To[2:0] [0], B=1'1, Y=$3\Set_Addr_To[2:0] [0]
      New connections: $3\Set_Addr_To[2:0] [2:1] = { $3\Set_Addr_To[2:0] [0] 1'1 }
    Consolidated identical input bits for $mux cell $procmux$11357:
      Old ports: A=$34\Set_Addr_To[2:0], B=$22\Set_Addr_To[2:0], Y=$32\Set_Addr_To[2:0]
      New ports: A=$34\Set_Addr_To[2:0] [1], B=$22\Set_Addr_To[2:0] [1], Y=$32\Set_Addr_To[2:0] [1]
      New connections: $32\Set_Addr_To[2:0] [0] = 1'1
    Consolidated identical input bits for $mux cell $procmux$11976:
      Old ports: A=$1\TStates[2:0], B=$10\TStates[2:0], Y=$7\TStates[2:0]
      New ports: A={ $1\TStates[2:0] [2] $1\TStates[2:0] [0] }, B={ $10\TStates[2:0] [2] $10\TStates[2:0] [0] }, Y={ $7\TStates[2:0] [2] $7\TStates[2:0] [0] }
      New connections: $7\TStates[2:0] [1] = $7\TStates[2:0] [0]
    Consolidated identical input bits for $mux cell $procmux$22087:
      Old ports: A=$auto$wreduce.cc:514:run$24778 [1:0], B=2'01, Y=$24\Set_Addr_To[2:0]
      New ports: A=$auto$wreduce.cc:514:run$24778 [1], B=1'0, Y=$24\Set_Addr_To[2:0] [1]
      New connections: $24\Set_Addr_To[2:0] [0] = 1'1
    Consolidated identical input bits for $mux cell $procmux$887:
      Old ports: A=$procmux$885_Y, B=4'0000, Y=$28\IncDec_16[3:0]
      New ports: A=$procmux$885_Y [3:1], B=3'000, Y=$28\IncDec_16[3:0] [3:1]
      New connections: $28\IncDec_16[3:0] [0] = 1'0
    Consolidated identical input bits for $mux cell $procmux$4661:
      Old ports: A=$31\TStates[2:0], B=$1\TStates[2:0], Y=$30\TStates[2:0]
      New ports: A={ $31\TStates[2:0] [2] $31\TStates[2:0] [0] }, B={ $1\TStates[2:0] [2] $1\TStates[2:0] [0] }, Y={ $30\TStates[2:0] [2] $30\TStates[2:0] [0] }
      New connections: $30\TStates[2:0] [1] = $30\TStates[2:0] [0]
    Consolidated identical input bits for $mux cell $procmux$14032:
      Old ports: A=$procmux$14030_Y, B=4'0000, Y=$procmux$14032_Y
      New ports: A={ $procmux$14030_Y [3] $procmux$14030_Y [0] }, B=2'00, Y={ $procmux$14032_Y [3] $procmux$14032_Y [0] }
      New connections: $procmux$14032_Y [2:1] = { $procmux$14032_Y [0] $procmux$14032_Y [0] }
    New ctrl vector for $pmux cell $procmux$4837: { $procmux$15083_CMP $auto$opt_reduce.cc:137:opt_pmux$24601 $procmux$10513_CMP $procmux$10090_CMP $procmux$21730_CMP $procmux$21729_CMP $procmux$21728_CMP $procmux$21725_CTRL }
  Optimizing cells in module \tv80_mcode_gold.
    Consolidated identical input bits for $mux cell $procmux$14034:
      Old ports: A=$procmux$14032_Y, B=4'0000, Y=$5\IncDec_16[3:0]
      New ports: A={ $procmux$14032_Y [3] $procmux$14032_Y [0] }, B=2'00, Y={ $5\IncDec_16[3:0] [3] $5\IncDec_16[3:0] [0] }
      New connections: $5\IncDec_16[3:0] [2:1] = { $5\IncDec_16[3:0] [0] $5\IncDec_16[3:0] [0] }
  Optimizing cells in module \tv80_mcode_gold.
Performed a total of 143 changes.

3.19.5. Executing OPT_MERGE pass (detect identical cells).
Finding identical cells in module `\tv80_mcode_gold'.
Computing hashes of 779 cells of `\tv80_mcode_gold'.
Finding duplicate cells in `\tv80_mcode_gold'.
Computing hashes of 759 cells of `\tv80_mcode_gold'.
Finding duplicate cells in `\tv80_mcode_gold'.
Computing hashes of 752 cells of `\tv80_mcode_gold'.
Finding duplicate cells in `\tv80_mcode_gold'.
Computing hashes of 751 cells of `\tv80_mcode_gold'.
Finding duplicate cells in `\tv80_mcode_gold'.
<suppressed ~84 debug messages>
Removed a total of 28 cells.

3.19.6. Executing OPT_SHARE pass.
    Found cells that share an operand and can be merged by moving the $pmux $procmux$21719 in front of them:
        $procmux$12688
        $procmux$19543

3.19.7. Executing OPT_DFF pass (perform DFF optimizations).

3.19.8. Executing OPT_CLEAN pass (remove unused cells and wires).
Finding unused cells or wires in module \tv80_mcode_gold..
Removed 2 unused cells and 32 unused wires.
<suppressed ~3 debug messages>

3.19.9. Executing OPT_EXPR pass (perform const folding).
Optimizing module tv80_mcode_gold.
<suppressed ~24 debug messages>

3.19.10. Rerunning OPT passes. (Maybe there is more to do..)

3.19.11. Executing OPT_MUXTREE pass (detect dead branches in mux trees).
Running muxtree optimizer on module \tv80_mcode_gold..
  Creating internal representation of mux trees.
  Evaluating internal representation of mux trees.
  Analyzing evaluation results.
Removed 0 multiplexer ports.
<suppressed ~788 debug messages>

3.19.12. Executing OPT_REDUCE pass (consolidate $*mux and $reduce_* inputs).
  Optimizing cells in module \tv80_mcode_gold.
    New ctrl vector for $pmux cell $procmux$5287: { $auto$opt_reduce.cc:137:opt_pmux$24495 $procmux$10471_CMP $procmux$21725_CTRL $procmux$21728_CMP $auto$opt_reduce.cc:137:opt_pmux$24811 $procmux$21730_CMP $procmux$10090_CMP $procmux$10513_CMP $auto$opt_reduce.cc:137:opt_pmux$24601 $procmux$13104_CMP $procmux$13261_CMP $procmux$13800_CMP $procmux$15083_CMP $procmux$17542_CMP $auto$opt_reduce.cc:137:opt_pmux$24615 $procmux$19137_CMP }
    New ctrl vector for $pmux cell $procmux$21719: { $auto$opt_reduce.cc:137:opt_pmux$24523 $procmux$10471_CMP $procmux$10513_CMP $auto$opt_reduce.cc:137:opt_pmux$24813 $procmux$13800_CMP $auto$opt_reduce.cc:137:opt_pmux$24619 $auto$opt_reduce.cc:137:opt_pmux$24621 $procmux$17542_CMP $procmux$18087_CMP $procmux$18244_CMP }
    New input vector for $reduce_or cell $auto$opt_reduce.cc:131:opt_pmux$24812: { $procmux$19137_CMP $procmux$12353_CMP $procmux$11613_CMP }
  Optimizing cells in module \tv80_mcode_gold.
Performed a total of 3 changes.

3.19.13. Executing OPT_MERGE pass (detect identical cells).
Finding identical cells in module `\tv80_mcode_gold'.
Computing hashes of 742 cells of `\tv80_mcode_gold'.
Finding duplicate cells in `\tv80_mcode_gold'.
Computing hashes of 733 cells of `\tv80_mcode_gold'.
Finding duplicate cells in `\tv80_mcode_gold'.
Computing hashes of 728 cells of `\tv80_mcode_gold'.
Finding duplicate cells in `\tv80_mcode_gold'.
Computing hashes of 727 cells of `\tv80_mcode_gold'.
Finding duplicate cells in `\tv80_mcode_gold'.
<suppressed ~45 debug messages>
Removed a total of 15 cells.

3.19.14. Executing OPT_SHARE pass.

3.19.15. Executing OPT_DFF pass (perform DFF optimizations).

3.19.16. Executing OPT_CLEAN pass (remove unused cells and wires).
Finding unused cells or wires in module \tv80_mcode_gold..
Removed 0 unused cells and 24 unused wires.
<suppressed ~1 debug messages>

3.19.17. Executing OPT_EXPR pass (perform const folding).
Optimizing module tv80_mcode_gold.

3.19.18. Rerunning OPT passes. (Maybe there is more to do..)

3.19.19. Executing OPT_MUXTREE pass (detect dead branches in mux trees).
Running muxtree optimizer on module \tv80_mcode_gold..
  Creating internal representation of mux trees.
  Evaluating internal representation of mux trees.
  Analyzing evaluation results.
Removed 0 multiplexer ports.
<suppressed ~758 debug messages>

3.19.20. Executing OPT_REDUCE pass (consolidate $*mux and $reduce_* inputs).
  Optimizing cells in module \tv80_mcode_gold.
Performed a total of 0 changes.

3.19.21. Executing OPT_MERGE pass (detect identical cells).
Finding identical cells in module `\tv80_mcode_gold'.
Computing hashes of 727 cells of `\tv80_mcode_gold'.
Finding duplicate cells in `\tv80_mcode_gold'.
Removed a total of 0 cells.

3.19.22. Executing OPT_SHARE pass.

3.19.23. Executing OPT_DFF pass (perform DFF optimizations).

3.19.24. Executing OPT_CLEAN pass (remove unused cells and wires).
Finding unused cells or wires in module \tv80_mcode_gold..

3.19.25. Executing OPT_EXPR pass (perform const folding).
Optimizing module tv80_mcode_gold.

3.19.26. Finished fast OPT passes. (There is nothing left to do.)

3.20. Executing TECHMAP pass (map to technology primitives).

3.20.1. Executing Verilog-2005 frontend: /home/toshn/tools/oss-cad-suite/lib/../share/yosys/techmap.v
Parsing Verilog input from `/home/toshn/tools/oss-cad-suite/lib/../share/yosys/techmap.v' to AST representation.
Generating RTLIL representation for module `\_90_simplemap_bool_ops'.
Generating RTLIL representation for module `\_90_simplemap_reduce_ops'.
Generating RTLIL representation for module `\_90_simplemap_logic_ops'.
Generating RTLIL representation for module `\_90_simplemap_compare_ops'.
Generating RTLIL representation for module `\_90_simplemap_various'.
Generating RTLIL representation for module `\_90_simplemap_registers'.
Generating RTLIL representation for module `\_90_shift_ops_shr_shl_sshl_sshr'.
Generating RTLIL representation for module `\_90_shift_shiftx'.
Generating RTLIL representation for module `\_90_fa'.
Generating RTLIL representation for module `\_90_lcu_brent_kung'.
Generating RTLIL representation for module `\_90_alu'.
Generating RTLIL representation for module `\_90_macc'.
Generating RTLIL representation for module `\_90_alumacc'.
Generating RTLIL representation for module `$__div_mod_u'.
Generating RTLIL representation for module `$__div_mod_trunc'.
Generating RTLIL representation for module `\_90_div'.
Generating RTLIL representation for module `\_90_mod'.
Generating RTLIL representation for module `$__div_mod_floor'.
Generating RTLIL representation for module `\_90_divfloor'.
Generating RTLIL representation for module `\_90_modfloor'.
Generating RTLIL representation for module `\_90_pow'.
Generating RTLIL representation for module `\_90_demux'.
Generating RTLIL representation for module `\_90_lut'.
Generating RTLIL representation for module `$connect'.
Generating RTLIL representation for module `$input_port'.
Successfully finished Verilog frontend.

3.20.2. Continuing TECHMAP pass.
Using extmapper simplemap for cells of type $reduce_or.
Using extmapper simplemap for cells of type $mux.
Using extmapper simplemap for cells of type $eq.
Using extmapper simplemap for cells of type $not.
Using extmapper simplemap for cells of type $ne.
Using extmapper simplemap for cells of type $logic_or.
Using extmapper simplemap for cells of type $or.
Using extmapper simplemap for cells of type $pmux.
Using extmapper simplemap for cells of type $and.
Using extmapper simplemap for cells of type $logic_not.
No more expansions possible.
<suppressed ~804 debug messages>

3.21. Executing OPT pass (performing simple optimizations).

3.21.1. Executing OPT_EXPR pass (perform const folding).
Optimizing module tv80_mcode_gold.
<suppressed ~2512 debug messages>

3.21.2. Executing OPT_MERGE pass (detect identical cells).
Finding identical cells in module `\tv80_mcode_gold'.
Computing hashes of 7014 cells of `\tv80_mcode_gold'.
Finding duplicate cells in `\tv80_mcode_gold'.
Computing hashes of 4680 cells of `\tv80_mcode_gold'.
Finding duplicate cells in `\tv80_mcode_gold'.
Computing hashes of 3523 cells of `\tv80_mcode_gold'.
Finding duplicate cells in `\tv80_mcode_gold'.
Computing hashes of 2957 cells of `\tv80_mcode_gold'.
Finding duplicate cells in `\tv80_mcode_gold'.
Computing hashes of 2926 cells of `\tv80_mcode_gold'.
Finding duplicate cells in `\tv80_mcode_gold'.
Computing hashes of 2919 cells of `\tv80_mcode_gold'.
Finding duplicate cells in `\tv80_mcode_gold'.
Computing hashes of 2918 cells of `\tv80_mcode_gold'.
Finding duplicate cells in `\tv80_mcode_gold'.
<suppressed ~12288 debug messages>
Removed a total of 4096 cells.

3.21.3. Executing OPT_DFF pass (perform DFF optimizations).

3.21.4. Executing OPT_CLEAN pass (remove unused cells and wires).
Finding unused cells or wires in module \tv80_mcode_gold..
Removed 0 unused cells and 2672 unused wires.
<suppressed ~1 debug messages>

3.21.5. Finished fast OPT passes.

3.22. Executing ABC pass (technology mapping using ABC).

3.22.1. Extracting gate netlist of module `\tv80_mcode_gold' to `<abc-temp-dir>/input.blif'..

3.22.1.1. Executed ABC.
Extracted 2918 gates and 2943 wires to a netlist network with 23 inputs and 68 outputs.
Running ABC script: <abc-temp-dir>/abc.script
ABC: UC Berkeley, ABC 1.01 (compiled Jul 25 2026 03:54:11)
ABC: abc 01> empty
ABC: abc 01> source <abc-temp-dir>/abc.script
ABC: + read_blif <abc-temp-dir>/input.blif 
ABC: + read_library <abc-temp-dir>/stdcells.genlib 
ABC: + strash 
ABC: + &get -n 
ABC: + &fraig -x 
ABC: + &put 
ABC: + scorr 
ABC: Warning: The network is combinational (run "fraig" or "fraig_sweep").
ABC: + dc2 
ABC: + dretime 
ABC: + strash 
ABC: + &get -n 
ABC: + &dch -f 
ABC: + &nf 
ABC: + &put 
ABC: + write_blif <abc-temp-dir>/output.blif 
ABC: 
ABC: YOSYS_ABC_DONE 

3.22.1.2. Re-integrating ABC results.
ABC RESULTS:               AND cells:      505
ABC RESULTS:            ANDNOT cells:      106
ABC RESULTS:               MUX cells:       15
ABC RESULTS:              NAND cells:      395
ABC RESULTS:               NOR cells:       38
ABC RESULTS:               NOT cells:       12
ABC RESULTS:                OR cells:       83
ABC RESULTS:             ORNOT cells:       66
ABC RESULTS:              XNOR cells:        1
ABC RESULTS:        internal signals:     2852
ABC RESULTS:           input signals:       23
ABC RESULTS:          output signals:       68
Removing temp directory.
Removing global temp directory.

3.23. Executing OPT pass (performing simple optimizations).

3.23.1. Executing OPT_EXPR pass (perform const folding).
Optimizing module tv80_mcode_gold.
<suppressed ~2 debug messages>

3.23.2. Executing OPT_MERGE pass (detect identical cells).
Finding identical cells in module `\tv80_mcode_gold'.
Computing hashes of 1221 cells of `\tv80_mcode_gold'.
Finding duplicate cells in `\tv80_mcode_gold'.
Removed a total of 0 cells.

3.23.3. Executing OPT_DFF pass (perform DFF optimizations).

3.23.4. Executing OPT_CLEAN pass (remove unused cells and wires).
Finding unused cells or wires in module \tv80_mcode_gold..
Removed 0 unused cells and 1671 unused wires.
<suppressed ~1 debug messages>

3.23.5. Finished fast OPT passes.

3.24. Executing HIERARCHY pass (managing design hierarchy).
Attribute `top' found on module `tv80_mcode_gold'. Setting top module to tv80_mcode_gold.

3.24.1. Analyzing design hierarchy..
Top module:  \tv80_mcode_gold

3.24.2. Analyzing design hierarchy..
Top module:  \tv80_mcode_gold
Removed 0 unused modules.

3.25. Printing statistics.

=== tv80_mcode_gold ===

        +----------Local Count, excluding submodules.
        | 
     1214 wires
     1289 wire bits
       61 public wires
      136 public wire bits
       52 ports
       95 port bits
     1221 cells
      106   $_ANDNOT_
      505   $_AND_
       15   $_MUX_
      395   $_NAND_
       38   $_NOR_
       12   $_NOT_
       66   $_ORNOT_
       83   $_OR_
        1   $_XNOR_

3.26. Executing CHECK pass (checking for obvious problems).
Checking module tv80_mcode_gold...
Found and reported 0 problems.

4. Printing statistics.

=== tv80_mcode_gold ===

        +----------Local Count, excluding submodules.
        | 
     1214 wires
     1289 wire bits
       61 public wires
      136 public wire bits
       52 ports
       95 port bits
     1221 cells
      106   $_ANDNOT_
      505   $_AND_
       15   $_MUX_
      395   $_NAND_
       38   $_NOR_
       12   $_NOT_
       66   $_ORNOT_
       83   $_OR_
        1   $_XNOR_

Warnings: 1 unique messages, 1 total
End of script. Logfile hash: ae2d498615, time: 2.17s, user: 1.79s, system: 0.11s, MEM: 63.65 MB peak
Yosys 0.67+94 (git sha1 7defa5186-dirty, Release, Clang /usr/bin/clang++ 18.1.8)
Time spent: 27% 1x proc_mux (0 sec), 19% 18x opt_expr (0 sec), ...
